time,temperature_2m,cloud_cover,relative_humidity_2m,wind_speed_10m,precipitation,snowfall,shortwave_radiation_instant
2024-01-01 00:00:00,5.0,100,92,8.4,0.0,0.0,0.0
2024-01-01 01:00:00,5.0,100,93,9.2,0.0,0.0,0.0
2024-01-01 02:00:00,4.4,100,95,9.7,0.0,0.0,0.0
2024-01-01 03:00:00,4.2,100,96,10.2,0.0,0.0,0.0
2024-01-01 04:00:00,5.1,100,95,13.8,0.0,0.0,0.0
2024-01-01 05:00:00,5.4,100,96,12.5,0.0,0.0,0.0
2024-01-01 06:00:00,4.9,100,98,9.7,0.1,0.0,0.0
2024-01-01 07:00:00,4.5,100,97,11.5,0.2,0.0,0.0
2024-01-01 08:00:00,4.2,100,95,14.6,0.5,0.0,0.0
2024-01-01 09:00:00,3.9,100,91,17.6,0.7,0.0,0.0
2024-01-01 10:00:00,3.1,100,94,19.5,0.6,0.0,16.9
2024-01-01 11:00:00,1.6,100,100,17.9,1.7,0.42,8.5
2024-01-01 12:00:00,1.5,100,100,17.0,1.5,0.42,27.2
2024-01-01 13:00:00,2.0,100,98,15.0,0.8,0.0,42.4
2024-01-01 14:00:00,3.2,100,94,14.2,0.5,0.0,49.6
2024-01-01 15:00:00,3.8,100,94,16.1,0.2,0.0,49.6
2024-01-01 16:00:00,4.5,100,92,17.4,0.1,0.0,22.2
2024-01-01 17:00:00,4.3,16,92,16.8,0.0,0.0,0.0
2024-01-01 18:00:00,3.5,15,91,16.1,0.0,0.0,0.0
2024-01-01 19:00:00,2.8,65,93,13.4,0.0,0.0,0.0
2024-01-01 20:00:00,2.8,41,91,14.0,0.0,0.0,0.0
2024-01-01 21:00:00,2.2,27,91,14.5,0.0,0.0,0.0
2024-01-01 22:00:00,1.9,9,91,15.0,0.0,0.0,0.0
2024-01-01 23:00:00,1.5,2,90,15.6,0.0,0.0,0.0
2024-01-02 00:00:00,1.2,32,90,15.5,0.0,0.0,0.0
2024-01-02 01:00:00,1.1,93,90,15.2,0.0,0.0,0.0
2024-01-02 02:00:00,1.7,100,89,16.0,0.0,0.0,0.0
2024-01-02 03:00:00,1.6,78,90,14.5,0.0,0.0,0.0
2024-01-02 04:00:00,1.6,86,91,14.5,0.0,0.0,0.0
2024-01-02 05:00:00,1.9,83,92,14.3,0.0,0.0,0.0
2024-01-02 06:00:00,1.4,76,94,12.2,1.4,0.77,0.0
2024-01-02 07:00:00,1.2,26,94,12.2,0.1,0.0,0.0
2024-01-02 08:00:00,1.0,100,93,13.3,0.0,0.0,0.0
2024-01-02 09:00:00,0.9,100,93,14.0,0.0,0.0,12.3
2024-01-02 10:00:00,1.5,100,92,14.6,0.0,0.0,70.9
2024-01-02 11:00:00,2.7,100,88,17.2,0.0,0.0,122.1
2024-01-02 12:00:00,3.7,100,86,14.2,0.0,0.0,148.0
2024-01-02 13:00:00,4.5,100,83,12.1,0.0,0.0,146.3
2024-01-02 14:00:00,4.9,100,82,11.4,0.0,0.0,117.2
2024-01-02 15:00:00,5.8,100,74,20.5,0.1,0.0,76.7
2024-01-02 16:00:00,5.2,100,78,17.9,0.4,0.0,25.7
2024-01-02 17:00:00,4.4,100,85,18.5,0.3,0.0,0.0
2024-01-02 18:00:00,4.2,100,87,18.2,0.3,0.0,0.0
2024-01-02 19:00:00,4.2,100,87,17.4,0.2,0.0,0.0
2024-01-02 20:00:00,4.4,100,88,20.1,0.1,0.0,0.0
2024-01-02 21:00:00,4.4,100,88,21.7,0.3,0.0,0.0
2024-01-02 22:00:00,4.4,100,88,23.0,0.2,0.0,0.0
2024-01-02 23:00:00,4.3,100,90,22.2,0.2,0.0,0.0
2024-01-03 00:00:00,4.5,100,90,25.3,0.4,0.0,0.0
2024-01-03 01:00:00,4.8,100,90,25.8,0.9,0.0,0.0
2024-01-03 02:00:00,4.8,100,90,25.0,0.7,0.0,0.0
2024-01-03 03:00:00,5.3,100,90,25.2,0.7,0.0,0.0
2024-01-03 04:00:00,5.7,100,91,26.0,0.9,0.0,0.0
2024-01-03 05:00:00,5.9,100,91,26.8,1.1,0.0,0.0
2024-01-03 06:00:00,6.2,100,91,28.5,0.8,0.0,0.0
2024-01-03 07:00:00,6.5,100,91,26.9,0.7,0.0,0.0
2024-01-03 08:00:00,6.8,98,90,30.1,0.1,0.0,0.0
2024-01-03 09:00:00,6.9,92,89,26.4,0.1,0.0,0.0
2024-01-03 10:00:00,7.6,94,86,26.0,0.0,0.0,52.3
2024-01-03 11:00:00,8.2,91,84,26.4,0.0,0.0,118.4
2024-01-03 12:00:00,9.1,99,78,28.4,0.0,0.0,163.3
2024-01-03 13:00:00,9.8,66,73,25.4,0.0,0.0,204.0
2024-01-03 14:00:00,9.3,100,75,27.6,0.1,0.0,157.6
2024-01-03 15:00:00,9.8,29,73,25.5,0.0,0.0,112.3
2024-01-03 16:00:00,9.2,55,72,23.3,0.0,0.0,68.0
2024-01-03 17:00:00,8.2,97,74,25.8,0.0,0.0,0.0
2024-01-03 18:00:00,7.7,96,79,24.6,0.2,0.0,0.0
2024-01-03 19:00:00,7.5,100,80,24.7,0.1,0.0,0.0
2024-01-03 20:00:00,6.9,100,86,21.5,0.4,0.0,0.0
2024-01-03 21:00:00,7.3,33,83,26.8,0.0,0.0,0.0
2024-01-03 22:00:00,6.5,36,84,24.8,0.0,0.0,0.0
2024-01-03 23:00:00,6.4,96,83,24.5,0.0,0.0,0.0
2024-01-04 00:00:00,6.6,93,83,24.0,0.0,0.0,0.0
2024-01-04 01:00:00,6.3,99,83,27.4,0.0,0.0,0.0
2024-01-04 02:00:00,5.0,100,88,19.9,0.2,0.0,0.0
2024-01-04 03:00:00,6.8,100,79,21.8,0.1,0.0,0.0
2024-01-04 04:00:00,6.3,100,85,24.2,0.4,0.0,0.0
2024-01-04 05:00:00,6.1,100,90,20.7,0.6,0.0,0.0
2024-01-04 06:00:00,6.6,100,89,28.2,1.2,0.0,0.0
2024-01-04 07:00:00,6.5,100,89,27.6,1.0,0.0,0.0
2024-01-04 08:00:00,6.2,100,89,21.3,0.7,0.0,0.0
2024-01-04 09:00:00,5.8,100,91,22.5,0.1,0.0,0.0
2024-01-04 10:00:00,6.3,98,88,22.5,0.0,0.0,33.7
2024-01-04 11:00:00,7.0,67,84,24.0,0.0,0.0,112.3
2024-01-04 12:00:00,7.4,100,79,30.0,0.9,0.0,176.4
2024-01-04 13:00:00,6.1,100,89,26.1,0.4,0.0,70.7
2024-01-04 14:00:00,5.8,100,90,20.9,0.8,0.0,59.2
2024-01-04 15:00:00,6.7,100,86,21.9,0.2,0.0,97.4
2024-01-04 16:00:00,6.8,100,83,23.5,0.0,0.0,39.2
2024-01-04 17:00:00,6.4,100,81,24.7,0.4,0.0,0.0
2024-01-04 18:00:00,5.4,100,87,22.0,0.4,0.0,0.0
2024-01-04 19:00:00,5.0,100,91,21.8,0.4,0.0,0.0
2024-01-04 20:00:00,4.5,100,91,25.8,1.0,0.0,0.0
2024-01-04 21:00:00,3.6,100,86,30.2,0.6,0.0,0.0
2024-01-04 22:00:00,2.7,90,86,28.1,0.0,0.0,0.0
2024-01-04 23:00:00,1.9,96,87,25.8,0.0,0.0,0.0
2024-01-05 00:00:00,1.3,98,89,23.0,0.0,0.0,0.0
2024-01-05 01:00:00,1.0,87,89,20.3,0.0,0.0,0.0
2024-01-05 02:00:00,0.4,100,86,19.4,0.0,0.0,0.0
2024-01-05 03:00:00,0.7,100,77,16.1,0.0,0.0,0.0
2024-01-05 04:00:00,0.1,100,78,13.1,0.0,0.0,0.0
2024-01-05 05:00:00,0.1,100,77,11.9,0.0,0.0,0.0
2024-01-05 06:00:00,-0.2,100,78,11.4,0.0,0.0,0.0
2024-01-05 07:00:00,-0.4,100,78,7.1,0.0,0.0,0.0
2024-01-05 08:00:00,-0.3,100,77,2.7,0.0,0.0,0.0
2024-01-05 09:00:00,-0.2,100,76,2.9,0.0,0.0,0.0
2024-01-05 10:00:00,0.3,100,75,4.7,0.0,0.0,28.5
2024-01-05 11:00:00,0.9,100,74,8.7,0.0,0.0,52.5
2024-01-05 12:00:00,2.1,50,74,9.4,0.0,0.0,122.0
2024-01-05 13:00:00,3.6,100,73,9.2,0.0,0.0,252.7
2024-01-05 14:00:00,4.7,100,74,10.3,0.0,0.0,216.2
2024-01-05 15:00:00,4.3,100,81,9.8,0.0,0.0,67.9
2024-01-05 16:00:00,4.2,64,85,8.1,0.0,0.0,67.9
2024-01-05 17:00:00,2.4,100,92,9.0,0.0,0.0,0.0
2024-01-05 18:00:00,1.9,100,93,11.0,0.0,0.0,0.0
2024-01-05 19:00:00,1.5,100,93,12.6,0.0,0.0,0.0
2024-01-05 20:00:00,1.6,100,91,14.3,0.0,0.0,0.0
2024-01-05 21:00:00,1.4,64,91,13.8,0.0,0.0,0.0
2024-01-05 22:00:00,0.4,91,93,12.0,0.0,0.0,0.0
2024-01-05 23:00:00,0.2,100,94,11.2,0.0,0.0,0.0
2024-01-06 00:00:00,0.4,97,93,9.9,0.0,0.0,0.0
2024-01-06 01:00:00,1.3,100,90,8.9,0.0,0.0,0.0
2024-01-06 02:00:00,1.8,100,88,8.9,0.0,0.0,0.0
2024-01-06 03:00:00,1.7,100,91,6.0,0.0,0.0,0.0
2024-01-06 04:00:00,2.2,100,89,7.2,0.0,0.0,0.0
2024-01-06 05:00:00,2.0,100,91,5.9,0.0,0.0,0.0
2024-01-06 06:00:00,2.2,100,90,5.5,0.0,0.0,0.0
2024-01-06 07:00:00,2.0,100,92,6.1,0.1,0.0,0.0
2024-01-06 08:00:00,2.4,100,91,7.8,0.2,0.0,0.0
2024-01-06 09:00:00,2.5,100,94,7.2,0.2,0.0,0.0
2024-01-06 10:00:00,3.1,100,93,8.1,0.3,0.0,20.1
2024-01-06 11:00:00,4.0,100,95,7.5,0.3,0.0,76.9
2024-01-06 12:00:00,4.0,100,94,8.8,0.4,0.0,33.8
2024-01-06 13:00:00,3.9,100,95,10.0,0.4,0.0,42.5
2024-01-06 14:00:00,3.4,100,96,12.0,0.4,0.0,29.2
2024-01-06 15:00:00,3.2,100,96,10.9,0.4,0.0,23.8
2024-01-06 16:00:00,3.0,100,95,11.8,0.3,0.0,18.6
2024-01-06 17:00:00,2.3,100,95,17.7,0.6,0.0,0.0
2024-01-06 18:00:00,1.7,100,95,16.4,0.6,0.0,0.0
2024-01-06 19:00:00,1.0,100,97,15.1,0.6,0.21,0.0
2024-01-06 20:00:00,0.6,100,95,18.0,0.7,0.49,0.0
2024-01-06 21:00:00,0.1,100,95,17.7,0.7,0.49,0.0
2024-01-06 22:00:00,-0.4,100,94,18.9,0.8,0.56,0.0
2024-01-06 23:00:00,-0.9,100,93,20.2,1.1,0.77,0.0
2024-01-07 00:00:00,-1.2,100,92,20.7,1.0,0.7,0.0
2024-01-07 01:00:00,-1.8,100,93,20.4,0.9,0.63,0.0
2024-01-07 02:00:00,-2.3,100,91,20.4,0.7,0.49,0.0
2024-01-07 03:00:00,-3.3,100,86,22.1,0.8,0.56,0.0
2024-01-07 04:00:00,-3.5,100,86,21.4,0.7,0.49,0.0
2024-01-07 05:00:00,-3.6,100,85,22.7,0.5,0.35,0.0
2024-01-07 06:00:00,-3.9,100,84,23.3,0.3,0.21,0.0
2024-01-07 07:00:00,-4.1,100,83,23.2,0.3,0.21,0.0
2024-01-07 08:00:00,-4.3,100,83,23.2,0.2,0.14,0.0
2024-01-07 09:00:00,-4.6,100,83,23.1,0.4,0.21,0.0
2024-01-07 10:00:00,-5.1,100,86,22.4,0.5,0.35,13.3
2024-01-07 11:00:00,-5.3,100,85,22.6,0.4,0.28,32.9
2024-01-07 12:00:00,-5.4,100,84,22.0,0.2,0.14,56.6
2024-01-07 13:00:00,-5.4,100,83,21.6,0.2,0.14,65.8
2024-01-07 14:00:00,-5.6,100,83,21.9,0.2,0.14,45.2
2024-01-07 15:00:00,-6.2,100,82,21.5,0.1,0.07,52.0
2024-01-07 16:00:00,-6.2,100,82,23.3,0.1,0.07,20.8
2024-01-07 17:00:00,-6.2,100,83,23.2,0.1,0.07,0.0
2024-01-07 18:00:00,-6.1,100,83,22.7,0.1,0.07,0.0
2024-01-07 19:00:00,-6.1,100,83,21.1,0.1,0.07,0.0
2024-01-07 20:00:00,-6.1,100,83,21.4,0.1,0.07,0.0
2024-01-07 21:00:00,-6.3,100,83,20.5,0.1,0.07,0.0
2024-01-07 22:00:00,-6.6,100,83,20.5,0.1,0.07,0.0
2024-01-07 23:00:00,-7.1,100,82,21.3,0.2,0.14,0.0
2024-01-08 00:00:00,-7.7,100,81,21.1,0.1,0.07,0.0
2024-01-08 01:00:00,-8.2,100,79,20.9,0.1,0.07,0.0
2024-01-08 02:00:00,-8.4,100,79,19.6,0.1,0.07,0.0
2024-01-08 03:00:00,-8.6,100,71,19.6,0.1,0.07,0.0
2024-01-08 04:00:00,-8.4,100,69,19.7,0.1,0.07,0.0
2024-01-08 05:00:00,-8.3,100,67,19.5,0.1,0.07,0.0
2024-01-08 06:00:00,-8.3,100,64,19.8,0.0,0.0,0.0
2024-01-08 07:00:00,-8.6,98,63,18.9,0.0,0.0,0.0
2024-01-08 08:00:00,-9.0,28,62,18.5,0.0,0.0,0.0
2024-01-08 09:00:00,-9.2,68,64,18.4,0.0,0.0,10.7
2024-01-08 10:00:00,-8.6,80,59,18.1,0.0,0.0,94.7
2024-01-08 11:00:00,-7.8,84,56,19.1,0.0,0.0,187.7
2024-01-08 12:00:00,-7.1,92,53,18.6,0.0,0.0,251.6
2024-01-08 13:00:00,-6.5,15,51,18.4,0.0,0.0,271.2
2024-01-08 14:00:00,-6.2,0,49,18.4,0.0,0.0,256.5
2024-01-08 15:00:00,-9.9,100,79,16.4,0.0,0.0,141.0
2024-01-08 16:00:00,-9.7,97,79,16.0,0.0,0.0,63.7
2024-01-08 17:00:00,-9.8,10,78,12.0,0.0,0.0,0.0
2024-01-08 18:00:00,-10.5,4,78,12.5,0.0,0.0,0.0
2024-01-08 19:00:00,-11.0,1,78,13.0,0.0,0.0,0.0
2024-01-08 20:00:00,-11.3,0,78,12.6,0.0,0.0,0.0
2024-01-08 21:00:00,-11.8,0,79,13.0,0.0,0.0,0.0
2024-01-08 22:00:00,-12.2,0,79,12.3,0.0,0.0,0.0
2024-01-08 23:00:00,-12.6,0,79,11.9,0.0,0.0,0.0
2024-01-09 00:00:00,-13.0,0,79,10.5,0.0,0.0,0.0
2024-01-09 01:00:00,-13.5,0,80,11.7,0.0,0.0,0.0
2024-01-09 02:00:00,-13.9,0,80,12.7,0.0,0.0,0.0
2024-01-09 03:00:00,-15.1,65,83,11.2,0.0,0.0,0.0
2024-01-09 04:00:00,-15.4,100,83,10.4,0.0,0.0,0.0
2024-01-09 05:00:00,-15.7,100,82,9.3,0.0,0.0,0.0
2024-01-09 06:00:00,-15.5,100,82,8.6,0.0,0.0,0.0
2024-01-09 07:00:00,-15.3,35,82,10.1,0.0,0.0,0.0
2024-01-09 08:00:00,-15.7,0,82,11.5,0.0,0.0,0.0
2024-01-09 09:00:00,-15.7,0,81,12.5,0.0,0.0,10.3
2024-01-09 10:00:00,-14.9,0,79,13.9,0.0,0.0,109.2
2024-01-09 11:00:00,-13.9,0,76,11.6,0.0,0.0,215.6
2024-01-09 12:00:00,-12.5,0,72,9.8,0.0,0.0,285.4
2024-01-09 13:00:00,-11.1,0,69,9.2,0.0,0.0,307.8
2024-01-09 14:00:00,-10.1,0,67,10.6,0.0,0.0,279.4
2024-01-09 15:00:00,-11.4,0,76,14.2,0.0,0.0,206.4
2024-01-09 16:00:00,-11.8,0,77,13.4,0.0,0.0,99.1
2024-01-09 17:00:00,-12.9,0,79,10.5,0.0,0.0,0.0
2024-01-09 18:00:00,-13.8,0,79,10.2,0.0,0.0,0.0
2024-01-09 19:00:00,-14.2,0,79,9.3,0.0,0.0,0.0
2024-01-09 20:00:00,-14.9,0,79,7.2,0.0,0.0,0.0
2024-01-09 21:00:00,-15.6,0,78,9.4,0.0,0.0,0.0
2024-01-09 22:00:00,-16.3,0,81,8.9,0.0,0.0,0.0
2024-01-09 23:00:00,-16.5,0,83,8.4,0.0,0.0,0.0
2024-01-10 00:00:00,-17.3,0,85,9.3,0.0,0.0,0.0
2024-01-10 01:00:00,-17.9,5,87,9.9,0.0,0.0,0.0
2024-01-10 02:00:00,-18.2,40,87,9.8,0.0,0.0,0.0
2024-01-10 03:00:00,-16.7,94,86,6.9,0.0,0.0,0.0
2024-01-10 04:00:00,-16.4,100,86,6.1,0.0,0.0,0.0
2024-01-10 05:00:00,-15.9,100,87,6.7,0.0,0.0,0.0
2024-01-10 06:00:00,-15.9,100,86,5.7,0.0,0.0,0.0
2024-01-10 07:00:00,-16.0,98,87,4.5,0.0,0.0,0.0
2024-01-10 08:00:00,-15.6,98,87,4.0,0.0,0.0,0.0
2024-01-10 09:00:00,-15.5,97,88,4.0,0.0,0.0,9.8
2024-01-10 10:00:00,-15.1,72,86,5.1,0.0,0.0,95.5
2024-01-10 11:00:00,-13.9,47,84,5.4,0.0,0.0,198.3
2024-01-10 12:00:00,-12.2,33,80,5.5,0.0,0.0,278.9
2024-01-10 13:00:00,-10.3,14,75,5.2,0.0,0.0,302.8
2024-01-10 14:00:00,-9.1,23,75,2.3,0.0,0.0,274.0
2024-01-10 15:00:00,-9.8,24,82,2.6,0.0,0.0,200.8
2024-01-10 16:00:00,-10.4,1,82,6.6,0.0,0.0,97.2
2024-01-10 17:00:00,-10.3,0,76,6.6,0.0,0.0,0.0
2024-01-10 18:00:00,-11.3,0,77,8.0,0.0,0.0,0.0
2024-01-10 19:00:00,-12.3,0,78,10.1,0.0,0.0,0.0
2024-01-10 20:00:00,-11.7,0,76,9.1,0.0,0.0,0.0
2024-01-10 21:00:00,-10.1,0,75,9.6,0.0,0.0,0.0
2024-01-10 22:00:00,-10.3,0,77,9.8,0.0,0.0,0.0
2024-01-10 23:00:00,-10.6,0,78,9.9,0.0,0.0,0.0
2024-01-11 00:00:00,-10.0,0,79,9.1,0.0,0.0,0.0
2024-01-11 01:00:00,-10.2,0,80,8.5,0.0,0.0,0.0
2024-01-11 02:00:00,-11.4,0,81,8.3,0.0,0.0,0.0
2024-01-11 03:00:00,-10.9,0,79,9.9,0.0,0.0,0.0
2024-01-11 04:00:00,-10.4,0,78,10.4,0.0,0.0,0.0
2024-01-11 05:00:00,-10.5,0,78,10.1,0.0,0.0,0.0
2024-01-11 06:00:00,-10.4,0,78,12.6,0.0,0.0,0.0
2024-01-11 07:00:00,-10.0,2,77,12.6,0.0,0.0,0.0
2024-01-11 08:00:00,-10.1,52,77,13.3,0.0,0.0,0.0
2024-01-11 09:00:00,-9.7,28,77,14.6,0.0,0.0,9.4
2024-01-11 10:00:00,-8.7,100,75,15.2,0.0,0.0,104.8
2024-01-11 11:00:00,-7.0,100,74,16.9,0.0,0.0,137.4
2024-01-11 12:00:00,-5.6,100,78,19.2,0.0,0.0,171.0
2024-01-11 13:00:00,-4.7,100,72,16.1,0.0,0.0,200.6
2024-01-11 14:00:00,-3.9,100,76,13.6,0.0,0.0,190.1
2024-01-11 15:00:00,-3.5,100,78,14.8,0.0,0.0,135.0
2024-01-11 16:00:00,-3.2,100,86,18.5,0.0,0.0,47.3
2024-01-11 17:00:00,-3.5,100,91,17.9,0.5,0.35,0.0
2024-01-11 18:00:00,-3.7,100,91,17.2,0.5,0.35,0.0
2024-01-11 19:00:00,-3.6,100,93,18.7,0.0,0.0,0.0
2024-01-11 20:00:00,-3.6,100,96,18.2,0.1,0.0,0.0
2024-01-11 21:00:00,-3.6,100,96,18.4,0.2,0.14,0.0
2024-01-11 22:00:00,-3.7,100,96,19.0,0.1,0.07,0.0
2024-01-11 23:00:00,-3.4,100,96,21.7,0.1,0.07,0.0
2024-01-12 00:00:00,-3.0,100,95,21.1,0.2,0.07,0.0
2024-01-12 01:00:00,-2.5,100,95,16.9,0.1,0.07,0.0
2024-01-12 02:00:00,-1.9,100,96,16.3,0.0,0.0,0.0
2024-01-12 03:00:00,-2.1,100,96,14.5,0.0,0.0,0.0
2024-01-12 04:00:00,-2.1,100,95,13.0,0.0,0.0,0.0
2024-01-12 05:00:00,-2.3,100,96,14.0,0.0,0.0,0.0
2024-01-12 06:00:00,-2.3,100,96,14.5,0.2,0.07,0.0
2024-01-12 07:00:00,-2.2,100,96,13.5,0.2,0.14,0.0
2024-01-12 08:00:00,-2.3,100,95,11.8,0.3,0.21,0.0
2024-01-12 09:00:00,-2.4,100,95,12.1,0.2,0.14,9.0
2024-01-12 10:00:00,-2.5,100,94,10.7,0.1,0.07,45.6
2024-01-12 11:00:00,-2.9,73,91,11.0,0.0,0.0,103.2
2024-01-12 12:00:00,-3.1,59,90,8.9,0.0,0.0,263.5
2024-01-12 13:00:00,-3.2,28,87,8.2,0.0,0.0,288.8
2024-01-12 14:00:00,-3.3,4,85,8.5,0.0,0.0,273.5
2024-01-12 15:00:00,-4.1,76,91,13.3,0.0,0.0,210.3
2024-01-12 16:00:00,-3.7,100,95,13.8,0.0,0.0,77.1
2024-01-12 17:00:00,-3.4,100,97,13.0,0.0,0.0,0.0
2024-01-12 18:00:00,-3.1,100,98,16.4,0.0,0.0,0.0
2024-01-12 19:00:00,-2.7,100,95,20.2,0.0,0.0,0.0
2024-01-12 20:00:00,-2.7,100,94,20.6,0.0,0.0,0.0
2024-01-12 21:00:00,-2.9,100,92,21.4,0.0,0.0,0.0
2024-01-12 22:00:00,-2.9,96,92,23.1,0.0,0.0,0.0
2024-01-12 23:00:00,-3.3,100,92,21.6,0.0,0.0,0.0
2024-01-13 00:00:00,-3.3,100,92,20.6,0.0,0.0,0.0
2024-01-13 01:00:00,-3.2,100,92,19.9,0.0,0.0,0.0
2024-01-13 02:00:00,-2.9,100,92,21.0,0.0,0.0,0.0
2024-01-13 03:00:00,-2.8,100,91,22.1,0.0,0.0,0.0
2024-01-13 04:00:00,-2.4,100,92,22.0,0.0,0.0,0.0
2024-01-13 05:00:00,-1.8,100,93,22.0,0.0,0.0,0.0
2024-01-13 06:00:00,-1.6,100,93,20.9,0.0,0.0,0.0
2024-01-13 07:00:00,-1.4,100,93,21.0,0.0,0.0,0.0
2024-01-13 08:00:00,-1.3,100,93,20.8,0.0,0.0,0.0
2024-01-13 09:00:00,-1.2,100,93,19.5,0.1,0.0,8.6
2024-01-13 10:00:00,-1.1,100,94,19.5,0.0,0.0,37.2
2024-01-13 11:00:00,-1.1,100,94,20.7,0.1,0.07,77.6
2024-01-13 12:00:00,-1.0,100,94,20.2,0.1,0.07,112.1
2024-01-13 13:00:00,-0.9,100,92,21.3,0.2,0.14,110.5
2024-01-13 14:00:00,-0.9,100,92,21.8,0.1,0.07,118.4
2024-01-13 15:00:00,-0.7,100,93,19.0,0.1,0.07,78.6
2024-01-13 16:00:00,-1.0,100,96,17.2,0.1,0.07,35.3
2024-01-13 17:00:00,-0.9,100,93,18.2,0.1,0.07,0.0
2024-01-13 18:00:00,-1.1,100,90,20.3,0.0,0.0,0.0
2024-01-13 19:00:00,-1.7,100,89,20.9,0.0,0.0,0.0
2024-01-13 20:00:00,-2.1,100,88,21.1,0.0,0.0,0.0
2024-01-13 21:00:00,-2.3,100,88,21.7,0.0,0.0,0.0
2024-01-13 22:00:00,-2.5,100,87,23.2,0.0,0.0,0.0
2024-01-13 23:00:00,-2.4,100,87,24.5,0.0,0.0,0.0
2024-01-14 00:00:00,-2.3,100,89,24.9,0.3,0.21,0.0
2024-01-14 01:00:00,-2.3,100,89,26.9,0.2,0.14,0.0
2024-01-14 02:00:00,-2.0,100,89,24.8,0.1,0.07,0.0
2024-01-14 03:00:00,-1.5,100,89,25.5,0.0,0.0,0.0
2024-01-14 04:00:00,-1.3,100,88,25.5,0.0,0.0,0.0
2024-01-14 05:00:00,-1.3,100,89,25.8,0.0,0.0,0.0
2024-01-14 06:00:00,-1.3,100,90,25.5,0.1,0.07,0.0
2024-01-14 07:00:00,-1.0,100,90,25.4,0.3,0.21,0.0
2024-01-14 08:00:00,-0.6,100,89,23.9,0.1,0.07,0.0
2024-01-14 09:00:00,-0.5,100,89,22.7,0.1,0.07,8.2
2024-01-14 10:00:00,-0.6,100,90,24.8,0.1,0.07,40.2
2024-01-14 11:00:00,-0.2,100,89,22.7,0.1,0.07,111.5
2024-01-14 12:00:00,0.0,99,90,20.9,0.1,0.07,164.4
2024-01-14 13:00:00,0.4,100,89,23.0,0.1,0.07,163.3
2024-01-14 14:00:00,0.4,92,90,23.2,0.1,0.07,120.4
2024-01-14 15:00:00,0.5,99,88,22.1,0.1,0.07,124.7
2024-01-14 16:00:00,0.5,100,87,24.7,0.1,0.07,39.8
2024-01-14 17:00:00,0.4,100,88,23.7,0.1,0.07,0.4
2024-01-14 18:00:00,0.1,100,88,22.1,0.0,0.0,0.0
2024-01-14 19:00:00,-0.3,100,87,23.1,0.0,0.0,0.0
2024-01-14 20:00:00,-0.3,100,86,24.0,0.0,0.0,0.0
2024-01-14 21:00:00,-0.6,100,88,22.9,0.0,0.0,0.0
2024-01-14 22:00:00,-0.9,99,88,23.5,0.0,0.0,0.0
2024-01-14 23:00:00,-1.5,100,88,23.7,0.0,0.0,0.0
2024-01-15 00:00:00,-1.5,79,89,24.7,0.0,0.0,0.0
2024-01-15 01:00:00,-2.5,92,89,22.9,0.0,0.0,0.0
2024-01-15 02:00:00,-2.8,96,89,22.5,0.0,0.0,0.0
2024-01-15 03:00:00,-1.9,98,86,26.3,0.0,0.0,0.0
2024-01-15 04:00:00,-1.5,100,86,26.8,0.0,0.0,0.0
2024-01-15 05:00:00,-1.6,100,86,29.4,0.1,0.07,0.0
2024-01-15 06:00:00,-2.2,46,85,28.9,0.0,0.0,0.0
2024-01-15 07:00:00,-3.1,82,85,28.8,0.0,0.0,0.0
2024-01-15 08:00:00,-2.8,91,84,29.9,0.0,0.0,0.0
2024-01-15 09:00:00,-2.7,100,85,29.2,0.0,0.0,15.5
2024-01-15 10:00:00,-2.3,85,85,26.7,0.0,0.0,65.5
2024-01-15 11:00:00,-2.2,85,85,25.9,0.0,0.0,186.3
2024-01-15 12:00:00,-1.7,100,84,25.9,0.0,0.0,234.0
2024-01-15 13:00:00,-1.2,100,83,25.3,0.0,0.0,252.6
2024-01-15 14:00:00,-0.8,100,83,26.6,0.0,0.0,176.5
2024-01-15 15:00:00,-0.6,100,83,29.0,0.0,0.0,138.0
2024-01-15 16:00:00,-0.8,100,81,28.3,0.0,0.0,62.4
2024-01-15 17:00:00,-1.5,79,80,26.9,0.0,0.0,2.6
2024-01-15 18:00:00,-2.4,39,80,25.6,0.0,0.0,0.0
2024-01-15 19:00:00,-2.5,86,80,25.7,0.0,0.0,0.0
2024-01-15 20:00:00,-2.2,99,81,26.1,0.0,0.0,0.0
2024-01-15 21:00:00,-2.3,94,81,24.5,0.0,0.0,0.0
2024-01-15 22:00:00,-3.1,99,82,21.9,0.0,0.0,0.0
2024-01-15 23:00:00,-3.2,100,83,21.1,0.0,0.0,0.0
2024-01-16 00:00:00,-2.7,100,85,21.3,0.1,0.07,0.0
2024-01-16 01:00:00,-2.3,100,85,20.7,0.1,0.07,0.0
2024-01-16 02:00:00,-2.4,100,86,20.5,0.3,0.21,0.0
2024-01-16 03:00:00,-2.5,100,87,20.1,0.4,0.28,0.0
2024-01-16 04:00:00,-2.4,100,87,22.7,0.9,0.63,0.0
2024-01-16 05:00:00,-2.3,100,87,24.5,0.8,0.56,0.0
2024-01-16 06:00:00,-2.3,100,91,18.9,0.2,0.14,0.0
2024-01-16 07:00:00,-2.4,100,92,15.4,0.4,0.28,0.0
2024-01-16 08:00:00,-2.8,93,88,15.1,0.3,0.21,0.0
2024-01-16 09:00:00,-3.1,100,89,15.0,0.3,0.21,14.7
2024-01-16 10:00:00,-2.7,100,87,18.1,0.2,0.14,38.1
2024-01-16 11:00:00,-2.4,100,85,20.3,0.3,0.21,85.8
2024-01-16 12:00:00,-2.1,100,87,18.8,0.4,0.21,153.4
2024-01-16 13:00:00,-1.6,54,86,17.7,0.1,0.07,162.3
2024-01-16 14:00:00,-1.8,99,85,15.3,0.0,0.0,247.9
2024-01-16 15:00:00,-1.8,100,88,14.5,0.0,0.0,174.8
2024-01-16 16:00:00,-2.3,98,90,13.0,0.1,0.07,62.8
2024-01-16 17:00:00,-3.7,100,91,10.1,0.0,0.0,5.0
2024-01-16 18:00:00,-5.4,100,91,9.3,0.0,0.0,0.0
2024-01-16 19:00:00,-6.1,97,90,8.4,0.0,0.0,0.0
2024-01-16 20:00:00,-6.7,99,89,8.4,0.0,0.0,0.0
2024-01-16 21:00:00,-5.8,100,89,10.8,0.0,0.0,0.0
2024-01-16 22:00:00,-4.6,100,85,13.8,0.0,0.0,0.0
2024-01-16 23:00:00,-4.5,100,84,13.8,0.0,0.0,0.0
2024-01-17 00:00:00,-4.7,27,84,12.8,0.0,0.0,0.0
2024-01-17 01:00:00,-5.6,50,84,12.7,0.0,0.0,0.0
2024-01-17 02:00:00,-5.5,17,82,14.3,0.0,0.0,0.0
2024-01-17 03:00:00,-6.0,0,81,12.5,0.0,0.0,0.0
2024-01-17 04:00:00,-7.6,8,82,9.4,0.0,0.0,0.0
2024-01-17 05:00:00,-8.9,60,83,10.2,0.0,0.0,0.0
2024-01-17 06:00:00,-9.0,85,83,10.8,0.0,0.0,0.0
2024-01-17 07:00:00,-8.3,83,82,12.1,0.0,0.0,0.0
2024-01-17 08:00:00,-7.3,100,82,13.8,0.0,0.0,0.0
2024-01-17 09:00:00,-7.3,100,82,14.1,0.0,0.0,21.0
2024-01-17 10:00:00,-7.0,100,81,14.3,0.0,0.0,110.3
2024-01-17 11:00:00,-5.8,100,80,13.6,0.0,0.0,209.9
2024-01-17 12:00:00,-4.7,91,80,13.9,0.0,0.0,286.0
2024-01-17 13:00:00,-3.9,100,80,12.7,0.0,0.0,317.6
2024-01-17 14:00:00,-3.3,96,80,11.5,0.0,0.0,250.0
2024-01-17 15:00:00,-2.7,100,77,11.2,0.0,0.0,158.6
2024-01-17 16:00:00,-2.4,100,78,10.0,0.0,0.0,78.6
2024-01-17 17:00:00,-1.9,100,81,10.0,0.0,0.0,5.0
2024-01-17 18:00:00,-1.8,100,84,10.5,0.0,0.0,0.0
2024-01-17 19:00:00,-0.9,100,84,13.2,0.0,0.0,0.0
2024-01-17 20:00:00,0.1,100,88,13.0,0.2,0.14,0.0
2024-01-17 21:00:00,1.4,100,89,14.5,0.2,0.0,0.0
2024-01-17 22:00:00,2.2,100,88,19.4,0.1,0.0,0.0
2024-01-17 23:00:00,2.2,100,88,16.4,0.2,0.0,0.0
2024-01-18 00:00:00,2.2,100,89,11.6,0.0,0.0,0.0
2024-01-18 01:00:00,2.8,100,87,16.0,0.0,0.0,0.0
2024-01-18 02:00:00,3.6,100,86,27.9,0.0,0.0,0.0
2024-01-18 03:00:00,4.3,100,86,34.4,0.0,0.0,0.0
2024-01-18 04:00:00,3.8,99,87,30.4,0.0,0.0,0.0
2024-01-18 05:00:00,3.7,100,89,27.3,0.1,0.0,0.0
2024-01-18 06:00:00,3.6,100,91,25.7,0.2,0.0,0.0
2024-01-18 07:00:00,3.5,100,92,20.2,0.4,0.0,0.0
2024-01-18 08:00:00,3.1,100,93,17.9,0.6,0.0,0.0
2024-01-18 09:00:00,2.8,100,94,19.0,0.4,0.0,6.6
2024-01-18 10:00:00,2.2,100,95,17.3,0.0,0.0,39.1
2024-01-18 11:00:00,1.3,100,98,9.8,0.0,0.0,79.5
2024-01-18 12:00:00,1.0,100,98,11.1,0.1,0.0,94.6
2024-01-18 13:00:00,0.6,100,97,9.7,0.1,0.0,79.2
2024-01-18 14:00:00,0.4,100,97,10.0,0.0,0.0,97.0
2024-01-18 15:00:00,0.5,100,98,7.1,0.0,0.0,48.9
2024-01-18 16:00:00,0.4,100,98,3.1,0.2,0.0,26.4
2024-01-18 17:00:00,0.3,100,98,6.8,0.5,0.0,1.6
2024-01-18 18:00:00,0.3,100,97,10.1,0.3,0.21,0.0
2024-01-18 19:00:00,-0.2,100,97,15.8,0.6,0.42,0.0
2024-01-18 20:00:00,-0.8,100,96,18.1,1.1,0.77,0.0
2024-01-18 21:00:00,-1.5,100,93,18.0,1.0,0.7,0.0
2024-01-18 22:00:00,-1.7,100,93,15.4,0.6,0.42,0.0
2024-01-18 23:00:00,-1.7,100,94,14.9,0.5,0.35,0.0
2024-01-19 00:00:00,-2.0,100,94,15.3,0.3,0.21,0.0
2024-01-19 01:00:00,-2.2,100,94,15.5,0.1,0.07,0.0
2024-01-19 02:00:00,-2.3,100,95,12.7,0.0,0.07,0.0
2024-01-19 03:00:00,-2.7,100,94,14.8,0.0,0.0,0.0
2024-01-19 04:00:00,-3.5,100,95,16.8,0.0,0.0,0.0
2024-01-19 05:00:00,-4.2,100,96,16.9,0.0,0.0,0.0
2024-01-19 06:00:00,-4.1,100,95,14.3,0.0,0.0,0.0
2024-01-19 07:00:00,-4.2,100,95,11.5,0.0,0.0,0.0
2024-01-19 08:00:00,-4.0,100,92,10.0,0.0,0.0,0.0
2024-01-19 09:00:00,-4.5,100,93,8.9,0.0,0.0,12.6
2024-01-19 10:00:00,-4.7,100,91,9.4,0.0,0.0,62.1
2024-01-19 11:00:00,-4.6,100,90,10.8,0.0,0.0,143.1
2024-01-19 12:00:00,-4.1,100,91,11.4,0.0,0.0,214.1
2024-01-19 13:00:00,-3.5,100,90,12.3,0.0,0.0,253.8
2024-01-19 14:00:00,-2.8,100,88,12.3,0.0,0.0,216.1
2024-01-19 15:00:00,-2.8,100,90,15.0,0.0,0.0,122.5
2024-01-19 16:00:00,-3.1,5,90,10.0,0.0,0.0,98.9
2024-01-19 17:00:00,-4.4,0,88,10.2,0.0,0.0,13.6
2024-01-19 18:00:00,-4.9,22,87,12.9,0.0,0.0,0.0
2024-01-19 19:00:00,-4.5,85,85,15.9,0.0,0.0,0.0
2024-01-19 20:00:00,-3.8,12,83,15.8,0.0,0.0,0.0
2024-01-19 21:00:00,-5.1,79,86,14.4,0.0,0.0,0.0
2024-01-19 22:00:00,-4.7,94,87,12.6,0.0,0.0,0.0
2024-01-19 23:00:00,-4.8,100,88,11.7,0.0,0.0,0.0
2024-01-20 00:00:00,-4.4,76,87,11.0,0.0,0.0,0.0
2024-01-20 01:00:00,-5.1,98,87,11.0,0.0,0.0,0.0
2024-01-20 02:00:00,-4.7,100,85,12.9,0.0,0.0,0.0
2024-01-20 03:00:00,-3.1,82,83,14.7,0.0,0.0,0.0
2024-01-20 04:00:00,-4.3,7,83,13.8,0.0,0.0,0.0
2024-01-20 05:00:00,-5.4,0,84,13.8,0.0,0.0,0.0
2024-01-20 06:00:00,-6.1,0,86,16.1,0.0,0.0,0.0
2024-01-20 07:00:00,-6.1,7,87,16.8,0.0,0.0,0.0
2024-01-20 08:00:00,-6.0,1,87,16.8,0.0,0.0,0.0
2024-01-20 09:00:00,-6.1,0,86,15.8,0.0,0.0,23.9
2024-01-20 10:00:00,-5.4,14,84,16.0,0.0,0.0,121.7
2024-01-20 11:00:00,-4.3,52,84,16.7,0.0,0.0,229.3
2024-01-20 12:00:00,-3.0,11,83,15.9,0.0,0.0,292.2
2024-01-20 13:00:00,-2.0,1,81,14.8,0.0,0.0,327.0
2024-01-20 14:00:00,-1.3,0,76,17.6,0.0,0.0,305.9
2024-01-20 15:00:00,-1.0,0,78,20.0,0.0,0.0,234.1
2024-01-20 16:00:00,-1.2,19,78,18.4,0.0,0.0,130.0
2024-01-20 17:00:00,-2.4,24,80,18.5,0.0,0.0,15.8
2024-01-20 18:00:00,-3.6,16,81,17.0,0.0,0.0,0.0
2024-01-20 19:00:00,-4.4,20,82,16.0,0.0,0.0,0.0
2024-01-20 20:00:00,-4.8,92,82,15.7,0.0,0.0,0.0
2024-01-20 21:00:00,-3.9,100,80,16.0,0.0,0.0,0.0
2024-01-20 22:00:00,-2.8,100,79,17.9,0.0,0.0,0.0
2024-01-20 23:00:00,-2.4,100,80,17.6,0.0,0.0,0.0
2024-01-21 00:00:00,-2.3,100,81,15.5,0.0,0.0,0.0
2024-01-21 01:00:00,-2.1,100,81,14.9,0.0,0.0,0.0
2024-01-21 02:00:00,-2.0,100,82,14.3,0.0,0.0,0.0
2024-01-21 03:00:00,-1.4,100,85,12.4,0.0,0.0,0.0
2024-01-21 04:00:00,-1.4,100,86,11.2,0.0,0.0,0.0
2024-01-21 05:00:00,-1.5,100,87,9.1,0.0,0.0,0.0
2024-01-21 06:00:00,-1.6,100,88,8.5,0.0,0.0,0.0
2024-01-21 07:00:00,-1.9,100,88,7.2,0.0,0.0,0.0
2024-01-21 08:00:00,-2.2,96,90,3.1,0.0,0.0,0.0
2024-01-21 09:00:00,-3.6,55,90,4.7,0.0,0.0,17.1
2024-01-21 10:00:00,-3.3,81,87,6.5,0.0,0.0,108.6
2024-01-21 11:00:00,-2.1,84,83,6.1,0.0,0.0,204.9
2024-01-21 12:00:00,-0.8,88,80,5.8,0.0,0.0,270.3
2024-01-21 13:00:00,0.5,3,77,4.3,0.0,0.0,299.6
2024-01-21 14:00:00,0.8,1,76,4.7,0.0,0.0,302.3
2024-01-21 15:00:00,0.6,6,77,5.7,0.0,0.0,232.0
2024-01-21 16:00:00,-1.1,54,80,8.7,0.0,0.0,130.1
2024-01-21 17:00:00,-2.8,100,82,9.4,0.0,0.0,17.9
2024-01-21 18:00:00,-2.4,100,84,9.4,0.0,0.0,0.0
2024-01-21 19:00:00,-2.6,100,84,9.6,0.0,0.0,0.0
2024-01-21 20:00:00,-1.4,100,80,12.5,0.0,0.0,0.0
2024-01-21 21:00:00,-1.3,100,76,13.5,0.0,0.0,0.0
2024-01-21 22:00:00,-1.4,100,71,14.3,0.0,0.0,0.0
2024-01-21 23:00:00,-2.1,99,70,16.5,0.0,0.0,0.0
2024-01-22 00:00:00,-1.9,97,69,19.4,0.0,0.0,0.0
2024-01-22 01:00:00,-1.8,100,68,20.2,0.0,0.0,0.0
2024-01-22 02:00:00,-1.7,100,69,21.7,0.0,0.0,0.0
2024-01-22 03:00:00,-1.0,100,68,24.9,0.0,0.0,0.0
2024-01-22 04:00:00,-1.4,51,68,23.7,0.0,0.0,0.0
2024-01-22 05:00:00,-1.9,27,68,22.4,0.0,0.0,0.0
2024-01-22 06:00:00,-2.1,36,68,21.4,0.0,0.0,0.0
2024-01-22 07:00:00,-2.0,96,66,20.9,0.0,0.0,0.0
2024-01-22 08:00:00,-1.6,100,65,20.5,0.0,0.0,0.0
2024-01-22 09:00:00,-1.2,21,64,22.2,0.0,0.0,21.6
2024-01-22 10:00:00,-0.3,36,61,23.5,0.0,0.0,124.4
2024-01-22 11:00:00,1.0,89,58,23.0,0.0,0.0,232.1
2024-01-22 12:00:00,2.2,100,56,24.1,0.0,0.0,303.8
2024-01-22 13:00:00,2.9,99,54,30.0,0.0,0.0,251.9
2024-01-22 14:00:00,3.2,98,53,29.8,0.0,0.0,279.6
2024-01-22 15:00:00,3.1,100,52,31.3,0.0,0.0,150.6
2024-01-22 16:00:00,2.7,100,54,31.1,0.0,0.0,90.3
2024-01-22 17:00:00,2.6,100,55,29.9,0.0,0.0,11.0
2024-01-22 18:00:00,2.2,100,58,28.3,0.0,0.0,0.0
2024-01-22 19:00:00,1.8,100,62,31.3,0.0,0.0,0.0
2024-01-22 20:00:00,1.8,98,62,30.1,0.0,0.0,0.0
2024-01-22 21:00:00,1.9,100,65,25.0,0.0,0.0,0.0
2024-01-22 22:00:00,2.1,100,71,26.5,0.0,0.0,0.0
2024-01-22 23:00:00,2.2,100,75,32.3,0.0,0.0,0.0
2024-01-23 00:00:00,2.0,100,79,35.9,0.4,0.0,0.0
2024-01-23 01:00:00,1.5,100,83,33.7,1.1,0.0,0.0
2024-01-23 02:00:00,0.9,100,88,32.0,0.8,0.21,0.0
2024-01-23 03:00:00,1.0,100,92,28.0,0.6,0.0,0.0
2024-01-23 04:00:00,1.0,100,91,27.6,0.2,0.0,0.0
2024-01-23 05:00:00,0.7,100,92,24.3,0.0,0.0,0.0
2024-01-23 06:00:00,0.5,100,92,23.1,0.0,0.0,0.0
2024-01-23 07:00:00,0.5,59,91,23.2,0.8,0.42,0.0
2024-01-23 08:00:00,0.3,31,92,23.5,0.0,0.0,0.0
2024-01-23 09:00:00,0.4,83,91,23.4,0.0,0.0,25.7
2024-01-23 10:00:00,1.2,94,90,25.2,0.0,0.0,81.3
2024-01-23 11:00:00,1.3,46,91,22.2,0.0,0.0,155.2
2024-01-23 12:00:00,2.3,79,88,20.2,0.0,0.0,258.1
2024-01-23 13:00:00,3.0,99,86,19.5,0.0,0.0,204.2
2024-01-23 14:00:00,3.3,100,86,17.0,0.0,0.0,147.1
2024-01-23 15:00:00,3.6,30,89,18.2,0.2,0.0,171.2
2024-01-23 16:00:00,3.7,18,85,20.3,0.0,0.0,119.7
2024-01-23 17:00:00,2.5,43,86,16.7,0.0,0.0,22.0
2024-01-23 18:00:00,1.6,100,88,16.1,0.0,0.0,0.0
2024-01-23 19:00:00,1.9,100,86,18.0,0.0,0.0,0.0
2024-01-23 20:00:00,1.8,100,85,18.3,0.0,0.0,0.0
2024-01-23 21:00:00,1.7,100,86,17.6,0.0,0.0,0.0
2024-01-23 22:00:00,1.2,32,88,14.4,0.0,0.0,0.0
2024-01-23 23:00:00,0.0,32,89,14.1,0.0,0.0,0.0
2024-01-24 00:00:00,-0.2,76,90,15.9,0.0,0.0,0.0
2024-01-24 01:00:00,-0.5,84,90,16.5,0.0,0.0,0.0
2024-01-24 02:00:00,-0.4,90,90,18.9,0.0,0.0,0.0
2024-01-24 03:00:00,0.8,81,86,23.0,0.0,0.0,0.0
2024-01-24 04:00:00,0.9,100,86,25.4,0.0,0.0,0.0
2024-01-24 05:00:00,1.4,100,86,26.8,0.0,0.0,0.0
2024-01-24 06:00:00,1.7,100,84,26.2,0.0,0.0,0.0
2024-01-24 07:00:00,2.8,100,81,31.0,0.1,0.0,0.0
2024-01-24 08:00:00,2.9,100,89,35.8,0.9,0.0,0.0
2024-01-24 09:00:00,3.2,100,90,35.4,0.8,0.0,4.9
2024-01-24 10:00:00,3.6,100,90,37.5,0.6,0.0,16.4
2024-01-24 11:00:00,4.1,100,89,38.2,0.7,0.0,17.9
2024-01-24 12:00:00,4.6,100,88,39.3,1.3,0.0,40.1
2024-01-24 13:00:00,5.9,85,85,35.6,1.5,0.0,137.2
2024-01-24 14:00:00,6.5,75,85,38.0,0.7,0.0,139.6
2024-01-24 15:00:00,6.7,75,85,35.4,0.9,0.0,127.3
2024-01-24 16:00:00,6.8,100,90,29.7,0.9,0.0,78.5
2024-01-24 17:00:00,7.5,8,90,22.7,0.1,0.0,5.6
2024-01-24 18:00:00,6.9,3,82,24.5,0.0,0.0,0.0
2024-01-24 19:00:00,5.5,35,86,20.0,0.0,0.0,0.0
2024-01-24 20:00:00,5.3,27,83,23.6,0.0,0.0,0.0
2024-01-24 21:00:00,5.6,100,78,27.4,0.0,0.0,0.0
2024-01-24 22:00:00,6.1,86,76,30.3,0.0,0.0,0.0
2024-01-24 23:00:00,5.6,56,79,31.8,0.1,0.0,0.0
2024-01-25 00:00:00,5.3,93,81,30.9,0.3,0.0,0.0
2024-01-25 01:00:00,5.1,54,81,32.7,0.1,0.0,0.0
2024-01-25 02:00:00,4.5,75,84,29.7,0.1,0.0,0.0
2024-01-25 03:00:00,5.4,29,72,32.5,0.0,0.0,0.0
2024-01-25 04:00:00,4.7,70,76,30.3,0.0,0.0,0.0
2024-01-25 05:00:00,5.0,69,75,33.8,0.0,0.0,0.0
2024-01-25 06:00:00,4.9,75,75,33.3,0.0,0.0,0.0
2024-01-25 07:00:00,4.3,79,77,33.6,0.1,0.0,0.0
2024-01-25 08:00:00,3.7,80,84,29.1,0.7,0.0,0.0
2024-01-25 09:00:00,3.2,100,89,28.1,0.2,0.0,14.0
2024-01-25 10:00:00,3.5,100,91,30.3,0.4,0.0,14.8
2024-01-25 11:00:00,3.7,100,91,31.5,0.1,0.0,27.4
2024-01-25 12:00:00,4.2,100,90,33.6,0.1,0.0,62.8
2024-01-25 13:00:00,4.5,100,87,36.4,0.1,0.0,114.8
2024-01-25 14:00:00,4.4,100,88,35.4,0.2,0.0,71.7
2024-01-25 15:00:00,5.1,100,75,30.1,0.0,0.0,65.5
2024-01-25 16:00:00,5.0,100,73,32.2,0.0,0.0,29.1
2024-01-25 17:00:00,4.9,100,72,31.9,0.0,0.0,3.6
2024-01-25 18:00:00,4.7,100,72,30.3,0.0,0.0,0.0
2024-01-25 19:00:00,4.5,100,74,32.4,0.0,0.0,0.0
2024-01-25 20:00:00,3.9,100,83,29.5,0.3,0.0,0.0
2024-01-25 21:00:00,3.6,100,87,29.2,0.3,0.0,0.0
2024-01-25 22:00:00,3.4,100,91,28.7,0.1,0.0,0.0
2024-01-25 23:00:00,3.3,100,91,25.1,0.0,0.0,0.0
2024-01-26 00:00:00,3.1,100,91,23.6,0.1,0.0,0.0
2024-01-26 01:00:00,2.8,100,92,22.7,0.1,0.0,0.0
2024-01-26 02:00:00,2.6,100,92,21.4,0.1,0.0,0.0
2024-01-26 03:00:00,2.8,100,89,20.5,0.1,0.0,0.0
2024-01-26 04:00:00,2.6,100,90,19.7,0.2,0.0,0.0
2024-01-26 05:00:00,2.4,100,89,20.0,0.0,0.0,0.0
2024-01-26 06:00:00,2.1,100,89,19.1,0.0,0.0,0.0
2024-01-26 07:00:00,2.1,100,89,18.1,0.0,0.0,0.0
2024-01-26 08:00:00,2.0,100,89,15.3,0.0,0.0,0.0
2024-01-26 09:00:00,1.9,100,90,12.2,0.0,0.0,13.3
2024-01-26 10:00:00,2.2,100,91,9.2,0.0,0.0,42.7
2024-01-26 11:00:00,2.7,100,90,10.2,0.0,0.0,61.7
2024-01-26 12:00:00,3.2,100,84,13.8,0.0,0.0,77.9
2024-01-26 13:00:00,3.6,100,78,13.3,0.0,0.0,119.9
2024-01-26 14:00:00,3.8,100,75,14.2,0.0,0.0,142.6
2024-01-26 15:00:00,5.0,100,67,11.8,0.0,0.0,234.3
2024-01-26 16:00:00,4.9,100,67,13.3,0.0,0.0,110.2
2024-01-26 17:00:00,4.3,100,70,13.0,0.0,0.0,19.3
2024-01-26 18:00:00,3.1,100,75,16.7,0.0,0.0,0.0
2024-01-26 19:00:00,3.2,100,78,20.3,0.0,0.0,0.0
2024-01-26 20:00:00,3.8,100,81,23.2,0.1,0.0,0.0
2024-01-26 21:00:00,3.7,100,90,25.3,1.0,0.0,0.0
2024-01-26 22:00:00,3.9,100,92,25.5,1.1,0.0,0.0
2024-01-26 23:00:00,4.7,100,90,28.1,0.7,0.0,0.0
2024-01-27 00:00:00,5.2,100,90,33.3,0.7,0.0,0.0
2024-01-27 01:00:00,4.4,100,91,36.5,0.2,0.0,0.0
2024-01-27 02:00:00,3.8,100,89,34.0,0.1,0.0,0.0
2024-01-27 03:00:00,3.2,89,85,32.5,0.0,0.0,0.0
2024-01-27 04:00:00,2.4,51,85,29.1,0.1,0.0,0.0
2024-01-27 05:00:00,1.9,100,87,31.7,0.0,0.0,0.0
2024-01-27 06:00:00,2.1,98,86,29.3,0.1,0.0,0.0
2024-01-27 07:00:00,2.2,100,84,29.3,0.1,0.0,0.0
2024-01-27 08:00:00,2.1,100,83,29.2,0.0,0.0,0.0
2024-01-27 09:00:00,2.0,100,84,28.4,0.0,0.0,8.5
2024-01-27 10:00:00,2.1,100,85,28.2,0.1,0.0,38.0
2024-01-27 11:00:00,1.9,100,88,29.2,0.2,0.0,58.1
2024-01-27 12:00:00,1.6,100,92,28.7,0.7,0.35,45.4
2024-01-27 13:00:00,1.4,100,97,28.9,0.9,0.49,50.8
2024-01-27 14:00:00,1.5,100,98,27.9,1.1,0.56,55.6
2024-01-27 15:00:00,1.5,100,95,30.1,1.0,0.49,29.3
2024-01-27 16:00:00,1.5,100,95,27.7,0.8,0.35,19.4
2024-01-27 17:00:00,1.5,100,95,24.6,0.6,0.21,4.8
2024-01-27 18:00:00,2.3,100,89,22.9,0.5,0.0,0.0
2024-01-27 19:00:00,2.9,91,82,25.0,0.1,0.0,0.0
2024-01-27 20:00:00,2.5,68,84,23.8,0.0,0.0,0.0
2024-01-27 21:00:00,1.8,100,88,21.5,0.0,0.0,0.0
2024-01-27 22:00:00,1.8,100,90,19.7,0.0,0.0,0.0
2024-01-27 23:00:00,2.1,100,90,18.9,0.0,0.0,0.0
2024-01-28 00:00:00,2.0,100,92,16.7,0.0,0.0,0.0
2024-01-28 01:00:00,2.1,100,93,13.5,0.0,0.0,0.0
2024-01-28 02:00:00,2.1,100,94,12.8,0.1,0.0,0.0
2024-01-28 03:00:00,2.3,100,93,14.8,0.0,0.0,0.0
2024-01-28 04:00:00,2.5,100,92,15.5,0.0,0.0,0.0
2024-01-28 05:00:00,2.5,100,92,15.5,0.0,0.0,0.0
2024-01-28 06:00:00,2.4,100,92,15.6,0.0,0.0,0.0
2024-01-28 07:00:00,2.1,100,94,13.3,0.0,0.0,0.0
2024-01-28 08:00:00,1.7,100,95,11.7,0.0,0.0,0.0
2024-01-28 09:00:00,2.0,100,93,12.0,0.0,0.0,16.2
2024-01-28 10:00:00,2.3,100,90,11.2,0.0,0.0,44.9
2024-01-28 11:00:00,2.8,100,84,9.5,0.0,0.0,85.2
2024-01-28 12:00:00,3.1,100,82,6.9,0.1,0.0,96.2
2024-01-28 13:00:00,3.2,100,81,6.8,0.1,0.0,96.5
2024-01-28 14:00:00,3.2,100,81,6.5,0.0,0.0,81.5
2024-01-28 15:00:00,4.1,100,75,5.6,0.0,0.0,92.6
2024-01-28 16:00:00,4.0,100,75,4.0,0.0,0.0,43.6
2024-01-28 17:00:00,3.7,100,80,1.9,0.0,0.0,12.0
2024-01-28 18:00:00,3.7,100,77,1.1,0.0,0.0,0.0
2024-01-28 19:00:00,2.7,100,85,3.3,0.0,0.0,0.0
2024-01-28 20:00:00,2.3,91,86,4.6,0.0,0.0,0.0
2024-01-28 21:00:00,1.3,86,91,6.1,0.0,0.0,0.0
2024-01-28 22:00:00,1.2,77,90,6.6,0.0,0.0,0.0
2024-01-28 23:00:00,0.3,31,93,7.9,0.0,0.0,0.0
2024-01-29 00:00:00,-1.1,2,94,6.9,0.0,0.0,0.0
2024-01-29 01:00:00,-3.1,0,95,9.2,0.0,0.0,0.0
2024-01-29 02:00:00,-2.1,0,94,8.8,0.0,0.0,0.0
2024-01-29 03:00:00,-1.6,0,92,9.2,0.0,0.0,0.0
2024-01-29 04:00:00,-1.8,3,92,11.8,0.0,0.0,0.0
2024-01-29 05:00:00,-2.0,16,93,11.6,0.0,0.0,0.0
2024-01-29 06:00:00,-2.5,4,94,9.2,0.0,0.0,0.0
2024-01-29 07:00:00,-3.0,4,93,6.9,0.0,0.0,0.0
2024-01-29 08:00:00,-3.0,2,92,8.4,0.0,0.0,0.0
2024-01-29 09:00:00,-2.7,3,92,9.4,0.0,0.0,38.7
2024-01-29 10:00:00,-0.7,3,87,9.6,0.0,0.0,148.2
2024-01-29 11:00:00,1.6,0,83,9.6,0.0,0.0,257.4
2024-01-29 12:00:00,3.6,0,76,9.4,0.0,0.0,331.7
2024-01-29 13:00:00,5.2,0,70,9.7,0.0,0.0,359.7
2024-01-29 14:00:00,6.4,0,65,10.9,0.0,0.0,337.6
2024-01-29 15:00:00,6.7,0,63,11.4,0.0,0.0,267.6
2024-01-29 16:00:00,6.4,0,67,11.2,0.0,0.0,162.9
2024-01-29 17:00:00,4.3,0,77,10.0,0.0,0.0,44.0
2024-01-29 18:00:00,1.9,6,86,10.0,0.0,0.0,0.0
2024-01-29 19:00:00,0.7,0,86,10.0,0.0,0.0,0.0
2024-01-29 20:00:00,-0.3,6,86,9.2,0.0,0.0,0.0
2024-01-29 21:00:00,-0.7,27,86,9.5,0.0,0.0,0.0
2024-01-29 22:00:00,-1.0,40,86,9.7,0.0,0.0,0.0
2024-01-29 23:00:00,-1.2,11,85,10.5,0.0,0.0,0.0
2024-01-30 00:00:00,-1.3,24,84,11.0,0.0,0.0,0.0
2024-01-30 01:00:00,-1.3,80,82,10.9,0.0,0.0,0.0
2024-01-30 02:00:00,-1.2,95,81,11.1,0.0,0.0,0.0
2024-01-30 03:00:00,-0.8,99,82,11.6,0.0,0.0,0.0
2024-01-30 04:00:00,-0.7,98,80,12.3,0.0,0.0,0.0
2024-01-30 05:00:00,-0.7,61,80,11.8,0.0,0.0,0.0
2024-01-30 06:00:00,-0.9,12,81,11.0,0.0,0.0,0.0
2024-01-30 07:00:00,-1.1,27,81,10.4,0.0,0.0,0.0
2024-01-30 08:00:00,-1.1,26,82,10.2,0.0,0.0,0.0
2024-01-30 09:00:00,-0.5,29,80,10.9,0.0,0.0,40.8
2024-01-30 10:00:00,1.4,15,74,13.0,0.0,0.0,140.0
2024-01-30 11:00:00,3.3,35,66,12.5,0.0,0.0,258.0
2024-01-30 12:00:00,4.7,22,62,14.0,0.0,0.0,330.4
2024-01-30 13:00:00,6.0,36,58,14.3,0.0,0.0,355.7
2024-01-30 14:00:00,7.1,47,57,15.3,0.0,0.0,333.0
2024-01-30 15:00:00,7.0,16,57,16.8,0.0,0.0,269.0
2024-01-30 16:00:00,6.6,17,56,18.6,0.0,0.0,165.2
2024-01-30 17:00:00,4.9,21,61,16.1,0.0,0.0,46.5
2024-01-30 18:00:00,3.2,31,64,15.8,0.0,0.0,0.0
2024-01-30 19:00:00,2.3,0,63,17.1,0.0,0.0,0.0
2024-01-30 20:00:00,1.7,0,63,19.1,0.0,0.0,0.0
2024-01-30 21:00:00,1.3,0,64,20.9,0.0,0.0,0.0
2024-01-30 22:00:00,1.2,1,66,22.0,0.0,0.0,0.0
2024-01-30 23:00:00,1.0,4,70,23.2,0.0,0.0,0.0
2024-01-31 00:00:00,0.8,14,72,23.0,0.0,0.0,0.0
2024-01-31 01:00:00,0.5,22,74,22.0,0.0,0.0,0.0
2024-01-31 02:00:00,0.3,42,76,22.0,0.0,0.0,0.0
2024-01-31 03:00:00,1.0,84,76,24.2,0.0,0.0,0.0
2024-01-31 04:00:00,1.0,37,76,24.6,0.0,0.0,0.0
2024-01-31 05:00:00,0.7,100,78,24.1,0.0,0.0,0.0
2024-01-31 06:00:00,0.7,100,82,22.3,0.1,0.0,0.0
2024-01-31 07:00:00,0.9,100,81,21.4,0.0,0.0,0.0
2024-01-31 08:00:00,0.4,100,83,19.5,0.0,0.0,0.0
2024-01-31 09:00:00,1.0,100,81,19.1,0.0,0.0,24.8
2024-01-31 10:00:00,1.5,100,79,15.0,0.0,0.0,35.5
2024-01-31 11:00:00,2.0,100,79,13.8,0.0,0.0,49.4
2024-01-31 12:00:00,2.5,100,79,12.6,0.1,0.0,65.8
2024-01-31 13:00:00,2.7,100,86,11.7,0.2,0.0,67.1
2024-01-31 14:00:00,3.7,100,86,11.0,0.0,0.0,111.4
2024-01-31 15:00:00,3.0,100,89,10.8,0.2,0.0,42.1
2024-01-31 16:00:00,3.0,100,90,13.4,0.1,0.0,32.4
2024-01-31 17:00:00,2.9,100,91,13.4,0.0,0.0,13.3
2024-01-31 18:00:00,2.6,4,91,12.7,0.0,0.0,0.0
2024-01-31 19:00:00,1.1,41,95,10.9,0.0,0.0,0.0
2024-01-31 20:00:00,0.6,100,95,10.0,0.0,0.0,0.0
2024-01-31 21:00:00,1.5,100,93,12.0,0.0,0.0,0.0
2024-01-31 22:00:00,1.4,99,94,12.8,0.0,0.0,0.0
2024-01-31 23:00:00,1.1,47,95,12.2,0.0,0.0,0.0
2024-02-01 00:00:00,0.1,39,95,12.7,0.0,0.0,0.0
2024-02-01 01:00:00,0.4,24,95,14.8,0.0,0.0,0.0
2024-02-01 02:00:00,0.6,38,95,17.8,0.0,0.0,0.0
2024-02-01 03:00:00,0.8,3,95,22.4,0.0,0.0,0.0
2024-02-01 04:00:00,0.9,14,94,22.7,0.0,0.0,0.0
2024-02-01 05:00:00,1.1,74,93,23.7,0.0,0.0,0.0
2024-02-01 06:00:00,1.1,100,93,22.3,0.0,0.0,0.0
2024-02-01 07:00:00,1.4,100,94,20.7,0.0,0.0,0.0
2024-02-01 08:00:00,2.1,100,93,20.7,0.0,0.0,0.0
2024-02-01 09:00:00,3.0,100,90,23.3,0.0,0.0,27.2
2024-02-01 10:00:00,3.2,100,90,23.3,0.0,0.0,66.2
2024-02-01 11:00:00,4.0,100,87,23.3,0.1,0.0,96.2
2024-02-01 12:00:00,4.0,100,92,20.6,0.6,0.0,45.3
2024-02-01 13:00:00,4.0,100,93,19.3,0.8,0.0,45.7
2024-02-01 14:00:00,4.0,100,93,18.0,0.3,0.0,23.1
2024-02-01 15:00:00,4.4,100,95,18.1,0.1,0.0,47.5
2024-02-01 16:00:00,4.6,100,93,20.9,0.1,0.0,29.4
2024-02-01 17:00:00,4.6,84,92,19.7,0.1,0.0,24.7
2024-02-01 18:00:00,4.0,27,92,19.8,0.0,0.0,0.0
2024-02-01 19:00:00,3.2,27,92,18.4,0.0,0.0,0.0
2024-02-01 20:00:00,2.7,37,91,17.7,0.0,0.0,0.0
2024-02-01 21:00:00,2.3,12,89,19.7,0.0,0.0,0.0
2024-02-01 22:00:00,2.2,18,89,21.3,0.0,0.0,0.0
2024-02-01 23:00:00,1.7,96,89,20.2,0.0,0.0,0.0
2024-02-02 00:00:00,2.3,95,86,22.0,0.0,0.0,0.0
2024-02-02 01:00:00,1.9,100,86,21.3,0.0,0.0,0.0
2024-02-02 02:00:00,2.1,100,86,21.1,0.0,0.0,0.0
2024-02-02 03:00:00,2.6,99,88,23.8,0.1,0.0,0.0
2024-02-02 04:00:00,2.3,100,89,20.7,0.1,0.0,0.0
2024-02-02 05:00:00,2.4,100,88,17.8,0.1,0.0,0.0
2024-02-02 06:00:00,2.3,99,88,19.8,0.2,0.0,0.0
2024-02-02 07:00:00,2.4,100,87,21.9,0.0,0.0,0.0
2024-02-02 08:00:00,2.2,100,89,18.3,0.0,0.0,0.0
2024-02-02 09:00:00,2.4,100,88,17.9,0.0,0.0,19.6
2024-02-02 10:00:00,2.6,100,88,16.8,0.0,0.0,50.4
2024-02-02 11:00:00,3.0,98,87,19.8,0.1,0.0,107.8
2024-02-02 12:00:00,3.6,95,83,21.4,0.1,0.0,163.8
2024-02-02 13:00:00,4.4,100,76,20.2,0.0,0.0,206.3
2024-02-02 14:00:00,4.8,100,71,16.6,0.0,0.0,148.1
2024-02-02 15:00:00,6.2,100,58,18.1,0.0,0.0,183.2
2024-02-02 16:00:00,6.1,100,56,20.2,0.0,0.0,129.2
2024-02-02 17:00:00,5.5,100,59,16.9,0.0,0.0,22.7
2024-02-02 18:00:00,4.5,98,68,17.8,0.0,0.0,0.0
2024-02-02 19:00:00,3.3,100,78,21.0,0.0,0.0,0.0
2024-02-02 20:00:00,3.7,100,76,22.6,0.0,0.0,0.0
2024-02-02 21:00:00,3.8,100,75,23.8,0.0,0.0,0.0
2024-02-02 22:00:00,4.1,100,76,24.3,0.0,0.0,0.0
2024-02-02 23:00:00,4.2,100,77,24.3,0.0,0.0,0.0
2024-02-03 00:00:00,4.6,100,76,22.6,0.0,0.0,0.0
2024-02-03 01:00:00,4.5,100,81,22.3,0.2,0.0,0.0
2024-02-03 02:00:00,4.7,100,85,22.8,0.1,0.0,0.0
2024-02-03 03:00:00,5.3,100,85,25.6,0.0,0.0,0.0
2024-02-03 04:00:00,5.6,100,82,26.7,0.0,0.0,0.0
2024-02-03 05:00:00,5.7,100,80,26.6,0.0,0.0,0.0
2024-02-03 06:00:00,5.9,100,80,26.6,0.0,0.0,0.0
2024-02-03 07:00:00,6.3,100,81,27.7,0.0,0.0,0.0
2024-02-03 08:00:00,6.7,100,81,27.1,0.0,0.0,0.0
2024-02-03 09:00:00,7.0,100,80,26.3,0.0,0.0,12.6
2024-02-03 10:00:00,7.2,100,80,26.0,0.0,0.0,23.6
2024-02-03 11:00:00,7.3,100,81,26.4,0.1,0.0,35.1
2024-02-03 12:00:00,7.3,100,84,25.9,0.2,0.0,49.5
2024-02-03 13:00:00,7.3,100,87,26.1,0.2,0.0,50.8
2024-02-03 14:00:00,7.8,100,86,27.0,0.2,0.0,66.4
2024-02-03 15:00:00,8.4,100,83,27.9,0.1,0.0,35.1
2024-02-03 16:00:00,7.9,100,86,26.0,0.2,0.0,20.8
2024-02-03 17:00:00,7.4,100,89,27.4,0.5,0.0,10.0
2024-02-03 18:00:00,7.6,100,85,27.4,0.1,0.0,0.0
2024-02-03 19:00:00,7.8,100,83,25.1,0.0,0.0,0.0
2024-02-03 20:00:00,7.5,100,84,23.0,0.0,0.0,0.0
2024-02-03 21:00:00,7.4,100,86,23.4,0.0,0.0,0.0
2024-02-03 22:00:00,7.5,100,85,24.9,0.0,0.0,0.0
2024-02-03 23:00:00,7.6,100,83,24.1,0.0,0.0,0.0
2024-02-04 00:00:00,7.2,100,86,23.1,0.2,0.0,0.0
2024-02-04 01:00:00,6.9,100,90,21.7,0.6,0.0,0.0
2024-02-04 02:00:00,6.9,100,91,23.4,0.2,0.0,0.0
2024-02-04 03:00:00,7.0,100,91,25.2,0.2,0.0,0.0
2024-02-04 04:00:00,7.1,100,91,28.5,0.3,0.0,0.0
2024-02-04 05:00:00,6.9,100,90,24.9,0.4,0.0,0.0
2024-02-04 06:00:00,6.5,100,95,22.6,0.5,0.0,0.0
2024-02-04 07:00:00,6.4,100,92,17.2,1.3,0.0,0.0
2024-02-04 08:00:00,6.3,100,92,19.2,1.4,0.0,0.0
2024-02-04 09:00:00,6.2,100,89,26.4,0.4,0.0,12.1
2024-02-04 10:00:00,6.2,100,86,27.0,0.3,0.0,84.2
2024-02-04 11:00:00,7.2,100,77,30.1,0.1,0.0,203.0
2024-02-04 12:00:00,8.0,100,71,30.1,0.2,0.0,249.7
2024-02-04 13:00:00,8.3,100,67,28.6,0.0,0.0,245.9
2024-02-04 14:00:00,6.3,100,87,19.0,0.3,0.0,52.0
2024-02-04 15:00:00,7.4,100,80,25.2,0.1,0.0,89.1
2024-02-04 16:00:00,7.8,100,80,22.8,0.0,0.0,102.9
2024-02-04 17:00:00,7.7,100,82,24.1,0.1,0.0,42.5
2024-02-04 18:00:00,7.1,100,86,24.6,1.2,0.0,0.0
2024-02-04 19:00:00,7.1,100,89,33.6,0.4,0.0,0.0
2024-02-04 20:00:00,6.8,100,89,31.4,0.5,0.0,0.0
2024-02-04 21:00:00,6.4,100,84,31.3,0.0,0.0,0.0
2024-02-04 22:00:00,6.2,100,84,28.4,0.0,0.0,0.0
2024-02-04 23:00:00,5.8,100,87,28.7,0.3,0.0,0.0
2024-02-05 00:00:00,5.2,100,89,30.4,0.7,0.0,0.0
2024-02-05 01:00:00,5.0,100,89,31.4,0.6,0.0,0.0
2024-02-05 02:00:00,5.2,100,89,28.6,0.2,0.0,0.0
2024-02-05 03:00:00,4.8,100,91,29.5,0.9,0.0,0.0
2024-02-05 04:00:00,5.0,100,91,20.4,1.4,0.0,0.0
2024-02-05 05:00:00,5.1,100,92,13.6,1.3,0.0,0.0
2024-02-05 06:00:00,6.1,100,89,27.5,1.0,0.0,0.0
2024-02-05 07:00:00,7.7,100,88,33.3,1.0,0.0,0.0
2024-02-05 08:00:00,8.2,100,87,37.2,0.4,0.0,0.0
2024-02-05 09:00:00,8.3,100,88,34.5,0.5,0.0,14.5
2024-02-05 10:00:00,8.7,100,86,36.1,0.2,0.0,35.7
2024-02-05 11:00:00,8.7,100,90,33.1,0.5,0.0,80.3
2024-02-05 12:00:00,8.6,100,90,31.4,1.1,0.0,59.1
2024-02-05 13:00:00,9.0,100,87,32.8,0.3,0.0,82.3
2024-02-05 14:00:00,8.6,100,91,29.6,0.6,0.0,59.7
2024-02-05 15:00:00,9.0,100,90,32.3,0.5,0.0,37.0
2024-02-05 16:00:00,9.3,100,84,31.6,0.3,0.0,17.8
2024-02-05 17:00:00,9.3,100,78,30.3,0.1,0.0,14.5
2024-02-05 18:00:00,9.2,100,77,27.2,0.1,0.0,0.0
2024-02-05 19:00:00,9.3,100,76,25.6,0.0,0.0,0.0
2024-02-05 20:00:00,9.3,100,75,24.8,0.0,0.0,0.0
2024-02-05 21:00:00,9.3,100,73,25.9,0.0,0.0,0.0
2024-02-05 22:00:00,8.8,100,73,23.8,0.0,0.0,0.0
2024-02-05 23:00:00,8.5,100,71,26.2,0.0,0.0,0.0
2024-02-06 00:00:00,8.3,100,69,26.8,0.0,0.0,0.0
2024-02-06 01:00:00,8.3,100,67,28.6,0.0,0.0,0.0
2024-02-06 02:00:00,8.5,100,64,27.4,0.0,0.0,0.0
2024-02-06 03:00:00,8.5,99,64,25.1,0.0,0.0,0.0
2024-02-06 04:00:00,8.0,100,65,24.0,0.0,0.0,0.0
2024-02-06 05:00:00,7.0,100,68,20.4,0.0,0.0,0.0
2024-02-06 06:00:00,6.0,99,72,17.9,0.0,0.0,0.0
2024-02-06 07:00:00,5.3,100,75,18.8,0.0,0.0,0.0
2024-02-06 08:00:00,5.1,100,76,18.0,0.0,0.0,0.0
2024-02-06 09:00:00,5.4,100,76,20.3,0.0,0.0,44.6
2024-02-06 10:00:00,6.9,100,69,29.6,0.0,0.0,73.6
2024-02-06 11:00:00,7.4,100,68,27.9,0.0,0.0,151.1
2024-02-06 12:00:00,7.5,100,67,32.1,0.0,0.0,159.0
2024-02-06 13:00:00,7.8,100,64,37.2,0.0,0.0,129.0
2024-02-06 14:00:00,8.3,99,63,34.5,0.0,0.0,123.3
2024-02-06 15:00:00,8.9,100,61,28.1,0.0,0.0,127.3
2024-02-06 16:00:00,8.8,100,61,27.4,0.0,0.0,60.8
2024-02-06 17:00:00,8.2,100,63,27.2,0.0,0.0,28.3
2024-02-06 18:00:00,7.1,98,64,28.3,0.0,0.0,0.0
2024-02-06 19:00:00,6.3,99,69,27.2,0.0,0.0,0.0
2024-02-06 20:00:00,6.6,100,71,25.9,0.0,0.0,0.0
2024-02-06 21:00:00,6.9,99,71,26.9,0.0,0.0,0.0
2024-02-06 22:00:00,6.9,99,73,27.2,0.0,0.0,0.0
2024-02-06 23:00:00,6.6,78,74,26.9,0.0,0.0,0.0
2024-02-07 00:00:00,6.7,100,74,25.9,0.0,0.0,0.0
2024-02-07 01:00:00,7.5,100,70,26.1,0.0,0.0,0.0
2024-02-07 02:00:00,7.6,100,70,27.5,0.0,0.0,0.0
2024-02-07 03:00:00,8.4,99,67,30.1,0.0,0.0,0.0
2024-02-07 04:00:00,8.0,100,69,31.9,0.0,0.0,0.0
2024-02-07 05:00:00,8.0,100,67,30.3,0.0,0.0,0.0
2024-02-07 06:00:00,8.1,100,67,31.1,0.0,0.0,0.0
2024-02-07 07:00:00,8.3,100,68,31.7,0.0,0.0,0.0
2024-02-07 08:00:00,7.9,100,69,33.3,0.0,0.0,0.0
2024-02-07 09:00:00,7.4,100,76,33.4,0.4,0.0,10.7
2024-02-07 10:00:00,7.0,100,82,32.9,0.4,0.0,24.4
2024-02-07 11:00:00,6.9,100,84,32.9,0.5,0.0,32.5
2024-02-07 12:00:00,7.2,100,82,32.4,0.3,0.0,38.7
2024-02-07 13:00:00,7.7,100,80,32.2,0.1,0.0,45.7
2024-02-07 14:00:00,8.0,100,79,30.4,0.2,0.0,28.9
2024-02-07 15:00:00,8.1,100,84,29.3,0.8,0.0,25.3
2024-02-07 16:00:00,3.7,100,92,23.2,0.9,0.0,21.2
2024-02-07 17:00:00,3.8,100,90,21.1,0.7,0.0,6.6
2024-02-07 18:00:00,2.8,100,90,20.9,0.4,0.0,0.0
2024-02-07 19:00:00,2.9,100,90,18.8,0.6,0.0,0.0
2024-02-07 20:00:00,2.1,100,95,14.3,0.6,0.0,0.0
2024-02-07 21:00:00,2.1,100,96,14.1,0.2,0.0,0.0
2024-02-07 22:00:00,2.3,100,92,13.9,0.1,0.0,0.0
2024-02-07 23:00:00,2.1,100,93,13.1,0.1,0.0,0.0
2024-02-08 00:00:00,2.1,100,93,13.2,0.1,0.0,0.0
2024-02-08 01:00:00,2.0,100,93,11.0,0.1,0.0,0.0
2024-02-08 02:00:00,1.9,100,93,8.1,0.1,0.0,0.0
2024-02-08 03:00:00,1.2,100,98,6.1,0.2,0.0,0.0
2024-02-08 04:00:00,1.2,100,98,6.9,0.1,0.0,0.0
2024-02-08 05:00:00,1.3,100,96,5.1,0.1,0.0,0.0
2024-02-08 06:00:00,1.3,100,95,4.7,0.0,0.0,0.0
2024-02-08 07:00:00,1.2,100,95,2.8,0.0,0.0,0.0
2024-02-08 08:00:00,1.2,100,94,1.4,0.0,0.0,0.0
2024-02-08 09:00:00,1.3,100,92,4.6,0.0,0.0,15.5
2024-02-08 10:00:00,1.7,100,88,7.3,0.0,0.0,45.7
2024-02-08 11:00:00,2.2,100,85,9.0,0.0,0.0,74.1
2024-02-08 12:00:00,2.5,100,84,11.0,0.0,0.0,96.6
2024-02-08 13:00:00,3.0,100,82,12.1,0.0,0.0,135.1
2024-02-08 14:00:00,3.4,100,81,10.8,0.0,0.0,96.4
2024-02-08 15:00:00,3.1,100,85,8.0,0.1,0.0,68.8
2024-02-08 16:00:00,3.3,100,86,7.1,0.0,0.0,53.1
2024-02-08 17:00:00,3.1,100,88,8.0,0.0,0.0,16.5
2024-02-08 18:00:00,2.9,100,92,9.3,0.1,0.0,0.0
2024-02-08 19:00:00,2.8,100,95,8.8,0.6,0.0,0.0
2024-02-08 20:00:00,2.7,100,97,10.5,1.2,0.0,0.0
2024-02-08 21:00:00,2.5,100,98,11.2,1.8,0.0,0.0
2024-02-08 22:00:00,2.5,100,97,12.2,2.2,0.0,0.0
2024-02-08 23:00:00,2.6,100,97,12.7,2.6,0.0,0.0
2024-02-09 00:00:00,2.9,100,95,12.3,2.3,0.0,0.0
2024-02-09 01:00:00,3.0,100,94,10.4,0.9,0.0,0.0
2024-02-09 02:00:00,2.8,100,97,7.6,0.2,0.0,0.0
2024-02-09 03:00:00,2.8,100,95,12.7,0.5,0.0,0.0
2024-02-09 04:00:00,2.9,100,97,10.4,0.2,0.0,0.0
2024-02-09 05:00:00,3.7,100,97,7.1,0.0,0.0,0.0
2024-02-09 06:00:00,5.0,100,96,9.5,0.1,0.0,0.0
2024-02-09 07:00:00,6.1,100,96,9.1,0.2,0.0,0.0
2024-02-09 08:00:00,6.8,100,95,11.3,0.5,0.0,0.0
2024-02-09 09:00:00,7.7,100,93,15.3,0.3,0.0,12.4
2024-02-09 10:00:00,8.4,100,91,17.3,0.1,0.0,64.2
2024-02-09 11:00:00,8.9,100,91,17.3,0.2,0.0,128.2
2024-02-09 12:00:00,8.9,100,91,14.5,0.3,0.0,111.5
2024-02-09 13:00:00,9.5,100,93,12.6,0.5,0.0,139.1
2024-02-09 14:00:00,9.6,100,88,14.9,0.4,0.0,117.7
2024-02-09 15:00:00,11.0,100,78,14.2,0.0,0.0,230.3
2024-02-09 16:00:00,11.1,100,74,15.4,0.0,0.0,132.8
2024-02-09 17:00:00,10.4,100,78,15.3,0.0,0.0,33.6
2024-02-09 18:00:00,9.4,100,84,13.5,0.0,0.0,0.0
2024-02-09 19:00:00,9.2,100,85,14.3,0.0,0.0,0.0
2024-02-09 20:00:00,8.4,100,88,11.4,0.0,0.0,0.0
2024-02-09 21:00:00,8.1,100,89,11.3,0.0,0.0,0.0
2024-02-09 22:00:00,8.2,100,88,11.4,0.0,0.0,0.0
2024-02-09 23:00:00,7.8,100,90,10.2,0.0,0.0,0.0
2024-02-10 00:00:00,6.9,100,91,9.8,0.0,0.0,0.0
2024-02-10 01:00:00,7.1,100,91,9.7,0.0,0.0,0.0
2024-02-10 02:00:00,7.4,100,91,10.2,0.1,0.0,0.0
2024-02-10 03:00:00,7.5,100,91,10.0,0.1,0.0,0.0
2024-02-10 04:00:00,7.7,100,91,8.4,0.5,0.0,0.0
2024-02-10 05:00:00,7.6,100,91,7.8,0.8,0.0,0.0
2024-02-10 06:00:00,7.5,100,92,7.5,0.9,0.0,0.0
2024-02-10 07:00:00,7.3,100,93,6.1,0.9,0.0,0.0
2024-02-10 08:00:00,7.2,100,93,7.6,0.5,0.0,0.0
2024-02-10 09:00:00,7.4,100,93,10.2,0.2,0.0,19.2
2024-02-10 10:00:00,8.5,100,89,14.2,0.0,0.0,82.4
2024-02-10 11:00:00,9.9,100,80,14.0,0.0,0.0,149.9
2024-02-10 12:00:00,11.1,17,76,10.8,0.0,0.0,234.6
2024-02-10 13:00:00,12.9,98,65,18.6,0.0,0.0,403.1
2024-02-10 14:00:00,13.7,100,61,18.5,0.0,0.0,293.4
2024-02-10 15:00:00,12.9,100,67,12.2,0.0,0.0,133.4
2024-02-10 16:00:00,13.5,100,64,12.0,0.0,0.0,118.4
2024-02-10 17:00:00,12.8,100,67,11.3,0.0,0.0,48.0
2024-02-10 18:00:00,10.0,100,79,10.1,0.0,0.0,0.0
2024-02-10 19:00:00,8.9,100,83,10.3,0.0,0.0,0.0
2024-02-10 20:00:00,8.2,83,84,10.9,0.0,0.0,0.0
2024-02-10 21:00:00,7.9,100,84,12.3,0.0,0.0,0.0
2024-02-10 22:00:00,7.7,100,84,12.0,0.0,0.0,0.0
2024-02-10 23:00:00,7.5,100,85,11.7,0.0,0.0,0.0
2024-02-11 00:00:00,7.3,100,84,12.8,0.0,0.0,0.0
2024-02-11 01:00:00,8.1,100,77,14.8,0.0,0.0,0.0
2024-02-11 02:00:00,8.2,100,81,14.8,0.3,0.0,0.0
2024-02-11 03:00:00,8.4,100,88,14.5,0.6,0.0,0.0
2024-02-11 04:00:00,8.6,100,89,13.0,0.5,0.0,0.0
2024-02-11 05:00:00,8.5,100,89,12.7,0.5,0.0,0.0
2024-02-11 06:00:00,8.3,100,90,12.8,0.3,0.0,0.0
2024-02-11 07:00:00,8.0,100,91,14.4,0.3,0.0,0.0
2024-02-11 08:00:00,8.0,100,92,15.4,0.4,0.0,0.0
2024-02-11 09:00:00,8.2,100,92,16.4,0.3,0.0,25.5
2024-02-11 10:00:00,8.6,100,92,17.2,0.1,0.0,62.1
2024-02-11 11:00:00,8.9,100,90,16.0,0.2,0.0,59.8
2024-02-11 12:00:00,9.4,100,89,15.4,0.2,0.0,86.7
2024-02-11 13:00:00,9.1,100,91,15.1,0.3,0.0,47.7
2024-02-11 14:00:00,9.0,100,91,15.9,0.5,0.0,66.6
2024-02-11 15:00:00,9.3,100,92,11.9,0.5,0.0,47.3
2024-02-11 16:00:00,9.1,100,92,11.1,0.5,0.0,25.6
2024-02-11 17:00:00,9.0,100,92,12.5,0.6,0.0,10.2
2024-02-11 18:00:00,8.8,100,92,12.8,0.7,0.0,0.0
2024-02-11 19:00:00,8.7,100,92,13.1,0.8,0.0,0.0
2024-02-11 20:00:00,8.7,100,91,11.9,0.7,0.0,0.0
2024-02-11 21:00:00,8.6,100,91,13.1,0.4,0.0,0.0
2024-02-11 22:00:00,8.6,100,91,15.4,0.3,0.0,0.0
2024-02-11 23:00:00,8.5,100,92,17.6,0.1,0.0,0.0
2024-02-12 00:00:00,8.2,100,93,19.4,0.1,0.0,0.0
2024-02-12 01:00:00,7.9,100,91,20.7,0.1,0.0,0.0
2024-02-12 02:00:00,6.9,100,91,19.4,0.0,0.0,0.0
2024-02-12 03:00:00,6.9,100,91,19.1,0.1,0.0,0.0
2024-02-12 04:00:00,6.6,100,91,18.3,0.1,0.0,0.0
2024-02-12 05:00:00,6.4,100,91,16.6,0.0,0.0,0.0
2024-02-12 06:00:00,5.9,100,93,14.5,0.0,0.0,0.0
2024-02-12 07:00:00,5.5,100,94,14.1,0.0,0.0,0.0
2024-02-12 08:00:00,5.9,100,92,15.5,0.0,0.0,0.0
2024-02-12 09:00:00,6.2,100,91,15.6,0.0,0.0,26.8
2024-02-12 10:00:00,6.9,100,90,13.0,0.0,0.0,84.1
2024-02-12 11:00:00,7.9,100,84,15.7,0.0,0.0,150.4
2024-02-12 12:00:00,8.5,100,78,15.3,0.0,0.0,162.6
2024-02-12 13:00:00,8.6,100,77,14.4,0.0,0.0,119.8
2024-02-12 14:00:00,9.4,100,73,16.0,0.0,0.0,184.5
2024-02-12 15:00:00,10.0,95,67,15.5,0.2,0.0,256.6
2024-02-12 16:00:00,9.8,94,66,15.8,0.0,0.0,173.8
2024-02-12 17:00:00,8.6,82,76,14.0,0.0,0.0,69.5
2024-02-12 18:00:00,7.2,100,83,9.3,0.0,0.0,0.0
2024-02-12 19:00:00,6.9,98,84,8.0,0.0,0.0,0.0
2024-02-12 20:00:00,4.8,100,90,8.0,0.0,0.0,0.0
2024-02-12 21:00:00,4.4,100,91,7.6,0.0,0.0,0.0
2024-02-12 22:00:00,3.5,100,92,7.6,0.0,0.0,0.0
2024-02-12 23:00:00,3.8,100,90,9.4,0.0,0.0,0.0
2024-02-13 00:00:00,4.1,100,90,11.0,0.0,0.0,0.0
2024-02-13 01:00:00,3.5,100,92,12.1,0.0,0.0,0.0
2024-02-13 02:00:00,3.4,100,93,13.7,0.0,0.0,0.0
2024-02-13 03:00:00,3.5,100,93,12.6,0.0,0.0,0.0
2024-02-13 04:00:00,3.1,100,94,10.2,0.0,0.0,0.0
2024-02-13 05:00:00,2.8,100,95,11.4,0.0,0.0,0.0
2024-02-13 06:00:00,2.7,100,95,11.4,0.0,0.0,0.0
2024-02-13 07:00:00,2.5,93,96,12.7,0.0,0.0,0.0
2024-02-13 08:00:00,2.8,100,96,13.7,0.0,0.0,0.0
2024-02-13 09:00:00,4.0,100,93,18.6,0.0,0.0,36.7
2024-02-13 10:00:00,4.3,100,89,21.7,0.0,0.0,79.7
2024-02-13 11:00:00,4.5,100,87,20.1,0.0,0.0,122.6
2024-02-13 12:00:00,5.4,98,81,18.4,0.0,0.0,175.3
2024-02-13 13:00:00,6.2,94,73,19.4,0.0,0.0,214.1
2024-02-13 14:00:00,6.6,81,70,20.6,0.1,0.0,229.0
2024-02-13 15:00:00,7.0,59,65,21.5,0.0,0.0,285.1
2024-02-13 16:00:00,6.6,37,66,20.7,0.0,0.0,177.7
2024-02-13 17:00:00,5.7,74,68,18.4,0.0,0.0,84.8
2024-02-13 18:00:00,4.8,99,72,14.3,0.0,0.0,0.0
2024-02-13 19:00:00,4.7,83,73,11.5,0.0,0.0,0.0
2024-02-13 20:00:00,4.0,81,77,8.4,0.0,0.0,0.0
2024-02-13 21:00:00,3.2,27,82,6.6,0.0,0.0,0.0
2024-02-13 22:00:00,0.7,2,91,9.8,0.0,0.0,0.0
2024-02-13 23:00:00,-0.2,0,91,10.5,0.0,0.0,0.0
2024-02-14 00:00:00,-1.2,0,93,8.4,0.0,0.0,0.0
2024-02-14 01:00:00,-0.8,2,94,6.9,0.0,0.0,0.0
2024-02-14 02:00:00,-1.7,7,94,7.9,0.0,0.0,0.0
2024-02-14 03:00:00,-1.6,2,94,8.0,0.0,0.0,0.0
2024-02-14 04:00:00,-2.1,18,94,9.5,0.0,0.0,0.0
2024-02-14 05:00:00,-2.2,10,94,9.4,0.0,0.0,0.0
2024-02-14 06:00:00,-2.6,69,94,9.2,0.0,0.0,0.0
2024-02-14 07:00:00,-2.7,9,95,8.4,0.0,0.0,0.0
2024-02-14 08:00:00,-2.5,4,94,7.2,0.0,0.0,0.0
2024-02-14 09:00:00,-0.2,20,92,9.2,0.0,0.0,85.7
2024-02-14 10:00:00,2.7,95,83,8.6,0.0,0.0,215.7
2024-02-14 11:00:00,5.1,65,73,8.6,0.0,0.0,328.3
2024-02-14 12:00:00,6.5,100,61,11.5,0.0,0.0,372.7
2024-02-14 13:00:00,6.7,100,60,12.1,0.0,0.0,239.4
2024-02-14 14:00:00,7.4,100,58,12.9,0.0,0.0,275.4
2024-02-14 15:00:00,7.8,100,55,13.0,0.0,0.0,264.5
2024-02-14 16:00:00,8.1,85,56,12.2,0.0,0.0,212.3
2024-02-14 17:00:00,7.4,64,62,9.4,0.0,0.0,93.8
2024-02-14 18:00:00,4.6,99,77,7.2,0.0,0.0,0.0
2024-02-14 19:00:00,5.2,100,76,9.7,0.0,0.0,0.0
2024-02-14 20:00:00,6.1,100,72,13.4,0.0,0.0,0.0
2024-02-14 21:00:00,4.9,100,78,12.9,0.0,0.0,0.0
2024-02-14 22:00:00,5.4,100,75,12.7,0.0,0.0,0.0
2024-02-14 23:00:00,5.4,100,75,11.0,0.0,0.0,0.0
2024-02-15 00:00:00,5.3,100,78,11.5,0.0,0.0,0.0
2024-02-15 01:00:00,5.4,100,81,10.7,0.1,0.0,0.0
2024-02-15 02:00:00,5.5,100,82,9.3,0.0,0.0,0.0
2024-02-15 03:00:00,6.0,100,79,12.0,0.0,0.0,0.0
2024-02-15 04:00:00,6.2,100,79,11.5,0.0,0.0,0.0
2024-02-15 05:00:00,6.1,100,80,9.1,0.0,0.0,0.0
2024-02-15 06:00:00,5.4,52,84,6.8,0.0,0.0,0.0
2024-02-15 07:00:00,3.2,60,91,7.0,0.0,0.0,0.0
2024-02-15 08:00:00,2.5,98,92,7.9,0.0,0.0,0.0
2024-02-15 09:00:00,4.8,24,87,10.9,0.0,0.0,66.8
2024-02-15 10:00:00,7.0,76,80,10.2,0.0,0.0,195.2
2024-02-15 11:00:00,9.0,59,73,11.8,0.0,0.0,278.6
2024-02-15 12:00:00,10.5,78,69,14.2,0.0,0.0,339.3
2024-02-15 13:00:00,11.4,17,67,15.8,0.0,0.0,323.6
2024-02-15 14:00:00,12.5,63,65,17.7,0.0,0.0,393.5
2024-02-15 15:00:00,12.5,100,63,15.5,0.0,0.0,241.0
2024-02-15 16:00:00,12.5,100,64,14.3,0.0,0.0,148.7
2024-02-15 17:00:00,11.5,55,72,13.3,0.0,0.0,66.0
2024-02-15 18:00:00,8.9,6,85,9.4,0.0,0.0,0.0
2024-02-15 19:00:00,7.7,19,91,11.2,0.0,0.0,0.0
2024-02-15 20:00:00,6.9,9,91,9.4,0.0,0.0,0.0
2024-02-15 21:00:00,6.6,37,91,10.4,0.0,0.0,0.0
2024-02-15 22:00:00,6.0,99,92,8.2,0.0,0.0,0.0
2024-02-15 23:00:00,5.2,100,94,8.0,0.0,0.0,0.0
2024-02-16 00:00:00,4.9,97,93,9.7,0.0,0.0,0.0
2024-02-16 01:00:00,4.9,99,93,9.7,0.0,0.0,0.0
2024-02-16 02:00:00,4.4,89,93,9.4,0.0,0.0,0.0
2024-02-16 03:00:00,5.0,100,93,10.9,0.0,0.0,0.0
2024-02-16 04:00:00,4.9,31,93,10.0,0.0,0.0,0.0
2024-02-16 05:00:00,4.6,13,93,9.7,0.0,0.0,0.0
2024-02-16 06:00:00,4.3,12,94,9.4,0.0,0.0,0.0
2024-02-16 07:00:00,4.0,15,94,9.8,0.0,0.0,0.0
2024-02-16 08:00:00,3.8,21,94,10.0,0.0,0.0,0.0
2024-02-16 09:00:00,4.9,35,91,11.6,0.0,0.0,90.1
2024-02-16 10:00:00,6.9,42,88,9.9,0.0,0.0,214.7
2024-02-16 11:00:00,9.4,22,78,9.3,0.0,0.0,329.3
2024-02-16 12:00:00,11.3,9,69,11.2,0.0,0.0,405.2
2024-02-16 13:00:00,12.7,7,64,11.9,0.0,0.0,436.1
2024-02-16 14:00:00,13.8,7,61,13.8,0.0,0.0,413.9
2024-02-16 15:00:00,14.4,13,55,15.6,0.0,0.0,347.3
2024-02-16 16:00:00,14.2,8,55,15.3,0.0,0.0,240.4
2024-02-16 17:00:00,13.0,1,60,11.8,0.0,0.0,111.5
2024-02-16 18:00:00,10.1,0,72,9.3,0.0,0.0,0.0
2024-02-16 19:00:00,8.6,5,79,11.0,0.0,0.0,0.0
2024-02-16 20:00:00,7.9,97,81,12.0,0.0,0.0,0.0
2024-02-16 21:00:00,7.0,100,85,11.7,0.0,0.0,0.0
2024-02-16 22:00:00,6.4,96,86,12.5,0.0,0.0,0.0
2024-02-16 23:00:00,6.0,81,84,14.0,0.0,0.0,0.0
2024-02-17 00:00:00,5.8,67,82,15.9,0.0,0.0,0.0
2024-02-17 01:00:00,5.8,25,80,17.4,0.0,0.0,0.0
2024-02-17 02:00:00,5.8,4,77,17.9,0.0,0.0,0.0
2024-02-17 03:00:00,6.9,14,71,21.7,0.0,0.0,0.0
2024-02-17 04:00:00,6.8,98,71,21.9,0.0,0.0,0.0
2024-02-17 05:00:00,6.8,100,72,21.3,0.0,0.0,0.0
2024-02-17 06:00:00,7.0,100,73,21.5,0.1,0.0,0.0
2024-02-17 07:00:00,7.1,100,70,20.6,0.0,0.0,0.0
2024-02-17 08:00:00,6.7,100,68,20.3,0.0,0.0,0.0
2024-02-17 09:00:00,6.9,100,66,20.9,0.0,0.0,49.4
2024-02-17 10:00:00,7.3,100,66,18.2,0.0,0.0,80.6
2024-02-17 11:00:00,6.1,100,87,17.3,0.8,0.0,37.5
2024-02-17 12:00:00,6.3,100,92,14.5,2.0,0.0,27.7
2024-02-17 13:00:00,7.2,100,92,14.5,0.7,0.0,59.8
2024-02-17 14:00:00,8.8,100,87,15.7,0.1,0.0,145.1
2024-02-17 15:00:00,8.2,97,92,17.4,0.3,0.0,56.7
2024-02-17 16:00:00,9.0,83,92,16.8,0.2,0.0,110.0
2024-02-17 17:00:00,9.3,38,86,19.0,0.1,0.0,63.2
2024-02-17 18:00:00,8.5,81,86,19.0,0.0,0.0,0.0
2024-02-17 19:00:00,7.5,100,86,15.8,0.0,0.0,0.0
2024-02-17 20:00:00,7.6,78,84,15.2,0.0,0.0,0.0
2024-02-17 21:00:00,7.1,99,86,15.5,0.0,0.0,0.0
2024-02-17 22:00:00,6.6,100,87,15.8,0.0,0.0,0.0
2024-02-17 23:00:00,6.5,100,80,15.3,0.0,0.0,0.0
2024-02-18 00:00:00,5.9,62,77,14.8,0.0,0.0,0.0
2024-02-18 01:00:00,5.2,75,83,13.7,0.0,0.0,0.0
2024-02-18 02:00:00,3.8,92,87,9.6,0.0,0.0,0.0
2024-02-18 03:00:00,3.7,100,79,11.6,0.0,0.0,0.0
2024-02-18 04:00:00,4.0,100,77,8.8,0.0,0.0,0.0
2024-02-18 05:00:00,4.2,100,78,9.3,0.0,0.0,0.0
2024-02-18 06:00:00,4.0,92,82,6.5,0.0,0.0,0.0
2024-02-18 07:00:00,3.2,65,89,5.0,0.0,0.0,0.0
2024-02-18 08:00:00,1.6,100,93,6.1,0.0,0.0,0.0
2024-02-18 09:00:00,3.0,100,86,7.2,0.0,0.0,64.7
2024-02-18 10:00:00,3.5,100,73,7.1,0.0,0.0,119.7
2024-02-18 11:00:00,3.6,98,71,6.3,0.0,0.0,195.3
2024-02-18 12:00:00,4.0,100,68,3.3,0.0,0.0,287.4
2024-02-18 13:00:00,4.6,85,65,1.6,0.0,0.0,358.9
2024-02-18 14:00:00,5.0,100,61,1.5,0.0,0.0,338.7
2024-02-18 15:00:00,6.2,100,59,5.1,0.0,0.0,350.8
2024-02-18 16:00:00,6.0,100,59,6.6,0.0,0.0,229.8
2024-02-18 17:00:00,5.4,100,59,8.4,0.0,0.0,105.4
2024-02-18 18:00:00,3.6,100,69,5.5,0.0,0.0,0.7
2024-02-18 19:00:00,2.9,100,72,7.4,0.0,0.0,0.0
2024-02-18 20:00:00,2.4,100,77,9.9,0.0,0.0,0.0
2024-02-18 21:00:00,1.4,100,80,12.5,0.0,0.0,0.0
2024-02-18 22:00:00,1.3,100,80,11.8,0.0,0.0,0.0
2024-02-18 23:00:00,0.5,100,85,11.8,0.0,0.0,0.0
2024-02-19 00:00:00,0.3,100,86,14.8,0.0,0.0,0.0
2024-02-19 01:00:00,0.7,100,84,10.9,0.0,0.0,0.0
2024-02-19 02:00:00,0.9,100,84,10.5,0.0,0.0,0.0
2024-02-19 03:00:00,0.1,98,87,12.2,0.0,0.0,0.0
2024-02-19 04:00:00,0.7,100,83,10.4,0.0,0.0,0.0
2024-02-19 05:00:00,1.3,100,79,11.8,0.0,0.0,0.0
2024-02-19 06:00:00,1.2,100,80,10.9,0.0,0.0,0.0
2024-02-19 07:00:00,2.6,100,75,10.1,0.0,0.0,0.0
2024-02-19 08:00:00,3.6,100,76,13.2,0.1,0.0,0.0
2024-02-19 09:00:00,5.1,100,80,18.6,0.1,0.0,30.7
2024-02-19 10:00:00,5.8,100,80,21.3,0.0,0.0,63.4
2024-02-19 11:00:00,6.9,100,78,24.0,0.0,0.0,105.4
2024-02-19 12:00:00,8.4,100,73,26.6,0.0,0.0,289.4
2024-02-19 13:00:00,8.6,100,74,24.1,0.0,0.0,192.6
2024-02-19 14:00:00,7.8,100,79,26.5,0.1,0.0,68.7
2024-02-19 15:00:00,7.3,100,90,22.7,0.6,0.0,43.1
2024-02-19 16:00:00,7.1,100,87,20.8,0.3,0.0,30.4
2024-02-19 17:00:00,6.7,100,88,24.2,0.3,0.0,22.4
2024-02-19 18:00:00,6.5,100,86,26.8,0.0,0.0,0.9
2024-02-19 19:00:00,6.2,100,83,25.6,0.0,0.0,0.0
2024-02-19 20:00:00,6.0,100,82,24.1,0.0,0.0,0.0
2024-02-19 21:00:00,6.1,42,82,22.8,0.0,0.0,0.0
2024-02-19 22:00:00,5.6,100,85,19.6,0.0,0.0,0.0
2024-02-19 23:00:00,5.4,100,89,16.9,0.0,0.0,0.0
2024-02-20 00:00:00,5.0,100,93,14.9,0.3,0.0,0.0
2024-02-20 01:00:00,5.3,100,94,14.2,0.0,0.0,0.0
2024-02-20 02:00:00,5.1,99,91,14.1,0.0,0.0,0.0
2024-02-20 03:00:00,5.5,100,92,14.3,0.0,0.0,0.0
2024-02-20 04:00:00,5.5,100,93,15.0,0.2,0.0,0.0
2024-02-20 05:00:00,5.5,100,93,14.2,0.1,0.0,0.0
2024-02-20 06:00:00,5.5,100,92,15.5,0.0,0.0,0.0
2024-02-20 07:00:00,5.3,99,92,14.5,0.0,0.0,0.0
2024-02-20 08:00:00,4.6,100,93,14.8,0.0,0.0,0.0
2024-02-20 09:00:00,5.2,100,90,16.7,0.0,0.0,35.2
2024-02-20 10:00:00,6.3,100,85,19.1,0.0,0.0,92.1
2024-02-20 11:00:00,6.9,100,83,19.9,0.0,0.0,108.6
2024-02-20 12:00:00,7.9,100,79,18.4,0.1,0.0,165.8
2024-02-20 13:00:00,8.5,100,75,17.8,0.1,0.0,122.6
2024-02-20 14:00:00,8.1,80,80,18.1,0.3,0.0,88.1
2024-02-20 15:00:00,7.8,99,82,19.9,0.3,0.0,116.5
2024-02-20 16:00:00,7.2,92,86,16.5,0.2,0.0,37.2
2024-02-20 17:00:00,7.0,100,85,17.7,0.5,0.0,48.7
2024-02-20 18:00:00,6.6,99,85,17.3,0.0,0.0,1.7
2024-02-20 19:00:00,6.1,50,84,18.2,0.0,0.0,0.0
2024-02-20 20:00:00,4.7,100,90,15.5,0.0,0.0,0.0
2024-02-20 21:00:00,5.0,100,90,17.9,0.2,0.0,0.0
2024-02-20 22:00:00,4.3,100,93,16.3,0.2,0.0,0.0
2024-02-20 23:00:00,4.4,100,93,12.8,0.1,0.0,0.0
2024-02-21 00:00:00,4.3,100,94,16.1,0.2,0.0,0.0
2024-02-21 01:00:00,4.3,100,91,12.8,0.1,0.0,0.0
2024-02-21 02:00:00,4.1,73,92,12.3,0.1,0.0,0.0
2024-02-21 03:00:00,3.8,80,94,9.8,0.0,0.0,0.0
2024-02-21 04:00:00,3.4,94,95,11.4,0.0,0.0,0.0
2024-02-21 05:00:00,3.5,100,93,12.9,0.0,0.0,0.0
2024-02-21 06:00:00,3.8,100,92,12.3,0.0,0.0,0.0
2024-02-21 07:00:00,3.7,100,92,12.0,0.0,0.0,0.0
2024-02-21 08:00:00,2.8,100,94,12.5,0.0,0.0,12.6
2024-02-21 09:00:00,3.5,100,90,12.8,0.0,0.0,67.2
2024-02-21 10:00:00,4.2,100,89,13.7,0.0,0.0,100.5
2024-02-21 11:00:00,5.1,100,84,15.7,0.0,0.0,94.9
2024-02-21 12:00:00,6.9,100,78,17.1,0.0,0.0,247.5
2024-02-21 13:00:00,8.4,100,67,21.6,0.0,0.0,343.5
2024-02-21 14:00:00,7.8,100,71,22.4,0.1,0.0,167.5
2024-02-21 15:00:00,7.3,100,77,20.8,0.2,0.0,77.1
2024-02-21 16:00:00,6.9,100,81,19.4,0.1,0.0,38.2
2024-02-21 17:00:00,7.2,8,78,20.7,0.0,0.0,74.7
2024-02-21 18:00:00,6.0,1,84,19.1,0.0,0.0,9.3
2024-02-21 19:00:00,5.3,2,87,19.9,0.0,0.0,0.0
2024-02-21 20:00:00,4.9,11,88,19.4,0.0,0.0,0.0
2024-02-21 21:00:00,4.6,86,88,18.1,0.0,0.0,0.0
2024-02-21 22:00:00,4.3,100,87,17.6,0.0,0.0,0.0
2024-02-21 23:00:00,4.5,100,84,17.4,0.0,0.0,0.0
2024-02-22 00:00:00,4.5,98,82,18.3,0.0,0.0,0.0
2024-02-22 01:00:00,4.5,100,81,18.2,0.0,0.0,0.0
2024-02-22 02:00:00,4.4,100,79,17.3,0.0,0.0,0.0
2024-02-22 03:00:00,4.7,100,74,16.8,0.0,0.0,0.0
2024-02-22 04:00:00,5.0,100,71,16.5,0.0,0.0,0.0
2024-02-22 05:00:00,5.8,100,66,16.9,0.0,0.0,0.0
2024-02-22 06:00:00,6.2,100,65,16.4,0.0,0.0,0.0
2024-02-22 07:00:00,6.5,100,65,16.9,0.0,0.0,0.0
2024-02-22 08:00:00,6.6,100,66,22.3,0.0,0.0,10.5
2024-02-22 09:00:00,6.8,100,69,19.6,0.1,0.0,25.3
2024-02-22 10:00:00,7.2,100,70,20.5,0.1,0.0,83.8
2024-02-22 11:00:00,7.4,100,70,21.2,0.1,0.0,85.7
2024-02-22 12:00:00,8.3,100,67,15.1,0.1,0.0,163.5
2024-02-22 13:00:00,9.9,100,59,20.9,0.0,0.0,330.2
2024-02-22 14:00:00,9.1,100,61,20.5,0.0,0.0,131.7
2024-02-22 15:00:00,10.0,100,60,17.9,0.0,0.0,96.5
2024-02-22 16:00:00,10.4,100,58,24.5,0.0,0.0,150.4
2024-02-22 17:00:00,9.4,100,64,22.4,0.1,0.0,96.1
2024-02-22 18:00:00,8.0,100,69,21.2,0.1,0.0,9.3
2024-02-22 19:00:00,7.2,98,77,22.4,0.1,0.0,0.0
2024-02-22 20:00:00,7.3,100,79,22.3,0.1,0.0,0.0
2024-02-22 21:00:00,7.7,100,79,23.8,0.0,0.0,0.0
2024-02-22 22:00:00,7.9,93,78,22.6,0.0,0.0,0.0
2024-02-22 23:00:00,7.7,97,78,24.1,0.0,0.0,0.0
2024-02-23 00:00:00,7.9,100,77,24.9,0.0,0.0,0.0
2024-02-23 01:00:00,7.9,100,75,25.5,0.0,0.0,0.0
2024-02-23 02:00:00,8.0,100,73,24.2,0.0,0.0,0.0
2024-02-23 03:00:00,7.5,100,83,25.3,0.4,0.0,0.0
2024-02-23 04:00:00,7.6,100,80,25.6,0.2,0.0,0.0
2024-02-23 05:00:00,7.7,100,75,22.4,0.0,0.0,0.0
2024-02-23 06:00:00,7.7,100,75,21.9,0.2,0.0,0.0
2024-02-23 07:00:00,7.1,100,84,21.2,0.5,0.0,0.0
2024-02-23 08:00:00,7.0,100,87,19.0,0.3,0.0,0.0
2024-02-23 09:00:00,7.3,100,88,18.3,0.7,0.0,16.6
2024-02-23 10:00:00,7.7,100,90,16.9,0.6,0.0,39.9
2024-02-23 11:00:00,8.5,100,91,13.5,0.4,0.0,109.2
2024-02-23 12:00:00,9.0,100,88,13.0,0.2,0.0,112.4
2024-02-23 13:00:00,9.7,100,84,15.5,0.1,0.0,169.1
2024-02-23 14:00:00,8.6,100,90,21.6,0.8,0.0,96.9
2024-02-23 15:00:00,8.8,100,87,11.5,0.4,0.0,126.0
2024-02-23 16:00:00,8.5,100,88,11.5,0.2,0.0,57.1
2024-02-23 17:00:00,8.0,100,93,8.7,0.3,0.0,14.4
2024-02-23 18:00:00,7.8,100,93,5.9,0.3,0.0,2.9
2024-02-23 19:00:00,7.7,100,92,10.4,0.1,0.0,0.0
2024-02-23 20:00:00,7.2,100,92,10.5,0.0,0.0,0.0
2024-02-23 21:00:00,7.1,100,91,11.0,0.1,0.0,0.0
2024-02-23 22:00:00,7.1,100,90,14.9,0.0,0.0,0.0
2024-02-23 23:00:00,7.2,100,87,17.3,0.0,0.0,0.0
2024-02-24 00:00:00,7.5,100,85,19.7,0.1,0.0,0.0
2024-02-24 01:00:00,7.2,100,88,19.0,0.3,0.0,0.0
2024-02-24 02:00:00,7.4,100,85,20.0,0.1,0.0,0.0
2024-02-24 03:00:00,7.9,100,82,20.2,0.0,0.0,0.0
2024-02-24 04:00:00,8.0,100,80,17.1,0.0,0.0,0.0
2024-02-24 05:00:00,7.9,100,83,13.4,0.1,0.0,0.0
2024-02-24 06:00:00,7.9,100,82,13.3,0.0,0.0,0.0
2024-02-24 07:00:00,8.3,100,79,17.3,0.0,0.0,0.0
2024-02-24 08:00:00,7.5,100,90,16.9,0.4,0.0,7.8
2024-02-24 09:00:00,6.2,100,91,16.6,0.3,0.0,21.2
2024-02-24 10:00:00,5.5,100,91,15.9,0.1,0.0,31.0
2024-02-24 11:00:00,5.3,100,89,11.2,0.0,0.0,75.3
2024-02-24 12:00:00,7.3,89,71,15.2,0.0,0.0,362.5
2024-02-24 13:00:00,8.9,98,61,14.5,0.0,0.0,444.5
2024-02-24 14:00:00,9.5,88,57,13.9,0.0,0.0,355.7
2024-02-24 15:00:00,10.0,100,58,16.4,0.0,0.0,317.7
2024-02-24 16:00:00,10.1,100,55,13.9,0.0,0.0,223.7
2024-02-24 17:00:00,9.7,100,56,11.0,0.0,0.0,122.2
2024-02-24 18:00:00,7.9,100,66,7.8,0.0,0.0,14.7
2024-02-24 19:00:00,5.5,100,78,9.0,0.0,0.0,0.0
2024-02-24 20:00:00,5.4,100,77,7.0,0.0,0.0,0.0
2024-02-24 21:00:00,4.3,100,84,4.8,0.0,0.0,0.0
2024-02-24 22:00:00,4.1,100,86,6.2,0.0,0.0,0.0
2024-02-24 23:00:00,3.6,100,88,8.4,0.0,0.0,0.0
2024-02-25 00:00:00,3.4,100,88,8.7,0.0,0.0,0.0
2024-02-25 01:00:00,3.3,100,89,10.5,0.0,0.0,0.0
2024-02-25 02:00:00,3.6,100,90,11.7,0.0,0.0,0.0
2024-02-25 03:00:00,4.1,100,89,11.7,0.0,0.0,0.0
2024-02-25 04:00:00,4.1,87,91,11.2,0.0,0.0,0.0
2024-02-25 05:00:00,3.6,3,92,11.3,0.0,0.0,0.0
2024-02-25 06:00:00,3.1,3,92,12.4,0.0,0.0,0.0
2024-02-25 07:00:00,3.0,7,91,13.0,0.0,0.0,0.0
2024-02-25 08:00:00,3.4,26,89,13.8,0.0,0.0,20.7
2024-02-25 09:00:00,5.5,30,80,14.8,0.0,0.0,131.2
2024-02-25 10:00:00,8.1,28,74,14.0,0.0,0.0,270.6
2024-02-25 11:00:00,10.3,33,63,16.6,0.0,0.0,393.9
2024-02-25 12:00:00,12.1,92,58,19.5,0.0,0.0,476.6
2024-02-25 13:00:00,13.2,100,48,24.5,0.0,0.0,496.0
2024-02-25 14:00:00,13.4,100,45,23.9,0.0,0.0,401.3
2024-02-25 15:00:00,13.3,100,45,22.2,0.0,0.0,305.0
2024-02-25 16:00:00,12.5,100,48,21.5,0.0,0.0,196.8
2024-02-25 17:00:00,11.5,100,54,13.6,0.0,0.0,95.9
2024-02-25 18:00:00,9.5,96,61,8.2,0.0,0.0,17.5
2024-02-25 19:00:00,6.8,15,71,7.8,0.0,0.0,0.0
2024-02-25 20:00:00,5.2,1,78,8.4,0.0,0.0,0.0
2024-02-25 21:00:00,4.5,0,80,8.6,0.0,0.0,0.0
2024-02-25 22:00:00,5.2,52,78,9.7,0.0,0.0,0.0
2024-02-25 23:00:00,4.6,100,85,9.1,0.0,0.0,0.0
2024-02-26 00:00:00,4.4,93,87,10.0,0.0,0.0,0.0
2024-02-26 01:00:00,3.8,59,88,9.7,0.0,0.0,0.0
2024-02-26 02:00:00,3.1,18,90,8.4,0.0,0.0,0.0
2024-02-26 03:00:00,3.8,24,89,8.7,0.0,0.0,0.0
2024-02-26 04:00:00,4.0,0,88,9.3,0.0,0.0,0.0
2024-02-26 05:00:00,3.6,1,90,9.4,0.0,0.0,0.0
2024-02-26 06:00:00,3.0,2,92,11.0,0.0,0.0,0.0
2024-02-26 07:00:00,3.1,18,91,10.5,0.0,0.0,0.0
2024-02-26 08:00:00,3.0,82,91,9.7,0.0,0.0,24.7
2024-02-26 09:00:00,5.3,100,83,13.4,0.0,0.0,137.0
2024-02-26 10:00:00,7.9,94,77,11.5,0.0,0.0,259.7
2024-02-26 11:00:00,10.5,63,69,11.4,0.0,0.0,349.6
2024-02-26 12:00:00,12.3,73,61,13.0,0.0,0.0,415.9
2024-02-26 13:00:00,13.0,100,61,13.4,0.0,0.0,340.1
2024-02-26 14:00:00,12.9,97,62,14.7,0.0,0.0,312.2
2024-02-26 15:00:00,13.5,99,62,18.7,0.2,0.0,298.8
2024-02-26 16:00:00,13.7,100,61,13.0,0.2,0.0,174.9
2024-02-26 17:00:00,13.2,100,66,12.9,0.1,0.0,110.6
2024-02-26 18:00:00,11.5,100,73,10.8,0.0,0.0,18.8
2024-02-26 19:00:00,9.9,100,79,10.1,0.0,0.0,0.0
2024-02-26 20:00:00,8.9,100,83,8.4,0.0,0.0,0.0
2024-02-26 21:00:00,8.2,100,86,9.2,0.0,0.0,0.0
2024-02-26 22:00:00,7.6,29,87,9.8,0.0,0.0,0.0
2024-02-26 23:00:00,7.4,10,87,9.7,0.0,0.0,0.0
2024-02-27 00:00:00,7.1,93,89,7.9,0.0,0.0,0.0
2024-02-27 01:00:00,6.0,100,91,9.7,0.0,0.0,0.0
2024-02-27 02:00:00,6.6,100,90,11.5,0.0,0.0,0.0
2024-02-27 03:00:00,7.1,100,89,9.4,0.0,0.0,0.0
2024-02-27 04:00:00,6.6,100,90,9.2,0.0,0.0,0.0
2024-02-27 05:00:00,6.7,100,90,11.9,0.0,0.0,0.0
2024-02-27 06:00:00,6.3,99,91,9.2,0.0,0.0,0.0
2024-02-27 07:00:00,6.1,97,91,8.9,0.0,0.0,0.0
2024-02-27 08:00:00,6.9,99,90,8.9,0.0,0.0,16.7
2024-02-27 09:00:00,8.5,98,85,12.3,0.0,0.0,136.5
2024-02-27 10:00:00,10.7,99,81,9.7,0.0,0.0,255.0
2024-02-27 11:00:00,12.9,100,73,9.3,0.0,0.0,378.1
2024-02-27 12:00:00,14.5,100,64,10.8,0.0,0.0,454.8
2024-02-27 13:00:00,15.6,99,59,8.0,0.0,0.0,468.5
2024-02-27 14:00:00,16.4,100,57,8.1,0.0,0.0,448.0
2024-02-27 15:00:00,16.4,99,54,4.5,0.0,0.0,314.7
2024-02-27 16:00:00,16.2,99,57,5.8,0.0,0.0,269.7
2024-02-27 17:00:00,15.3,96,68,3.1,0.1,0.0,131.3
2024-02-27 18:00:00,12.8,100,77,7.0,0.2,0.0,15.6
2024-02-27 19:00:00,10.9,100,88,4.7,0.0,0.0,0.0
2024-02-27 20:00:00,9.0,82,95,4.3,0.0,0.0,0.0
2024-02-27 21:00:00,8.6,100,94,6.8,0.0,0.0,0.0
2024-02-27 22:00:00,8.3,100,93,9.4,0.0,0.0,0.0
2024-02-27 23:00:00,9.7,100,88,7.6,0.0,0.0,0.0
2024-02-28 00:00:00,10.2,100,87,7.9,0.1,0.0,0.0
2024-02-28 01:00:00,9.9,100,89,9.5,0.4,0.0,0.0
2024-02-28 02:00:00,9.9,99,86,7.1,0.5,0.0,0.0
2024-02-28 03:00:00,9.9,99,86,7.2,0.0,0.0,0.0
2024-02-28 04:00:00,8.1,100,92,8.2,0.0,0.0,0.0
2024-02-28 05:00:00,7.1,100,94,9.0,0.0,0.0,0.0
2024-02-28 06:00:00,8.3,100,93,7.9,0.0,0.0,0.0
2024-02-28 07:00:00,8.4,100,93,8.2,0.2,0.0,0.0
2024-02-28 08:00:00,8.5,100,92,8.1,0.1,0.0,5.1
2024-02-28 09:00:00,9.1,100,90,9.6,0.0,0.0,38.2
2024-02-28 10:00:00,9.9,100,91,8.2,0.0,0.0,106.3
2024-02-28 11:00:00,11.2,92,85,5.9,0.0,0.0,170.9
2024-02-28 12:00:00,12.9,100,75,7.9,0.0,0.0,319.2
2024-02-28 13:00:00,12.7,97,77,12.6,0.1,0.0,248.9
2024-02-28 14:00:00,12.5,97,78,11.8,0.0,0.0,318.1
2024-02-28 15:00:00,11.1,74,83,12.6,0.0,0.0,170.9
2024-02-28 16:00:00,10.7,97,83,12.7,0.0,0.0,197.0
2024-02-28 17:00:00,9.5,100,86,12.7,0.0,0.0,60.4
2024-02-28 18:00:00,8.6,100,88,12.4,0.0,0.0,6.8
2024-02-28 19:00:00,8.0,100,89,11.8,0.0,0.0,0.0
2024-02-28 20:00:00,7.9,100,88,9.5,0.0,0.0,0.0
2024-02-28 21:00:00,7.7,100,89,9.8,0.0,0.0,0.0
2024-02-28 22:00:00,7.4,100,90,9.7,0.0,0.0,0.0
2024-02-28 23:00:00,7.2,100,90,9.2,0.0,0.0,0.0
2024-02-29 00:00:00,7.0,100,90,9.4,0.1,0.0,0.0
2024-02-29 01:00:00,6.9,100,91,8.1,0.1,0.0,0.0
2024-02-29 02:00:00,6.8,100,92,6.3,0.1,0.0,0.0
2024-02-29 03:00:00,6.8,100,92,7.6,0.0,0.0,0.0
2024-02-29 04:00:00,6.8,100,92,7.9,0.2,0.0,0.0
2024-02-29 05:00:00,6.9,100,95,7.7,0.2,0.0,0.0
2024-02-29 06:00:00,6.9,100,95,7.4,0.1,0.0,0.0
2024-02-29 07:00:00,6.9,100,95,6.6,0.0,0.0,0.0
2024-02-29 08:00:00,7.0,100,95,7.6,0.0,0.0,9.3
2024-02-29 09:00:00,7.5,100,92,10.6,0.0,0.0,37.7
2024-02-29 10:00:00,8.1,100,91,13.2,0.0,0.0,62.1
2024-02-29 11:00:00,9.4,100,86,13.5,0.0,0.0,157.2
2024-02-29 12:00:00,10.9,100,80,13.9,0.0,0.0,270.3
2024-02-29 13:00:00,12.1,100,74,15.0,0.0,0.0,334.8
2024-02-29 14:00:00,12.5,99,73,13.7,0.0,0.0,254.2
2024-02-29 15:00:00,12.8,89,72,9.4,0.0,0.0,202.4
2024-02-29 16:00:00,13.2,48,70,9.7,0.0,0.0,187.1
2024-02-29 17:00:00,13.3,11,68,10.0,0.0,0.0,137.3
2024-02-29 18:00:00,11.4,2,77,11.2,0.0,0.0,32.1
2024-02-29 19:00:00,9.5,2,87,11.7,0.0,0.0,0.0
2024-02-29 20:00:00,8.6,2,91,13.9,0.0,0.0,0.0
2024-02-29 21:00:00,8.3,2,91,15.4,0.0,0.0,0.0
2024-02-29 22:00:00,8.1,10,92,14.6,0.0,0.0,0.0
2024-02-29 23:00:00,7.7,29,93,12.4,0.0,0.0,0.0
2024-03-01 00:00:00,7.4,84,94,11.1,0.0,0.0,0.0
2024-03-01 01:00:00,7.0,100,95,11.0,0.0,0.0,0.0
2024-03-01 02:00:00,7.0,92,94,10.5,0.0,0.0,0.0
2024-03-01 03:00:00,7.2,90,94,10.3,0.0,0.0,0.0
2024-03-01 04:00:00,7.2,100,94,10.5,0.0,0.0,0.0
2024-03-01 05:00:00,7.2,40,93,10.1,0.0,0.0,0.0
2024-03-01 06:00:00,6.1,6,94,8.7,0.0,0.0,0.0
2024-03-01 07:00:00,5.4,49,94,8.7,0.0,0.0,0.0
2024-03-01 08:00:00,6.2,96,92,10.1,0.0,0.0,25.9
2024-03-01 09:00:00,7.3,100,88,10.4,0.0,0.0,75.9
2024-03-01 10:00:00,9.3,100,83,9.8,0.0,0.0,179.5
2024-03-01 11:00:00,12.3,98,75,9.3,0.0,0.0,360.7
2024-03-01 12:00:00,14.6,100,65,10.2,0.0,0.0,422.1
2024-03-01 13:00:00,15.5,100,58,11.2,0.0,0.0,399.4
2024-03-01 14:00:00,15.9,100,55,11.1,0.0,0.0,335.7
2024-03-01 15:00:00,14.0,100,63,12.7,0.0,0.0,157.2
2024-03-01 16:00:00,14.1,100,62,13.4,0.0,0.0,141.6
2024-03-01 17:00:00,12.1,100,77,10.8,0.3,0.0,21.1
2024-03-01 18:00:00,11.0,100,89,8.2,0.5,0.0,6.7
2024-03-01 19:00:00,10.4,100,91,6.6,1.1,0.0,0.0
2024-03-01 20:00:00,10.3,100,92,7.6,0.5,0.0,0.0
2024-03-01 21:00:00,9.9,100,93,7.8,0.5,0.0,0.0
2024-03-01 22:00:00,9.2,100,95,8.9,1.2,0.0,0.0
2024-03-01 23:00:00,9.1,69,94,8.8,0.1,0.0,0.0
2024-03-02 00:00:00,8.4,71,94,6.5,0.0,0.0,0.0
2024-03-02 01:00:00,7.9,89,93,8.5,0.0,0.0,0.0
2024-03-02 02:00:00,8.0,95,92,10.0,0.0,0.0,0.0
2024-03-02 03:00:00,7.6,98,89,9.7,0.0,0.0,0.0
2024-03-02 04:00:00,6.8,100,91,9.6,0.0,0.0,0.0
2024-03-02 05:00:00,6.5,100,91,10.0,0.0,0.0,0.0
2024-03-02 06:00:00,6.3,100,92,9.7,0.0,0.0,0.0
2024-03-02 07:00:00,5.5,98,93,7.5,0.0,0.0,0.0
2024-03-02 08:00:00,5.7,100,93,7.5,0.0,0.0,36.1
2024-03-02 09:00:00,7.5,100,89,9.8,0.0,0.0,97.1
2024-03-02 10:00:00,9.2,100,86,7.4,0.0,0.0,199.4
2024-03-02 11:00:00,11.4,100,79,5.0,0.0,0.0,304.6
2024-03-02 12:00:00,13.4,100,71,2.9,0.0,0.0,363.8
2024-03-02 13:00:00,13.5,100,69,4.0,0.0,0.0,191.0
2024-03-02 14:00:00,13.4,100,68,8.2,0.0,0.0,152.3
2024-03-02 15:00:00,12.6,100,71,9.2,0.0,0.0,165.7
2024-03-02 16:00:00,11.4,100,82,9.4,0.2,0.0,61.4
2024-03-02 17:00:00,10.4,100,91,9.1,0.3,0.0,28.1
2024-03-02 18:00:00,10.1,93,90,6.8,0.0,0.0,14.1
2024-03-02 19:00:00,8.2,100,95,7.4,0.0,0.0,0.0
2024-03-02 20:00:00,7.1,100,96,9.2,0.0,0.0,0.0
2024-03-02 21:00:00,7.3,100,96,5.8,0.0,0.0,0.0
2024-03-02 22:00:00,7.1,100,97,7.2,0.0,0.0,0.0
2024-03-02 23:00:00,6.9,100,97,7.4,0.0,0.0,0.0
2024-03-03 00:00:00,6.6,99,97,6.6,0.0,0.0,0.0
2024-03-03 01:00:00,6.3,100,97,6.2,0.0,0.0,0.0
2024-03-03 02:00:00,6.4,100,96,5.9,0.0,0.0,0.0
2024-03-03 03:00:00,7.0,82,96,6.0,0.0,0.0,0.0
2024-03-03 04:00:00,6.6,99,94,7.1,0.0,0.0,0.0
2024-03-03 05:00:00,6.3,85,94,6.6,0.0,0.0,0.0
2024-03-03 06:00:00,5.2,97,97,5.6,0.0,0.0,0.0
2024-03-03 07:00:00,5.2,98,96,6.6,0.0,0.0,0.0
2024-03-03 08:00:00,5.5,14,93,9.2,0.0,0.0,37.4
2024-03-03 09:00:00,7.4,40,87,11.6,0.0,0.0,167.2
2024-03-03 10:00:00,9.6,59,83,10.9,0.0,0.0,312.0
2024-03-03 11:00:00,11.6,54,72,13.5,0.0,0.0,413.0
2024-03-03 12:00:00,13.2,34,60,13.5,0.0,0.0,489.0
2024-03-03 13:00:00,14.1,48,58,14.7,0.0,0.0,529.5
2024-03-03 14:00:00,14.3,48,55,15.2,0.0,0.0,399.9
2024-03-03 15:00:00,15.4,32,49,15.1,0.0,0.0,402.0
2024-03-03 16:00:00,15.2,89,48,14.3,0.0,0.0,264.3
2024-03-03 17:00:00,14.4,73,54,11.4,0.0,0.0,125.8
2024-03-03 18:00:00,12.8,90,61,14.6,0.0,0.0,29.4
2024-03-03 19:00:00,11.5,74,63,12.8,0.0,0.0,0.0
2024-03-03 20:00:00,10.8,99,64,11.7,0.0,0.0,0.0
2024-03-03 21:00:00,10.4,100,66,11.7,0.0,0.0,0.0
2024-03-03 22:00:00,9.7,87,70,10.1,0.0,0.0,0.0
2024-03-03 23:00:00,8.1,67,78,9.0,0.0,0.0,0.0
2024-03-04 00:00:00,7.3,56,82,8.7,0.0,0.0,0.0
2024-03-04 01:00:00,6.7,42,83,9.0,0.0,0.0,0.0
2024-03-04 02:00:00,6.5,4,84,9.5,0.0,0.0,0.0
2024-03-04 03:00:00,8.0,7,76,10.7,0.0,0.0,0.0
2024-03-04 04:00:00,6.9,2,81,10.1,0.0,0.0,0.0
2024-03-04 05:00:00,6.4,20,83,10.6,0.0,0.0,0.0
2024-03-04 06:00:00,6.1,27,84,10.0,0.0,0.0,0.0
2024-03-04 07:00:00,5.7,22,86,9.5,0.0,0.0,0.0
2024-03-04 08:00:00,6.1,15,85,11.0,0.0,0.0,45.5
2024-03-04 09:00:00,8.3,8,78,12.0,0.0,0.0,168.3
2024-03-04 10:00:00,10.8,7,71,9.9,0.0,0.0,318.1
2024-03-04 11:00:00,12.6,1,62,10.0,0.0,0.0,436.7
2024-03-04 12:00:00,13.8,7,58,9.4,0.0,0.0,520.2
2024-03-04 13:00:00,14.6,22,53,17.1,0.1,0.0,544.6
2024-03-04 14:00:00,14.8,28,51,15.5,0.1,0.0,441.6
2024-03-04 15:00:00,14.5,79,56,4.9,0.0,0.0,335.5
2024-03-04 16:00:00,13.6,33,59,1.5,0.0,0.0,232.6
2024-03-04 17:00:00,12.6,52,68,9.2,0.0,0.0,161.6
2024-03-04 18:00:00,10.7,43,79,10.0,0.0,0.0,37.1
2024-03-04 19:00:00,9.0,24,87,7.9,0.0,0.0,0.0
2024-03-04 20:00:00,6.6,15,96,8.4,0.0,0.0,0.0
2024-03-04 21:00:00,5.8,46,97,8.2,0.7,0.0,0.0
2024-03-04 22:00:00,6.6,26,96,6.7,0.1,0.0,0.0
2024-03-04 23:00:00,6.3,50,96,6.3,0.0,0.0,0.0
2024-03-05 00:00:00,6.9,30,95,0.5,0.0,0.0,0.0
2024-03-05 01:00:00,5.0,36,99,4.6,0.0,0.0,0.0
2024-03-05 02:00:00,4.8,100,99,6.3,0.0,0.0,0.0
2024-03-05 03:00:00,6.3,100,97,13.8,0.1,0.0,0.0
2024-03-05 04:00:00,6.1,100,96,9.1,0.0,0.0,0.0
2024-03-05 05:00:00,6.1,100,94,10.9,0.0,0.0,0.0
2024-03-05 06:00:00,5.9,100,92,9.8,0.0,0.0,0.0
2024-03-05 07:00:00,5.6,100,92,8.4,0.0,0.0,0.0
2024-03-05 08:00:00,5.4,100,93,9.2,0.0,0.0,13.2
2024-03-05 09:00:00,5.6,100,90,10.4,0.0,0.0,41.3
2024-03-05 10:00:00,5.9,100,87,11.4,0.0,0.0,70.6
2024-03-05 11:00:00,6.3,100,84,11.8,0.0,0.0,98.5
2024-03-05 12:00:00,6.9,99,80,11.9,0.0,0.0,154.7
2024-03-05 13:00:00,7.9,96,72,8.7,0.0,0.0,238.4
2024-03-05 14:00:00,8.6,100,66,9.4,0.0,0.0,296.1
2024-03-05 15:00:00,8.4,100,68,9.5,0.0,0.0,187.3
2024-03-05 16:00:00,8.0,100,69,8.3,0.0,0.0,106.1
2024-03-05 17:00:00,7.7,100,70,9.3,0.0,0.0,62.3
2024-03-05 18:00:00,7.0,100,73,11.2,0.0,0.0,12.8
2024-03-05 19:00:00,6.5,86,74,11.2,0.0,0.0,0.0
2024-03-05 20:00:00,6.1,45,76,9.2,0.0,0.0,0.0
2024-03-05 21:00:00,5.7,1,77,8.9,0.0,0.0,0.0
2024-03-05 22:00:00,3.7,0,88,7.2,0.0,0.0,0.0
2024-03-05 23:00:00,2.6,0,90,6.9,0.0,0.0,0.0
2024-03-06 00:00:00,2.2,1,90,6.9,0.0,0.0,0.0
2024-03-06 01:00:00,1.5,8,92,7.2,0.0,0.0,0.0
2024-03-06 02:00:00,0.4,12,94,8.9,0.0,0.0,0.0
2024-03-06 03:00:00,1.0,3,93,6.9,0.0,0.0,0.0
2024-03-06 04:00:00,0.4,8,94,6.4,0.0,0.0,0.0
2024-03-06 05:00:00,0.1,2,94,6.9,0.0,0.0,0.0
2024-03-06 06:00:00,0.1,4,94,8.2,0.0,0.0,0.0
2024-03-06 07:00:00,-0.4,3,94,6.9,0.0,0.0,0.0
2024-03-06 08:00:00,0.3,0,93,7.4,0.0,0.0,52.8
2024-03-06 09:00:00,2.6,10,84,8.7,0.0,0.0,195.9
2024-03-06 10:00:00,4.4,100,72,10.8,0.0,0.0,298.3
2024-03-06 11:00:00,5.0,100,68,12.0,0.0,0.0,260.9
2024-03-06 12:00:00,5.0,100,70,11.6,0.0,0.0,169.3
2024-03-06 13:00:00,4.6,100,78,12.6,0.2,0.0,85.8
2024-03-06 14:00:00,4.8,100,82,15.2,0.1,0.0,82.5
2024-03-06 15:00:00,3.7,100,84,14.4,0.0,0.0,93.7
2024-03-06 16:00:00,3.9,100,85,14.8,0.0,0.0,71.4
2024-03-06 17:00:00,4.3,100,85,17.4,0.1,0.0,27.1
2024-03-06 18:00:00,4.6,100,92,12.1,0.6,0.0,5.1
2024-03-06 19:00:00,4.6,100,93,13.8,0.3,0.0,0.0
2024-03-06 20:00:00,4.5,100,93,16.1,0.0,0.0,0.0
2024-03-06 21:00:00,4.3,100,91,19.7,0.0,0.0,0.0
2024-03-06 22:00:00,3.6,100,90,21.5,0.0,0.0,0.0
2024-03-06 23:00:00,3.3,100,89,20.9,0.0,0.0,0.0
2024-03-07 00:00:00,3.1,100,87,20.2,0.0,0.0,0.0
2024-03-07 01:00:00,3.0,87,86,18.7,0.0,0.0,0.0
2024-03-07 02:00:00,2.7,91,87,17.3,0.0,0.0,0.0
2024-03-07 03:00:00,2.2,100,89,17.6,0.0,0.0,0.0
2024-03-07 04:00:00,2.3,100,85,18.4,0.0,0.0,0.0
2024-03-07 05:00:00,2.1,100,82,20.2,0.0,0.0,0.0
2024-03-07 06:00:00,1.5,100,81,20.5,0.0,0.0,0.0
2024-03-07 07:00:00,0.8,83,80,19.1,0.0,0.0,0.0
2024-03-07 08:00:00,0.2,100,81,19.2,0.0,0.0,44.1
2024-03-07 09:00:00,1.2,100,74,19.9,0.0,0.0,90.8
2024-03-07 10:00:00,2.0,100,71,20.8,0.0,0.0,148.7
2024-03-07 11:00:00,2.9,100,68,20.8,0.0,0.0,229.6
2024-03-07 12:00:00,2.6,100,68,18.4,0.0,0.0,130.3
2024-03-07 13:00:00,3.3,74,65,18.2,0.0,0.0,189.8
2024-03-07 14:00:00,4.8,58,60,19.6,0.0,0.0,308.8
2024-03-07 15:00:00,3.5,100,69,20.0,0.0,0.0,187.5
2024-03-07 16:00:00,4.1,100,65,22.5,0.0,0.0,168.3
2024-03-07 17:00:00,4.0,100,63,21.6,0.0,0.0,61.3
2024-03-07 18:00:00,3.8,100,63,20.7,0.0,0.0,26.5
2024-03-07 19:00:00,3.2,100,65,17.4,0.0,0.0,0.0
2024-03-07 20:00:00,2.7,99,67,16.7,0.0,0.0,0.0
2024-03-07 21:00:00,2.0,100,70,15.6,0.0,0.0,0.0
2024-03-07 22:00:00,1.2,15,72,15.5,0.0,0.0,0.0
2024-03-07 23:00:00,-0.2,4,79,14.6,0.0,0.0,0.0
2024-03-08 00:00:00,-1.0,1,83,13.2,0.0,0.0,0.0
2024-03-08 01:00:00,-1.4,2,85,11.9,0.0,0.0,0.0
2024-03-08 02:00:00,-1.7,1,87,11.8,0.0,0.0,0.0
2024-03-08 03:00:00,-1.1,18,84,11.4,0.0,0.0,0.0
2024-03-08 04:00:00,-1.3,24,85,11.8,0.0,0.0,0.0
2024-03-08 05:00:00,-1.4,23,85,12.1,0.0,0.0,0.0
2024-03-08 06:00:00,-1.6,11,85,12.4,0.0,0.0,0.0
2024-03-08 07:00:00,-2.0,1,85,12.5,0.0,0.0,0.0
2024-03-08 08:00:00,-1.6,2,82,14.1,0.0,0.0,61.5
2024-03-08 09:00:00,0.2,3,75,13.1,0.0,0.0,203.5
2024-03-08 10:00:00,1.9,4,68,14.8,0.0,0.0,357.0
2024-03-08 11:00:00,3.6,16,63,15.3,0.0,0.0,475.1
2024-03-08 12:00:00,4.8,0,61,13.7,0.0,0.0,551.4
2024-03-08 13:00:00,5.8,1,59,12.8,0.0,0.0,582.4
2024-03-08 14:00:00,6.5,2,59,12.3,0.0,0.0,556.4
2024-03-08 15:00:00,6.5,38,57,10.7,0.0,0.0,434.8
2024-03-08 16:00:00,6.6,31,57,10.5,0.0,0.0,331.8
2024-03-08 17:00:00,6.2,17,58,9.8,0.0,0.0,201.1
2024-03-08 18:00:00,4.8,0,65,7.8,0.0,0.0,62.3
2024-03-08 19:00:00,2.4,1,75,8.6,0.0,0.0,0.0
2024-03-08 20:00:00,1.6,0,78,10.4,0.0,0.0,0.0
2024-03-08 21:00:00,0.8,0,79,10.8,0.0,0.0,0.0
2024-03-08 22:00:00,0.2,0,81,10.2,0.0,0.0,0.0
2024-03-08 23:00:00,0.0,0,82,10.7,0.0,0.0,0.0
2024-03-09 00:00:00,-0.1,0,83,11.6,0.0,0.0,0.0
2024-03-09 01:00:00,-0.4,1,85,11.6,0.0,0.0,0.0
2024-03-09 02:00:00,-0.6,0,87,11.6,0.0,0.0,0.0
2024-03-09 03:00:00,-1.0,16,90,10.7,0.0,0.0,0.0
2024-03-09 04:00:00,-1.4,32,91,9.6,0.0,0.0,0.0
2024-03-09 05:00:00,-1.6,12,92,9.2,0.0,0.0,0.0
2024-03-09 06:00:00,-1.9,19,92,7.2,0.0,0.0,0.0
2024-03-09 07:00:00,-2.0,32,93,7.9,0.0,0.0,0.0
2024-03-09 08:00:00,-1.3,3,91,10.5,0.0,0.0,63.8
2024-03-09 09:00:00,1.1,0,84,8.4,0.0,0.0,207.3
2024-03-09 10:00:00,4.1,0,76,9.7,0.0,0.0,359.5
2024-03-09 11:00:00,7.0,0,67,10.7,0.0,0.0,482.2
2024-03-09 12:00:00,8.7,2,58,14.7,0.0,0.0,560.5
2024-03-09 13:00:00,9.7,2,55,14.6,0.0,0.0,585.3
2024-03-09 14:00:00,10.8,58,51,13.3,0.0,0.0,543.9
2024-03-09 15:00:00,10.5,75,55,14.1,0.0,0.0,347.6
2024-03-09 16:00:00,10.0,100,58,15.1,0.0,0.0,209.0
2024-03-09 17:00:00,9.4,100,61,14.8,0.0,0.0,94.7
2024-03-09 18:00:00,8.4,100,67,14.7,0.0,0.0,18.0
2024-03-09 19:00:00,8.0,100,66,13.2,0.0,0.0,0.0
2024-03-09 20:00:00,7.6,100,66,11.5,0.0,0.0,0.0
2024-03-09 21:00:00,7.7,100,63,12.7,0.0,0.0,0.0
2024-03-09 22:00:00,7.5,100,60,12.3,0.0,0.0,0.0
2024-03-09 23:00:00,7.3,100,59,13.5,0.0,0.0,0.0
2024-03-10 00:00:00,6.9,100,62,12.7,0.0,0.0,0.0
2024-03-10 01:00:00,6.9,100,63,13.3,0.0,0.0,0.0
2024-03-10 02:00:00,6.5,100,65,12.0,0.0,0.0,0.0
2024-03-10 03:00:00,6.2,98,73,13.5,0.0,0.0,0.0
2024-03-10 04:00:00,6.1,100,72,14.8,0.0,0.0,0.0
2024-03-10 05:00:00,5.5,100,73,12.4,0.0,0.0,0.0
2024-03-10 06:00:00,5.1,100,73,13.6,0.0,0.0,0.0
2024-03-10 07:00:00,5.3,98,72,15.7,0.2,0.0,0.0
2024-03-10 08:00:00,5.5,96,76,15.1,1.1,0.0,43.1
2024-03-10 09:00:00,6.4,91,75,16.1,0.0,0.0,128.0
2024-03-10 10:00:00,8.4,47,70,16.1,0.0,0.0,281.9
2024-03-10 11:00:00,10.4,85,65,15.9,0.6,0.0,391.4
2024-03-10 12:00:00,11.9,100,62,16.0,0.1,0.0,355.6
2024-03-10 13:00:00,12.7,100,59,19.1,0.1,0.0,292.6
2024-03-10 14:00:00,12.7,89,60,20.8,0.0,0.0,215.6
2024-03-10 15:00:00,13.2,100,59,21.7,0.0,0.0,295.7
2024-03-10 16:00:00,13.0,99,61,21.9,0.0,0.0,174.3
2024-03-10 17:00:00,12.5,100,67,22.7,0.0,0.0,128.0
2024-03-10 18:00:00,11.3,100,72,20.7,0.0,0.0,63.5
2024-03-10 19:00:00,9.2,100,80,19.9,0.0,0.0,0.0
2024-03-10 20:00:00,9.0,100,77,21.5,0.0,0.0,0.0
2024-03-10 21:00:00,8.4,100,81,20.9,0.2,0.0,0.0
2024-03-10 22:00:00,7.8,100,88,23.3,0.6,0.0,0.0
2024-03-10 23:00:00,7.8,98,87,23.2,2.8,0.0,0.0
2024-03-11 00:00:00,7.8,99,88,22.2,0.0,0.0,0.0
2024-03-11 01:00:00,7.8,94,88,24.1,0.0,0.0,0.0
2024-03-11 02:00:00,7.6,100,89,24.4,0.0,0.0,0.0
2024-03-11 03:00:00,7.9,100,87,25.5,0.0,0.0,0.0
2024-03-11 04:00:00,8.0,100,87,24.8,0.0,0.0,0.0
2024-03-11 05:00:00,7.6,100,88,21.6,0.0,0.0,0.0
2024-03-11 06:00:00,8.0,100,86,18.5,0.0,0.0,0.0
2024-03-11 07:00:00,8.0,100,88,18.2,0.2,0.0,0.0
2024-03-11 08:00:00,8.1,100,91,17.2,0.2,0.0,34.0
2024-03-11 09:00:00,8.5,100,91,14.8,0.3,0.0,52.7
2024-03-11 10:00:00,9.0,100,91,15.0,0.3,0.0,70.6
2024-03-11 11:00:00,11.2,100,83,18.0,0.0,0.0,284.4
2024-03-11 12:00:00,11.8,100,78,18.2,0.0,0.0,261.0
2024-03-11 13:00:00,12.7,100,72,19.7,0.0,0.0,309.6
2024-03-11 14:00:00,12.5,99,74,18.4,0.0,0.0,296.3
2024-03-11 15:00:00,12.6,100,74,16.8,0.0,0.0,202.8
2024-03-11 16:00:00,12.3,100,78,15.2,0.0,0.0,133.3
2024-03-11 17:00:00,12.0,100,83,13.7,0.0,0.0,70.2
2024-03-11 18:00:00,11.5,100,85,12.7,0.0,0.0,22.7
2024-03-11 19:00:00,10.5,100,89,13.3,0.0,0.0,0.0
2024-03-11 20:00:00,9.8,100,91,11.4,0.1,0.0,0.0
2024-03-11 21:00:00,9.4,100,92,9.1,0.0,0.0,0.0
2024-03-11 22:00:00,8.9,90,93,8.4,0.1,0.0,0.0
2024-03-11 23:00:00,8.3,100,94,10.4,0.0,0.0,0.0
2024-03-12 00:00:00,8.3,100,93,9.7,0.0,0.0,0.0
2024-03-12 01:00:00,8.1,90,93,9.4,0.0,0.0,0.0
2024-03-12 02:00:00,6.5,100,96,7.2,0.0,0.0,0.0
2024-03-12 03:00:00,6.2,100,96,9.4,0.0,0.0,0.0
2024-03-12 04:00:00,6.1,100,96,10.1,0.0,0.0,0.0
2024-03-12 05:00:00,5.6,100,97,8.7,0.1,0.0,0.0
2024-03-12 06:00:00,5.6,100,97,8.1,0.0,0.0,0.0
2024-03-12 07:00:00,5.6,100,97,8.4,0.1,0.0,0.0
2024-03-12 08:00:00,5.7,100,97,7.6,0.1,0.0,25.6
2024-03-12 09:00:00,6.4,100,95,7.7,0.2,0.0,76.5
2024-03-12 10:00:00,7.0,100,93,5.4,0.6,0.0,88.0
2024-03-12 11:00:00,7.4,100,93,5.2,0.5,0.0,79.0
2024-03-12 12:00:00,8.5,100,88,5.5,0.0,0.0,189.6
2024-03-12 13:00:00,9.1,100,85,7.9,0.0,0.0,181.5
2024-03-12 14:00:00,9.5,100,83,9.9,0.0,0.0,181.7
2024-03-12 15:00:00,9.0,100,83,10.0,0.3,0.0,166.6
2024-03-12 16:00:00,8.5,100,86,12.1,0.3,0.0,85.2
2024-03-12 17:00:00,8.1,100,87,13.2,0.1,0.0,58.6
2024-03-12 18:00:00,7.7,100,89,11.2,0.1,0.0,17.3
2024-03-12 19:00:00,7.3,100,92,9.4,0.0,0.0,0.0
2024-03-12 20:00:00,7.0,100,93,10.4,0.1,0.0,0.0
2024-03-12 21:00:00,6.7,100,94,10.0,0.0,0.0,0.0
2024-03-12 22:00:00,6.3,100,95,10.2,0.0,0.0,0.0
2024-03-12 23:00:00,6.0,100,96,10.4,0.0,0.0,0.0
2024-03-13 00:00:00,6.0,100,96,11.8,0.1,0.0,0.0
2024-03-13 01:00:00,5.9,100,96,12.1,0.5,0.0,0.0
2024-03-13 02:00:00,5.8,100,96,12.1,0.2,0.0,0.0
2024-03-13 03:00:00,6.0,100,94,14.8,0.0,0.0,0.0
2024-03-13 04:00:00,6.0,100,94,13.2,0.1,0.0,0.0
2024-03-13 05:00:00,5.9,100,95,11.4,0.2,0.0,0.0
2024-03-13 06:00:00,5.9,100,96,9.7,0.1,0.0,0.0
2024-03-13 07:00:00,5.8,100,96,9.9,0.1,0.0,0.0
2024-03-13 08:00:00,5.9,100,95,11.4,0.0,0.0,13.4
2024-03-13 09:00:00,6.3,100,91,12.0,0.0,0.0,74.6
2024-03-13 10:00:00,6.7,100,90,11.7,0.0,0.0,125.2
2024-03-13 11:00:00,7.6,100,84,13.5,0.0,0.0,199.4
2024-03-13 12:00:00,9.2,96,73,14.8,0.0,0.0,336.1
2024-03-13 13:00:00,10.5,82,63,17.1,0.0,0.0,401.2
2024-03-13 14:00:00,10.7,88,60,18.5,0.1,0.0,365.3
2024-03-13 15:00:00,10.4,100,58,17.7,0.0,0.0,267.3
2024-03-13 16:00:00,10.1,100,58,16.6,0.0,0.0,135.4
2024-03-13 17:00:00,9.7,61,59,14.4,0.0,0.0,81.8
2024-03-13 18:00:00,9.1,12,63,10.5,0.0,0.0,53.5
2024-03-13 19:00:00,6.4,28,76,6.7,0.0,0.0,0.0
2024-03-13 20:00:00,5.6,96,81,7.8,0.0,0.0,0.0
2024-03-13 21:00:00,5.4,99,81,7.2,0.0,0.0,0.0
2024-03-13 22:00:00,5.5,60,81,6.6,0.0,0.0,0.0
2024-03-13 23:00:00,4.1,11,90,7.0,0.0,0.0,0.0
2024-03-14 00:00:00,4.6,22,86,3.7,0.0,0.0,0.0
2024-03-14 01:00:00,4.0,14,89,3.9,0.0,0.0,0.0
2024-03-14 02:00:00,1.5,17,96,5.4,0.0,0.0,0.0
2024-03-14 03:00:00,1.7,16,98,4.5,0.0,0.0,0.0
2024-03-14 04:00:00,0.6,61,100,6.9,0.0,0.0,0.0
2024-03-14 05:00:00,0.6,100,99,5.1,0.0,0.0,0.0
2024-03-14 06:00:00,1.0,100,99,5.9,0.0,0.0,0.0
2024-03-14 07:00:00,1.1,100,100,6.5,0.0,0.0,0.0
2024-03-14 08:00:00,1.3,100,99,5.6,0.0,0.0,57.9
2024-03-14 09:00:00,3.1,100,99,2.3,0.0,0.0,153.6
2024-03-14 10:00:00,5.9,39,93,2.1,0.0,0.0,295.4
2024-03-14 11:00:00,8.9,0,77,3.4,0.0,0.0,484.8
2024-03-14 12:00:00,10.5,8,62,1.8,0.0,0.0,591.2
2024-03-14 13:00:00,11.4,50,53,1.1,0.0,0.0,597.7
2024-03-14 14:00:00,11.4,100,48,1.6,0.0,0.0,419.8
2024-03-14 15:00:00,10.8,100,50,0.8,0.0,0.0,193.8
2024-03-14 16:00:00,10.7,100,50,0.8,0.0,0.0,170.8
2024-03-14 17:00:00,10.3,100,51,4.1,0.0,0.0,96.4
2024-03-14 18:00:00,9.4,100,62,9.2,0.0,0.0,36.4
2024-03-14 19:00:00,8.2,100,73,10.5,0.0,0.0,0.0
2024-03-14 20:00:00,7.7,99,76,8.9,0.0,0.0,0.0
2024-03-14 21:00:00,6.5,0,80,10.2,0.0,0.0,0.0
2024-03-14 22:00:00,4.7,0,87,12.1,0.0,0.0,0.0
2024-03-14 23:00:00,3.7,0,91,11.0,0.0,0.0,0.0
2024-03-15 00:00:00,3.1,3,92,10.2,0.0,0.0,0.0
2024-03-15 01:00:00,2.8,3,93,10.2,0.0,0.0,0.0
2024-03-15 02:00:00,2.4,29,93,10.4,0.0,0.0,0.0
2024-03-15 03:00:00,2.0,17,95,8.3,0.0,0.0,0.0
2024-03-15 04:00:00,1.7,2,95,8.9,0.0,0.0,0.0
2024-03-15 05:00:00,1.5,100,95,9.8,0.0,0.0,0.0
2024-03-15 06:00:00,1.4,30,95,10.5,0.0,0.0,0.0
2024-03-15 07:00:00,1.3,99,95,11.8,0.0,0.0,0.0
2024-03-15 08:00:00,2.5,70,91,13.2,0.0,0.0,92.9
2024-03-15 09:00:00,4.8,81,86,11.0,0.0,0.0,223.7
2024-03-15 10:00:00,7.7,98,75,11.2,0.0,0.0,358.8
2024-03-15 11:00:00,10.1,99,63,11.4,0.0,0.0,463.4
2024-03-15 12:00:00,11.7,100,58,11.2,0.0,0.0,521.8
2024-03-15 13:00:00,13.0,100,58,12.1,0.0,0.0,537.1
2024-03-15 14:00:00,14.9,100,51,15.3,0.0,0.0,513.1
2024-03-15 15:00:00,15.1,100,45,12.5,0.0,0.0,382.3
2024-03-15 16:00:00,14.3,100,52,15.9,0.0,0.0,241.5
2024-03-15 17:00:00,13.9,100,54,14.4,0.0,0.0,168.6
2024-03-15 18:00:00,12.4,100,63,9.2,0.0,0.0,62.4
2024-03-15 19:00:00,10.6,100,68,9.8,0.0,0.0,0.0
2024-03-15 20:00:00,9.7,100,73,9.3,0.0,0.0,0.0
2024-03-15 21:00:00,9.2,100,74,10.5,0.0,0.0,0.0
2024-03-15 22:00:00,9.2,100,71,12.8,0.0,0.0,0.0
2024-03-15 23:00:00,8.5,100,74,13.0,0.0,0.0,0.0
2024-03-16 00:00:00,8.1,100,75,13.4,0.0,0.0,0.0
2024-03-16 01:00:00,7.9,100,75,13.5,0.0,0.0,0.0
2024-03-16 02:00:00,8.4,100,71,14.9,0.0,0.0,0.0
2024-03-16 03:00:00,9.2,100,66,14.3,0.0,0.0,0.0
2024-03-16 04:00:00,8.6,100,69,14.5,0.0,0.0,0.0
2024-03-16 05:00:00,8.7,100,69,14.7,0.0,0.0,0.0
2024-03-16 06:00:00,8.4,100,71,14.5,0.0,0.0,0.0
2024-03-16 07:00:00,7.9,100,73,15.3,0.0,0.0,0.0
2024-03-16 08:00:00,8.4,100,74,17.1,0.0,0.0,65.7
2024-03-16 09:00:00,9.7,100,73,14.5,0.0,0.0,134.7
2024-03-16 10:00:00,11.3,100,70,16.8,0.0,0.0,270.8
2024-03-16 11:00:00,13.3,95,67,17.7,0.0,0.0,443.3
2024-03-16 12:00:00,14.8,100,61,17.2,0.0,0.0,559.1
2024-03-16 13:00:00,15.3,98,60,15.6,0.0,0.0,532.9
2024-03-16 14:00:00,15.8,94,61,14.5,0.0,0.0,474.3
2024-03-16 15:00:00,14.8,100,57,21.7,0.2,0.0,373.1
2024-03-16 16:00:00,12.9,96,72,16.6,0.1,0.0,227.7
2024-03-16 17:00:00,13.4,71,72,14.2,0.0,0.0,201.2
2024-03-16 18:00:00,12.3,57,80,11.2,0.1,0.0,76.2
2024-03-16 19:00:00,10.0,86,92,8.8,3.0,0.0,0.0
2024-03-16 20:00:00,9.8,74,88,13.5,0.0,0.0,0.0
2024-03-16 21:00:00,9.0,78,92,7.0,0.2,0.0,0.0
2024-03-16 22:00:00,8.4,98,95,8.4,1.4,0.0,0.0
2024-03-16 23:00:00,8.7,98,92,13.3,0.2,0.0,0.0
2024-03-17 00:00:00,8.3,100,93,17.4,0.0,0.0,0.0
2024-03-17 01:00:00,8.1,100,94,22.0,0.2,0.0,0.0
2024-03-17 02:00:00,7.1,100,88,23.0,0.5,0.0,0.0
2024-03-17 03:00:00,6.6,100,85,21.4,0.0,0.0,0.0
2024-03-17 04:00:00,5.9,98,80,21.9,0.0,0.0,0.0
2024-03-17 05:00:00,4.6,0,81,19.5,0.0,0.0,0.0
2024-03-17 06:00:00,3.2,0,84,16.1,0.0,0.0,0.0
2024-03-17 07:00:00,2.4,3,87,14.9,0.0,0.0,0.0
2024-03-17 08:00:00,3.1,1,81,16.7,0.0,0.0,105.7
2024-03-17 09:00:00,4.2,15,71,20.0,0.0,0.0,262.6
2024-03-17 10:00:00,5.2,69,63,24.3,0.0,0.0,395.4
2024-03-17 11:00:00,5.8,89,57,25.5,0.0,0.0,411.1
2024-03-17 12:00:00,6.4,70,53,25.3,0.0,0.0,395.9
2024-03-17 13:00:00,7.3,49,49,25.1,0.0,0.0,452.2
2024-03-17 14:00:00,7.9,62,47,26.6,0.0,0.0,510.3
2024-03-17 15:00:00,7.7,61,46,26.6,0.0,0.0,369.6
2024-03-17 16:00:00,7.3,65,47,27.1,0.0,0.0,286.2
2024-03-17 17:00:00,6.7,44,50,24.0,0.0,0.0,195.4
2024-03-17 18:00:00,5.9,52,52,21.4,0.0,0.0,76.0
2024-03-17 19:00:00,4.6,2,58,14.5,0.0,0.0,0.0
2024-03-17 20:00:00,3.5,1,70,14.6,0.0,0.0,0.0
2024-03-17 21:00:00,2.7,15,77,12.8,0.0,0.0,0.0
2024-03-17 22:00:00,2.1,53,75,9.8,0.0,0.0,0.0
2024-03-17 23:00:00,1.9,96,70,11.9,0.0,0.0,0.0
2024-03-18 00:00:00,1.9,22,68,10.5,0.0,0.0,0.0
2024-03-18 01:00:00,1.6,77,69,9.2,0.0,0.0,0.0
2024-03-18 02:00:00,1.7,97,69,12.4,0.0,0.0,0.0
2024-03-18 03:00:00,1.0,100,73,13.3,0.0,0.0,0.0
2024-03-18 04:00:00,1.0,97,69,15.8,0.1,0.07,0.0
2024-03-18 05:00:00,0.5,100,68,14.6,0.0,0.0,0.0
2024-03-18 06:00:00,0.2,100,66,15.3,0.0,0.0,0.0
2024-03-18 07:00:00,-0.3,45,58,12.9,0.0,0.0,0.0
2024-03-18 08:00:00,-0.6,11,61,11.7,0.0,0.0,91.2
2024-03-18 09:00:00,0.2,52,64,14.9,0.0,0.0,265.0
2024-03-18 10:00:00,0.9,73,61,13.0,0.0,0.0,341.3
2024-03-18 11:00:00,1.5,95,60,11.6,0.0,0.0,383.4
2024-03-18 12:00:00,2.2,96,59,11.3,0.0,0.0,434.3
2024-03-18 13:00:00,2.6,100,58,11.2,0.0,0.0,413.9
2024-03-18 14:00:00,3.4,92,56,10.2,0.0,0.0,429.6
2024-03-18 15:00:00,2.7,100,58,9.8,0.0,0.0,272.6
2024-03-18 16:00:00,3.0,100,58,10.3,0.0,0.0,213.1
2024-03-18 17:00:00,2.9,100,58,10.5,0.0,0.0,116.9
2024-03-18 18:00:00,2.6,100,59,9.8,0.0,0.0,32.2
2024-03-18 19:00:00,2.5,100,59,9.1,0.0,0.0,0.0
2024-03-18 20:00:00,2.5,100,60,8.0,0.0,0.0,0.0
2024-03-18 21:00:00,2.0,94,64,9.7,0.0,0.0,0.0
2024-03-18 22:00:00,0.8,94,71,9.3,0.0,0.0,0.0
2024-03-18 23:00:00,-0.6,10,79,8.2,0.0,0.0,0.0
2024-03-19 00:00:00,-1.8,24,85,7.4,0.0,0.0,0.0
2024-03-19 01:00:00,-2.7,63,87,7.9,0.0,0.0,0.0
2024-03-19 02:00:00,-2.3,95,86,7.2,0.0,0.0,0.0
2024-03-19 03:00:00,-1.8,3,84,7.9,0.0,0.0,0.0
2024-03-19 04:00:00,-1.6,50,84,9.4,0.0,0.0,0.0
2024-03-19 05:00:00,-1.3,32,85,9.4,0.0,0.0,0.0
2024-03-19 06:00:00,-1.5,25,88,8.0,0.0,0.0,0.0
2024-03-19 07:00:00,-1.4,100,90,7.2,0.0,0.0,0.0
2024-03-19 08:00:00,0.6,100,84,10.4,0.0,0.0,70.6
2024-03-19 09:00:00,1.4,100,76,10.6,0.0,0.0,136.3
2024-03-19 10:00:00,2.3,99,67,10.1,0.0,0.0,215.9
2024-03-19 11:00:00,3.1,100,62,8.4,0.0,0.0,294.9
2024-03-19 12:00:00,4.0,97,58,8.1,0.0,0.0,366.2
2024-03-19 13:00:00,4.6,73,56,7.2,0.0,0.0,339.3
2024-03-19 14:00:00,5.8,96,52,5.8,0.0,0.0,453.0
2024-03-19 15:00:00,6.7,80,49,5.4,0.0,0.0,425.0
2024-03-19 16:00:00,7.0,100,48,5.4,0.0,0.0,361.2
2024-03-19 17:00:00,6.9,51,48,5.8,0.0,0.0,203.8
2024-03-19 18:00:00,6.2,1,52,6.7,0.0,0.0,84.3
2024-03-19 19:00:00,3.7,16,66,8.6,0.0,0.0,0.0
2024-03-19 20:00:00,2.6,2,70,8.9,0.0,0.0,0.0
2024-03-19 21:00:00,1.5,0,76,7.6,0.0,0.0,0.0
2024-03-19 22:00:00,0.8,0,80,8.0,0.0,0.0,0.0
2024-03-19 23:00:00,0.1,0,87,8.1,0.0,0.0,0.0
2024-03-20 00:00:00,-0.6,0,89,7.2,0.0,0.0,0.0
2024-03-20 01:00:00,-1.3,0,90,6.5,0.0,0.0,0.0
2024-03-20 02:00:00,-1.8,0,91,6.4,0.0,0.0,0.0
2024-03-20 03:00:00,-2.2,0,90,7.9,0.0,0.0,0.0
2024-03-20 04:00:00,-2.5,0,91,8.2,0.0,0.0,0.0
2024-03-20 05:00:00,-3.0,0,92,8.4,0.0,0.0,0.0
2024-03-20 06:00:00,-2.7,1,92,5.7,0.0,0.0,0.0
2024-03-20 07:00:00,-2.7,54,92,5.9,0.0,0.0,13.9
2024-03-20 08:00:00,-0.4,100,89,7.1,0.0,0.0,111.0
2024-03-20 09:00:00,2.1,97,82,4.1,0.0,0.0,228.9
2024-03-20 10:00:00,4.8,25,70,5.5,0.0,0.0,399.7
2024-03-20 11:00:00,6.7,79,61,7.1,0.0,0.0,545.7
2024-03-20 12:00:00,8.1,95,56,6.6,0.0,0.0,623.6
2024-03-20 13:00:00,9.1,99,54,5.9,0.0,0.0,624.1
2024-03-20 14:00:00,9.8,100,53,5.3,0.0,0.0,582.3
2024-03-20 15:00:00,10.7,100,46,7.3,0.0,0.0,513.0
2024-03-20 16:00:00,10.9,100,45,6.6,0.0,0.0,370.5
2024-03-20 17:00:00,10.7,100,45,6.4,0.0,0.0,223.0
2024-03-20 18:00:00,9.2,98,69,5.1,0.0,0.0,94.9
2024-03-20 19:00:00,9.1,100,53,5.4,0.0,0.0,0.0
2024-03-20 20:00:00,8.3,100,56,5.6,0.0,0.0,0.0
2024-03-20 21:00:00,7.3,100,60,4.0,0.0,0.0,0.0
2024-03-20 22:00:00,5.5,100,69,2.9,0.0,0.0,0.0
2024-03-20 23:00:00,4.9,100,72,2.2,0.0,0.0,0.0
2024-03-21 00:00:00,4.5,100,75,1.6,0.0,0.0,0.0
2024-03-21 01:00:00,2.0,100,90,3.6,0.0,0.0,0.0
2024-03-21 02:00:00,0.7,42,92,4.6,0.0,0.0,0.0
2024-03-21 03:00:00,1.0,74,91,4.5,0.0,0.0,0.0
2024-03-21 04:00:00,0.1,95,93,5.4,0.0,0.0,0.0
2024-03-21 05:00:00,-0.7,98,94,6.0,0.0,0.0,0.0
2024-03-21 06:00:00,-1.1,41,95,5.7,0.0,0.0,0.0
2024-03-21 07:00:00,-1.1,82,95,4.6,0.0,0.0,11.1
2024-03-21 08:00:00,1.5,100,91,6.7,0.0,0.0,111.8
2024-03-21 09:00:00,4.9,100,82,5.9,0.0,0.0,235.4
2024-03-21 10:00:00,7.2,100,74,5.9,0.0,0.0,306.9
2024-03-21 11:00:00,9.1,100,67,6.3,0.0,0.0,375.7
2024-03-21 12:00:00,10.8,98,56,6.4,0.0,0.0,488.8
2024-03-21 13:00:00,12.1,100,51,5.2,0.0,0.0,585.7
2024-03-21 14:00:00,13.0,100,50,4.6,0.0,0.0,581.4
2024-03-21 15:00:00,13.9,100,43,2.6,0.0,0.0,474.0
2024-03-21 16:00:00,14.0,100,44,3.2,0.0,0.0,355.8
2024-03-21 17:00:00,13.7,99,45,3.7,0.0,0.0,223.6
2024-03-21 18:00:00,12.0,100,68,4.5,0.0,0.0,65.2
2024-03-21 19:00:00,9.9,100,67,7.6,0.0,0.0,0.0
2024-03-21 20:00:00,8.2,100,77,9.2,0.0,0.0,0.0
2024-03-21 21:00:00,8.9,100,75,5.8,0.0,0.0,0.0
2024-03-21 22:00:00,9.0,92,75,5.9,0.0,0.0,0.0
2024-03-21 23:00:00,8.6,100,75,10.7,0.0,0.0,0.0
2024-03-22 00:00:00,7.5,98,85,10.5,0.0,0.0,0.0
2024-03-22 01:00:00,6.8,100,93,12.1,0.0,0.0,0.0
2024-03-22 02:00:00,6.8,100,95,11.8,0.0,0.0,0.0
2024-03-22 03:00:00,7.5,100,95,12.0,0.0,0.0,0.0
2024-03-22 04:00:00,7.7,100,95,14.2,0.0,0.0,0.0
2024-03-22 05:00:00,7.6,100,96,13.4,0.0,0.0,0.0
2024-03-22 06:00:00,7.9,100,96,11.8,0.0,0.0,0.0
2024-03-22 07:00:00,7.8,100,96,13.3,0.0,0.0,9.2
2024-03-22 08:00:00,7.8,100,92,14.5,0.0,0.0,23.6
2024-03-22 09:00:00,7.9,100,88,12.9,0.0,0.0,64.6
2024-03-22 10:00:00,8.9,100,81,13.1,0.0,0.0,169.8
2024-03-22 11:00:00,9.5,100,75,14.4,0.0,0.0,212.6
2024-03-22 12:00:00,9.4,100,75,14.5,0.0,0.0,164.6
2024-03-22 13:00:00,9.5,100,73,14.1,0.0,0.0,133.8
2024-03-22 14:00:00,9.6,100,73,15.6,0.0,0.0,105.0
2024-03-22 15:00:00,11.7,100,61,17.0,0.0,0.0,222.6
2024-03-22 16:00:00,11.9,100,59,14.2,0.0,0.0,197.2
2024-03-22 17:00:00,11.4,100,63,9.7,0.1,0.0,77.5
2024-03-22 18:00:00,10.4,100,71,9.5,0.0,0.0,23.7
2024-03-22 19:00:00,9.8,100,75,6.5,0.0,0.0,0.0
2024-03-22 20:00:00,9.8,100,75,13.7,0.0,0.0,0.0
2024-03-22 21:00:00,10.2,100,68,15.3,0.0,0.0,0.0
2024-03-22 22:00:00,10.1,100,66,16.6,0.0,0.0,0.0
2024-03-22 23:00:00,10.0,100,67,17.8,0.0,0.0,0.0
2024-03-23 00:00:00,9.9,100,68,16.9,0.0,0.0,0.0
2024-03-23 01:00:00,9.7,100,68,14.8,0.0,0.0,0.0
2024-03-23 02:00:00,9.2,91,69,13.3,0.0,0.0,0.0
2024-03-23 03:00:00,9.3,100,73,13.0,0.0,0.0,0.0
2024-03-23 04:00:00,9.0,100,76,10.7,0.0,0.0,0.0
2024-03-23 05:00:00,8.9,97,75,11.7,0.0,0.0,0.0
2024-03-23 06:00:00,8.7,100,74,12.0,0.0,0.0,0.0
2024-03-23 07:00:00,8.6,100,79,12.6,0.8,0.0,7.9
2024-03-23 08:00:00,9.3,100,79,17.0,0.0,0.0,39.6
2024-03-23 09:00:00,10.2,38,77,17.9,0.0,0.0,68.1
2024-03-23 10:00:00,13.1,65,66,17.4,0.0,0.0,400.7
2024-03-23 11:00:00,14.6,21,59,20.5,0.0,0.0,459.5
2024-03-23 12:00:00,16.4,6,52,23.2,0.0,0.0,615.3
2024-03-23 13:00:00,17.5,95,48,27.5,0.0,0.0,651.8
2024-03-23 14:00:00,17.5,9,47,27.3,0.0,0.0,387.9
2024-03-23 15:00:00,18.5,88,41,29.8,0.0,0.0,483.7
2024-03-23 16:00:00,13.0,100,82,33.9,2.1,0.0,239.2
2024-03-23 17:00:00,11.7,100,87,20.3,1.2,0.0,45.0
2024-03-23 18:00:00,10.8,100,87,21.5,1.0,0.0,15.3
2024-03-23 19:00:00,7.5,100,87,29.0,1.5,0.0,0.0
2024-03-23 20:00:00,5.9,100,86,25.3,0.3,0.0,0.0
2024-03-23 21:00:00,5.1,100,85,23.2,0.0,0.0,0.0
2024-03-23 22:00:00,4.7,100,84,20.6,0.0,0.0,0.0
2024-03-23 23:00:00,4.5,100,82,18.7,0.0,0.0,0.0
2024-03-24 00:00:00,4.3,100,81,15.6,0.0,0.0,0.0
2024-03-24 01:00:00,3.9,100,81,14.1,0.0,0.0,0.0
2024-03-24 02:00:00,3.7,100,81,10.8,0.0,0.0,0.0
2024-03-24 03:00:00,2.6,59,88,5.8,0.0,0.0,0.0
2024-03-24 04:00:00,1.5,40,92,6.0,0.0,0.0,0.0
2024-03-24 05:00:00,1.9,57,93,6.4,0.1,0.0,0.0
2024-03-24 06:00:00,1.6,77,95,7.1,0.0,0.0,0.0
2024-03-24 07:00:00,2.1,90,95,8.9,0.0,0.0,13.7
2024-03-24 08:00:00,2.8,62,92,9.0,0.3,0.0,93.9
2024-03-24 09:00:00,3.4,99,88,8.4,0.7,0.28,170.7
2024-03-24 10:00:00,3.9,100,86,13.8,0.2,0.0,187.4
2024-03-24 11:00:00,3.0,45,89,11.8,1.8,0.91,105.0
2024-03-24 12:00:00,5.7,72,77,12.2,0.1,0.0,496.3
2024-03-24 13:00:00,6.9,99,67,14.2,0.2,0.0,530.0
2024-03-24 14:00:00,7.7,86,58,15.3,0.1,0.0,451.2
2024-03-24 15:00:00,7.7,78,53,12.6,0.0,0.0,303.2
2024-03-24 16:00:00,7.8,84,56,14.8,0.2,0.0,372.9
2024-03-24 17:00:00,7.4,52,55,20.5,0.4,0.0,240.1
2024-03-24 18:00:00,6.1,66,66,17.1,0.0,0.0,110.1
2024-03-24 19:00:00,4.9,5,74,12.0,0.0,0.0,0.0
2024-03-24 20:00:00,3.5,12,82,13.0,0.0,0.0,0.0
2024-03-24 21:00:00,3.1,11,85,14.5,0.0,0.0,0.0
2024-03-24 22:00:00,2.9,37,85,16.1,0.0,0.0,0.0
2024-03-24 23:00:00,2.8,34,84,16.4,0.0,0.0,0.0
2024-03-25 00:00:00,2.4,50,83,16.1,0.0,0.0,0.0
2024-03-25 01:00:00,2.2,36,83,15.3,0.0,0.0,0.0
2024-03-25 02:00:00,1.9,32,83,16.0,0.0,0.0,0.0
2024-03-25 03:00:00,1.7,10,88,16.3,0.0,0.0,0.0
2024-03-25 04:00:00,1.6,20,90,17.1,0.0,0.0,0.0
2024-03-25 05:00:00,1.4,89,91,17.3,0.0,0.0,0.0
2024-03-25 06:00:00,1.4,99,91,17.1,0.0,0.0,0.0
2024-03-25 07:00:00,1.8,95,89,18.1,0.0,0.0,18.2
2024-03-25 08:00:00,3.2,95,82,21.5,0.1,0.0,100.2
2024-03-25 09:00:00,4.9,100,75,20.8,0.0,0.0,236.1
2024-03-25 10:00:00,5.0,99,75,22.6,0.8,0.35,271.5
2024-03-25 11:00:00,4.8,100,81,19.6,0.2,0.0,182.8
2024-03-25 12:00:00,6.1,99,72,20.5,0.1,0.0,240.2
2024-03-25 13:00:00,6.0,77,79,18.9,0.5,0.0,384.1
2024-03-25 14:00:00,7.0,53,75,20.5,0.3,0.0,513.4
2024-03-25 15:00:00,8.3,65,66,19.3,0.1,0.0,479.4
2024-03-25 16:00:00,7.1,52,75,19.0,0.6,0.0,326.0
2024-03-25 17:00:00,6.5,26,78,20.5,0.1,0.0,223.4
2024-03-25 18:00:00,6.0,39,75,16.4,0.1,0.0,108.4
2024-03-25 19:00:00,4.9,30,83,11.8,0.0,0.0,0.5
2024-03-25 20:00:00,3.8,28,88,8.6,0.0,0.0,0.0
2024-03-25 21:00:00,2.5,29,92,6.7,0.0,0.0,0.0
2024-03-25 22:00:00,2.1,19,94,6.9,0.0,0.0,0.0
2024-03-25 23:00:00,1.3,0,96,7.0,0.0,0.0,0.0
2024-03-26 00:00:00,0.7,0,96,7.2,0.0,0.0,0.0
2024-03-26 01:00:00,0.4,0,95,7.0,0.0,0.0,0.0
2024-03-26 02:00:00,-0.1,0,94,7.3,0.0,0.0,0.0
2024-03-26 03:00:00,-0.8,1,95,10.6,0.0,0.0,0.0
2024-03-26 04:00:00,-1.2,92,94,11.6,0.0,0.0,0.0
2024-03-26 05:00:00,-1.3,0,93,9.2,0.0,0.0,0.0
2024-03-26 06:00:00,-1.1,1,94,7.2,0.0,0.0,0.0
2024-03-26 07:00:00,-0.2,1,93,10.3,0.0,0.0,27.3
2024-03-26 08:00:00,2.2,0,87,14.7,0.0,0.0,153.4
2024-03-26 09:00:00,4.9,0,82,13.8,0.0,0.0,321.0
2024-03-26 10:00:00,7.8,0,67,16.6,0.0,0.0,475.9
2024-03-26 11:00:00,10.2,0,51,19.5,0.0,0.0,595.3
2024-03-26 12:00:00,11.8,26,45,19.4,0.0,0.0,667.3
2024-03-26 13:00:00,12.8,12,49,22.5,0.0,0.0,688.6
2024-03-26 14:00:00,14.5,19,36,25.0,0.0,0.0,653.5
2024-03-26 15:00:00,14.4,82,33,25.6,0.0,0.0,507.7
2024-03-26 16:00:00,14.0,100,33,24.9,0.0,0.0,423.5
2024-03-26 17:00:00,13.5,100,36,22.5,0.0,0.0,288.1
2024-03-26 18:00:00,12.2,100,43,19.0,0.0,0.0,131.8
2024-03-26 19:00:00,10.2,100,47,19.2,0.0,0.0,3.1
2024-03-26 20:00:00,9.2,39,48,19.5,0.0,0.0,0.0
2024-03-26 21:00:00,8.0,7,52,17.1,0.0,0.0,0.0
2024-03-26 22:00:00,6.9,82,57,16.5,0.0,0.0,0.0
2024-03-26 23:00:00,6.1,36,61,15.9,0.0,0.0,0.0
2024-03-27 00:00:00,5.2,68,64,15.6,0.0,0.0,0.0
2024-03-27 01:00:00,5.0,99,64,17.6,0.0,0.0,0.0
2024-03-27 02:00:00,5.3,98,61,18.9,0.0,0.0,0.0
2024-03-27 03:00:00,6.5,83,55,16.5,0.0,0.0,0.0
2024-03-27 04:00:00,6.9,80,51,15.1,0.0,0.0,0.0
2024-03-27 05:00:00,6.3,9,52,11.2,0.0,0.0,0.0
2024-03-27 06:00:00,4.0,46,64,9.8,0.0,0.0,0.0
2024-03-27 07:00:00,5.4,7,58,10.6,0.0,0.0,29.8
2024-03-27 08:00:00,7.5,57,58,13.8,0.0,0.0,149.6
2024-03-27 09:00:00,10.2,92,59,13.5,0.0,0.0,303.6
2024-03-27 10:00:00,12.2,99,53,16.9,0.0,0.0,438.7
2024-03-27 11:00:00,13.7,96,55,19.4,0.0,0.0,537.6
2024-03-27 12:00:00,14.8,76,55,21.3,0.0,0.0,595.3
2024-03-27 13:00:00,15.8,35,53,22.3,0.0,0.0,645.2
2024-03-27 14:00:00,16.2,27,52,22.5,0.0,0.0,573.8
2024-03-27 15:00:00,16.7,87,49,26.3,0.0,0.0,547.2
2024-03-27 16:00:00,16.9,76,50,26.6,0.0,0.0,396.2
2024-03-27 17:00:00,16.0,36,53,23.9,0.0,0.0,270.6
2024-03-27 18:00:00,14.7,94,58,19.5,0.0,0.0,132.9
2024-03-27 19:00:00,12.9,40,63,16.7,0.0,0.0,4.8
2024-03-27 20:00:00,11.5,28,65,17.3,0.0,0.0,0.0
2024-03-27 21:00:00,10.6,87,66,14.3,0.0,0.0,0.0
2024-03-27 22:00:00,10.0,81,71,16.0,0.0,0.0,0.0
2024-03-27 23:00:00,9.9,79,72,17.4,0.0,0.0,0.0
2024-03-28 00:00:00,9.6,74,73,17.9,0.0,0.0,0.0
2024-03-28 01:00:00,9.5,48,75,17.3,0.0,0.0,0.0
2024-03-28 02:00:00,10.0,43,76,18.0,0.0,0.0,0.0
2024-03-28 03:00:00,12.1,76,67,24.2,0.0,0.0,0.0
2024-03-28 04:00:00,11.9,100,69,23.6,0.0,0.0,0.0
2024-03-28 05:00:00,11.7,99,72,21.1,0.0,0.0,0.0
2024-03-28 06:00:00,11.3,100,79,17.9,0.5,0.0,0.0
2024-03-28 07:00:00,11.0,100,83,15.8,0.7,0.0,13.7
2024-03-28 08:00:00,11.5,100,79,20.6,0.1,0.0,42.6
2024-03-28 09:00:00,11.4,96,80,22.0,0.4,0.0,54.3
2024-03-28 10:00:00,13.1,99,67,31.8,0.0,0.0,351.7
2024-03-28 11:00:00,13.0,100,63,36.4,0.0,0.0,346.2
2024-03-28 12:00:00,13.0,95,64,35.9,0.0,0.0,480.8
2024-03-28 13:00:00,12.8,90,67,35.0,0.1,0.0,496.4
2024-03-28 14:00:00,13.4,60,61,33.1,0.0,0.0,471.7
2024-03-28 15:00:00,13.7,26,58,32.6,0.0,0.0,484.6
2024-03-28 16:00:00,14.3,21,47,30.5,0.0,0.0,414.5
2024-03-28 17:00:00,13.7,9,49,30.3,0.0,0.0,300.2
2024-03-28 18:00:00,13.4,21,48,25.5,0.0,0.0,140.1
2024-03-28 19:00:00,11.9,88,53,16.4,0.0,0.0,8.4
2024-03-28 20:00:00,9.0,95,67,8.4,0.0,0.0,0.0
2024-03-28 21:00:00,8.4,100,67,9.4,0.0,0.0,0.0
2024-03-28 22:00:00,9.0,100,72,14.1,1.0,0.0,0.0
2024-03-28 23:00:00,8.2,100,88,14.2,1.6,0.0,0.0
2024-03-29 00:00:00,7.8,100,83,19.5,1.4,0.0,0.0
2024-03-29 01:00:00,7.6,100,86,18.5,1.1,0.0,0.0
2024-03-29 02:00:00,7.4,100,85,19.2,0.1,0.0,0.0
2024-03-29 03:00:00,6.3,4,88,13.8,0.0,0.0,0.0
2024-03-29 04:00:00,5.4,0,91,15.0,0.0,0.0,0.0
2024-03-29 05:00:00,4.9,0,90,14.4,0.0,0.0,0.0
2024-03-29 06:00:00,4.3,0,89,12.0,0.0,0.0,0.0
2024-03-29 07:00:00,4.2,5,88,13.9,0.0,0.0,37.8
2024-03-29 08:00:00,6.0,9,85,19.2,0.0,0.0,168.1
2024-03-29 09:00:00,8.3,90,73,17.9,0.0,0.0,337.0
2024-03-29 10:00:00,10.5,100,63,20.5,0.0,0.0,480.3
2024-03-29 11:00:00,12.6,91,52,23.1,0.0,0.0,536.6
2024-03-29 12:00:00,14.0,47,50,24.4,0.0,0.0,651.8
2024-03-29 13:00:00,14.9,2,44,24.7,0.0,0.0,685.1
2024-03-29 14:00:00,16.0,4,41,22.1,0.0,0.0,659.4
2024-03-29 15:00:00,16.5,100,37,24.4,0.0,0.0,574.8
2024-03-29 16:00:00,16.6,93,41,24.1,0.0,0.0,431.8
2024-03-29 17:00:00,16.0,87,46,22.0,0.0,0.0,277.6
2024-03-29 18:00:00,14.8,69,55,19.3,0.0,0.0,130.6
2024-03-29 19:00:00,13.4,45,62,14.8,0.0,0.0,10.1
2024-03-29 20:00:00,12.7,75,70,16.6,0.0,0.0,0.0
2024-03-29 21:00:00,12.4,63,72,18.4,0.0,0.0,0.0
2024-03-29 22:00:00,12.5,86,73,18.5,0.0,0.0,0.0
2024-03-29 23:00:00,12.6,100,75,18.1,0.0,0.0,0.0
2024-03-30 00:00:00,12.8,100,74,18.9,0.0,0.0,0.0
2024-03-30 01:00:00,12.6,90,74,18.3,0.0,0.0,0.0
2024-03-30 02:00:00,11.8,86,77,17.2,0.0,0.0,0.0
2024-03-30 03:00:00,11.3,22,76,12.6,0.0,0.0,0.0
2024-03-30 04:00:00,10.6,12,79,11.6,0.0,0.0,0.0
2024-03-30 05:00:00,10.5,0,79,12.3,0.0,0.0,0.0
2024-03-30 06:00:00,10.2,72,79,12.9,0.0,0.0,0.0
2024-03-30 07:00:00,10.5,55,78,13.8,0.0,0.0,39.1
2024-03-30 08:00:00,12.5,6,71,15.3,0.0,0.0,166.1
2024-03-30 09:00:00,14.8,0,65,15.0,0.0,0.0,333.4
2024-03-30 10:00:00,16.6,0,59,18.1,0.0,0.0,487.4
2024-03-30 11:00:00,18.6,0,56,20.2,0.0,0.0,607.2
2024-03-30 12:00:00,20.1,0,48,22.2,0.0,0.0,676.4
2024-03-30 13:00:00,20.8,1,47,22.9,0.0,0.0,699.1
2024-03-30 14:00:00,21.9,21,42,23.8,0.0,0.0,667.2
2024-03-30 15:00:00,22.1,37,35,27.5,0.0,0.0,586.3
2024-03-30 16:00:00,21.8,40,35,28.6,0.0,0.0,465.3
2024-03-30 17:00:00,21.2,73,37,26.5,0.0,0.0,311.4
2024-03-30 18:00:00,19.6,34,41,21.0,0.0,0.0,142.1
2024-03-30 19:00:00,17.3,4,47,12.3,0.0,0.0,13.7
2024-03-30 20:00:00,14.6,14,58,10.8,0.0,0.0,0.0
2024-03-30 21:00:00,14.6,2,60,15.9,0.0,0.0,0.0
2024-03-30 22:00:00,15.0,1,57,19.1,0.0,0.0,0.0
2024-03-30 23:00:00,14.1,1,59,16.4,0.0,0.0,0.0
2024-03-31 00:00:00,13.5,15,60,16.9,0.0,0.0,0.0
2024-03-31 01:00:00,12.9,24,62,16.3,0.0,0.0,0.0
2024-03-31 02:00:00,12.4,1,63,15.3,0.0,0.0,0.0
2024-03-31 03:00:00,12.9,11,59,13.4,0.0,0.0,0.0
2024-03-31 04:00:00,15.1,39,50,22.1,0.0,0.0,0.0
2024-03-31 05:00:00,14.8,97,52,20.8,0.0,0.0,0.0
2024-03-31 06:00:00,14.2,92,55,20.2,0.0,0.0,0.0
2024-03-31 07:00:00,13.6,49,59,17.3,0.0,0.0,40.1
2024-03-31 08:00:00,15.0,63,58,18.8,0.0,0.0,171.5
2024-03-31 09:00:00,17.2,79,60,17.1,0.0,0.0,334.7
2024-03-31 10:00:00,19.0,97,47,23.2,0.0,0.0,486.7
2024-03-31 11:00:00,19.8,87,43,25.4,0.0,0.0,552.9
2024-03-31 12:00:00,20.6,99,40,26.4,0.0,0.0,597.3
2024-03-31 13:00:00,21.1,17,40,28.4,0.0,0.0,644.7
2024-03-31 14:00:00,21.3,0,39,31.4,0.0,0.0,663.4
2024-03-31 15:00:00,21.8,96,33,32.9,0.0,0.0,526.4
2024-03-31 16:00:00,21.5,100,36,32.4,0.0,0.0,423.6
2024-03-31 17:00:00,20.6,100,42,26.4,0.0,0.0,245.5
2024-03-31 18:00:00,19.6,99,43,24.5,0.0,0.0,109.8
2024-03-31 19:00:00,18.2,100,45,20.8,0.0,0.0,15.2
2024-03-31 20:00:00,17.2,100,44,18.2,0.0,0.0,0.0
2024-03-31 21:00:00,16.6,99,45,21.2,0.0,0.0,0.0
2024-03-31 22:00:00,16.2,9,48,22.5,0.0,0.0,0.0
2024-03-31 23:00:00,15.3,0,52,20.5,0.0,0.0,0.0
2024-04-01 00:00:00,14.5,21,56,18.3,0.0,0.0,0.0
2024-04-01 01:00:00,13.9,44,61,20.3,0.0,0.0,0.0
2024-04-01 02:00:00,13.3,27,65,20.5,0.0,0.0,0.0
2024-04-01 03:00:00,14.4,0,57,21.1,0.0,0.0,0.0
2024-04-01 04:00:00,13.5,11,60,17.8,0.0,0.0,0.0
2024-04-01 05:00:00,13.7,99,58,23.8,0.0,0.0,0.0
2024-04-01 06:00:00,13.5,99,60,17.9,0.0,0.0,0.0
2024-04-01 07:00:00,13.5,100,64,14.9,0.0,0.0,44.5
2024-04-01 08:00:00,15.4,95,62,18.7,0.0,0.0,153.8
2024-04-01 09:00:00,17.2,100,58,19.8,0.0,0.0,284.9
2024-04-01 10:00:00,18.6,100,53,22.4,0.0,0.0,385.6
2024-04-01 11:00:00,19.7,98,52,30.8,0.0,0.0,523.5
2024-04-01 12:00:00,20.7,99,51,29.7,0.0,0.0,562.9
2024-04-01 13:00:00,22.0,100,48,31.4,0.0,0.0,563.3
2024-04-01 14:00:00,22.6,96,46,28.3,0.0,0.0,454.3
2024-04-01 15:00:00,22.9,64,40,26.9,0.0,0.0,417.7
2024-04-01 16:00:00,23.7,95,39,24.5,0.0,0.0,423.9
2024-04-01 17:00:00,22.8,86,38,24.7,0.0,0.0,297.6
2024-04-01 18:00:00,21.5,92,39,36.9,0.0,0.0,151.1
2024-04-01 19:00:00,20.5,100,40,25.3,0.0,0.0,16.4
2024-04-01 20:00:00,19.5,100,42,17.1,0.0,0.0,0.0
2024-04-01 21:00:00,16.6,96,53,8.4,0.0,0.0,0.0
2024-04-01 22:00:00,16.0,100,60,16.5,0.0,0.0,0.0
2024-04-01 23:00:00,14.6,100,72,17.1,0.0,0.0,0.0
2024-04-02 00:00:00,12.8,100,75,20.3,0.0,0.0,0.0
2024-04-02 01:00:00,11.4,100,89,18.6,1.1,0.0,0.0
2024-04-02 02:00:00,11.0,100,92,18.0,1.6,0.0,0.0
2024-04-02 03:00:00,10.5,100,92,17.2,0.8,0.0,0.0
2024-04-02 04:00:00,10.1,100,93,18.4,1.6,0.0,0.0
2024-04-02 05:00:00,9.5,100,89,28.2,3.5,0.0,0.0
2024-04-02 06:00:00,8.1,100,88,24.2,3.9,0.0,0.0
2024-04-02 07:00:00,8.3,100,91,22.3,2.5,0.0,3.2
2024-04-02 08:00:00,8.1,100,91,24.7,1.4,0.0,17.2
2024-04-02 09:00:00,8.0,100,90,24.8,1.0,0.0,25.5
2024-04-02 10:00:00,8.3,100,89,23.1,0.5,0.0,77.7
2024-04-02 11:00:00,9.2,100,82,23.9,0.2,0.0,189.0
2024-04-02 12:00:00,10.4,100,77,27.4,0.0,0.0,280.8
2024-04-02 13:00:00,9.6,100,79,27.9,1.1,0.0,208.8
2024-04-02 14:00:00,11.7,100,66,25.2,0.1,0.0,218.9
2024-04-02 15:00:00,11.1,100,76,22.7,0.0,0.0,307.0
2024-04-02 16:00:00,9.6,100,80,18.7,0.9,0.0,143.5
2024-04-02 17:00:00,11.1,100,74,21.0,0.0,0.0,189.6
2024-04-02 18:00:00,11.6,100,66,20.2,0.0,0.0,109.0
2024-04-02 19:00:00,11.0,100,58,17.6,0.0,0.0,18.2
2024-04-02 20:00:00,10.4,100,56,18.7,0.0,0.0,0.0
2024-04-02 21:00:00,10.2,100,57,18.0,0.0,0.0,0.0
2024-04-02 22:00:00,9.2,48,61,19.8,0.0,0.0,0.0
2024-04-02 23:00:00,8.6,3,64,22.3,0.0,0.0,0.0
2024-04-03 00:00:00,8.3,5,68,22.2,0.0,0.0,0.0
2024-04-03 01:00:00,7.6,16,73,20.3,0.0,0.0,0.0
2024-04-03 02:00:00,7.4,4,74,21.6,0.0,0.0,0.0
2024-04-03 03:00:00,7.5,32,77,20.2,0.6,0.0,0.0
2024-04-03 04:00:00,7.5,45,75,21.7,0.0,0.0,0.0
2024-04-03 05:00:00,7.3,5,75,21.3,0.0,0.0,0.0
2024-04-03 06:00:00,6.8,1,76,21.9,0.0,0.0,0.0
2024-04-03 07:00:00,6.9,14,74,25.5,0.0,0.0,52.0
2024-04-03 08:00:00,8.5,7,67,31.2,0.0,0.0,177.9
2024-04-03 09:00:00,10.0,8,64,28.2,0.0,0.0,347.3
2024-04-03 10:00:00,11.5,2,59,30.6,0.0,0.0,487.9
2024-04-03 11:00:00,12.6,99,53,33.9,0.1,0.0,577.4
2024-04-03 12:00:00,12.6,100,53,34.3,0.0,0.0,378.0
2024-04-03 13:00:00,14.0,83,46,31.7,0.0,0.0,430.6
2024-04-03 14:00:00,14.6,99,43,28.5,0.0,0.0,363.8
2024-04-03 15:00:00,15.1,46,45,27.5,0.0,0.0,520.4
2024-04-03 16:00:00,15.2,100,44,27.8,0.0,0.0,353.7
2024-04-03 17:00:00,14.6,100,48,20.8,0.0,0.0,184.1
2024-04-03 18:00:00,13.5,100,54,16.6,0.0,0.0,90.9
2024-04-03 19:00:00,12.6,100,59,10.2,0.0,0.0,6.9
2024-04-03 20:00:00,11.1,100,73,13.7,0.2,0.0,0.0
2024-04-03 21:00:00,10.4,100,83,9.3,0.1,0.0,0.0
2024-04-03 22:00:00,9.9,100,87,8.6,0.0,0.0,0.0
2024-04-03 23:00:00,9.7,100,89,7.3,0.0,0.0,0.0
2024-04-04 00:00:00,9.7,100,91,6.0,0.1,0.0,0.0
2024-04-04 01:00:00,9.6,100,92,4.6,0.0,0.0,0.0
2024-04-04 02:00:00,8.3,100,96,5.7,0.0,0.0,0.0
2024-04-04 03:00:00,9.1,100,95,5.4,0.0,0.0,0.0
2024-04-04 04:00:00,8.7,100,96,6.5,0.0,0.0,0.0
2024-04-04 05:00:00,7.8,96,96,6.1,0.0,0.0,0.0
2024-04-04 06:00:00,7.3,92,95,6.6,0.0,0.0,0.0
2024-04-04 07:00:00,7.9,21,93,10.5,0.0,0.0,52.2
2024-04-04 08:00:00,9.5,11,90,11.4,0.0,0.0,186.1
2024-04-04 09:00:00,11.2,8,84,14.8,0.0,0.0,352.3
2024-04-04 10:00:00,12.5,39,71,20.6,0.1,0.0,499.6
2024-04-04 11:00:00,13.5,100,65,21.6,0.1,0.0,504.0
2024-04-04 12:00:00,14.3,73,59,19.1,0.0,0.0,382.0
2024-04-04 13:00:00,15.2,47,56,17.1,0.0,0.0,498.8
2024-04-04 14:00:00,15.4,48,55,19.2,0.0,0.0,450.4
2024-04-04 15:00:00,15.3,43,57,19.2,0.1,0.0,374.0
2024-04-04 16:00:00,16.0,19,54,18.8,0.0,0.0,388.1
2024-04-04 17:00:00,16.2,39,50,17.9,0.0,0.0,291.8
2024-04-04 18:00:00,15.6,100,53,16.9,0.0,0.0,164.7
2024-04-04 19:00:00,14.2,100,58,12.5,0.0,0.0,25.2
2024-04-04 20:00:00,12.8,100,65,15.6,0.0,0.0,0.0
2024-04-04 21:00:00,13.1,100,65,18.1,0.1,0.0,0.0
2024-04-04 22:00:00,12.7,100,70,21.5,0.0,0.0,0.0
2024-04-04 23:00:00,12.5,100,75,18.4,0.3,0.0,0.0
2024-04-05 00:00:00,11.5,100,85,23.7,0.6,0.0,0.0
2024-04-05 01:00:00,10.9,100,89,23.7,0.6,0.0,0.0
2024-04-05 02:00:00,10.9,65,88,22.4,0.3,0.0,0.0
2024-04-05 03:00:00,10.3,40,87,19.6,0.0,0.0,0.0
2024-04-05 04:00:00,9.6,42,89,16.1,0.0,0.0,0.0
2024-04-05 05:00:00,9.1,32,91,15.3,0.0,0.0,0.0
2024-04-05 06:00:00,8.4,30,92,13.2,0.0,0.0,0.0
2024-04-05 07:00:00,8.2,13,92,14.2,0.0,0.0,57.9
2024-04-05 08:00:00,9.9,10,84,17.0,0.0,0.0,194.3
2024-04-05 09:00:00,11.7,99,80,16.4,0.0,0.0,357.3
2024-04-05 10:00:00,13.5,99,72,19.2,0.0,0.0,487.7
2024-04-05 11:00:00,14.5,41,64,20.2,0.1,0.0,521.9
2024-04-05 12:00:00,15.2,54,60,20.0,0.1,0.0,500.9
2024-04-05 13:00:00,16.2,51,56,18.9,0.1,0.0,561.9
2024-04-05 14:00:00,17.0,90,52,19.6,0.0,0.0,572.1
2024-04-05 15:00:00,17.2,100,47,20.9,0.0,0.0,469.0
2024-04-05 16:00:00,16.4,78,56,18.8,0.0,0.0,269.7
2024-04-05 17:00:00,16.6,81,54,16.1,0.0,0.0,252.0
2024-04-05 18:00:00,16.5,31,55,11.5,0.0,0.0,157.6
2024-04-05 19:00:00,14.5,15,64,14.8,0.0,0.0,27.9
2024-04-05 20:00:00,13.4,98,67,15.9,0.0,0.0,0.0
2024-04-05 21:00:00,13.3,100,68,18.1,0.0,0.0,0.0
2024-04-05 22:00:00,13.4,99,67,18.2,0.0,0.0,0.0
2024-04-05 23:00:00,13.0,100,70,18.4,0.0,0.0,0.0
2024-04-06 00:00:00,13.4,100,70,17.6,0.0,0.0,0.0
2024-04-06 01:00:00,13.9,100,70,20.1,0.0,0.0,0.0
2024-04-06 02:00:00,14.5,100,68,22.7,0.0,0.0,0.0
2024-04-06 03:00:00,14.6,100,73,19.7,0.0,0.0,0.0
2024-04-06 04:00:00,14.1,100,74,18.9,0.0,0.0,0.0
2024-04-06 05:00:00,13.3,100,78,14.1,0.0,0.0,0.0
2024-04-06 06:00:00,12.4,100,82,11.7,0.0,0.0,0.0
2024-04-06 07:00:00,12.3,100,84,12.0,0.0,0.0,39.4
2024-04-06 08:00:00,13.0,100,83,11.3,0.0,0.0,106.8
2024-04-06 09:00:00,14.3,100,79,9.1,0.0,0.0,200.3
2024-04-06 10:00:00,15.7,100,69,9.7,0.0,0.0,309.0
2024-04-06 11:00:00,16.7,100,60,8.7,0.0,0.0,387.6
2024-04-06 12:00:00,17.2,100,59,10.5,0.0,0.0,399.3
2024-04-06 13:00:00,17.9,99,60,13.2,0.0,0.0,512.6
2024-04-06 14:00:00,18.2,100,60,13.6,0.0,0.0,508.9
2024-04-06 15:00:00,18.4,100,58,11.2,0.0,0.0,298.0
2024-04-06 16:00:00,18.8,100,56,13.6,0.1,0.0,310.4
2024-04-06 17:00:00,18.6,91,58,12.0,0.0,0.0,209.5
2024-04-06 18:00:00,18.1,74,64,7.4,0.0,0.0,154.7
2024-04-06 19:00:00,15.5,53,78,7.0,0.0,0.0,29.0
2024-04-06 20:00:00,16.2,81,70,0.7,0.0,0.0,0.0
2024-04-06 21:00:00,14.1,100,78,3.0,0.0,0.0,0.0
2024-04-06 22:00:00,11.6,100,89,6.6,0.0,0.0,0.0
2024-04-06 23:00:00,11.6,100,90,7.2,0.0,0.0,0.0
2024-04-07 00:00:00,11.2,93,91,7.2,0.0,0.0,0.0
2024-04-07 01:00:00,10.3,89,92,9.1,0.0,0.0,0.0
2024-04-07 02:00:00,10.7,81,90,6.0,0.0,0.0,0.0
2024-04-07 03:00:00,11.0,62,90,8.9,0.0,0.0,0.0
2024-04-07 04:00:00,10.5,93,92,8.4,0.0,0.0,0.0
2024-04-07 05:00:00,10.5,100,91,9.7,0.0,0.0,0.0
2024-04-07 06:00:00,10.6,96,90,10.2,0.0,0.0,0.0
2024-04-07 07:00:00,11.5,100,87,12.7,0.0,0.0,65.3
2024-04-07 08:00:00,13.9,100,81,14.8,0.0,0.0,195.4
2024-04-07 09:00:00,16.5,99,77,11.0,0.0,0.0,357.7
2024-04-07 10:00:00,19.2,99,66,13.3,0.0,0.0,502.0
2024-04-07 11:00:00,21.0,100,59,13.4,0.0,0.0,570.3
2024-04-07 12:00:00,22.4,96,56,13.2,0.0,0.0,659.7
2024-04-07 13:00:00,23.5,99,55,12.3,0.0,0.0,707.1
2024-04-07 14:00:00,24.5,88,51,11.6,0.0,0.0,676.3
2024-04-07 15:00:00,25.3,97,42,13.4,0.0,0.0,596.3
2024-04-07 16:00:00,25.0,19,45,17.1,0.0,0.0,483.6
2024-04-07 17:00:00,24.1,29,49,15.5,0.0,0.0,335.5
2024-04-07 18:00:00,22.6,72,56,11.2,0.0,0.0,176.2
2024-04-07 19:00:00,20.1,87,63,10.0,0.0,0.0,35.7
2024-04-07 20:00:00,18.3,86,66,11.5,0.0,0.0,0.0
2024-04-07 21:00:00,17.6,78,68,13.6,0.0,0.0,0.0
2024-04-07 22:00:00,16.5,96,74,13.9,0.0,0.0,0.0
2024-04-07 23:00:00,15.6,100,75,14.1,0.0,0.0,0.0
2024-04-08 00:00:00,14.8,100,76,13.5,0.0,0.0,0.0
2024-04-08 01:00:00,14.3,100,79,12.6,0.0,0.0,0.0
2024-04-08 02:00:00,13.9,100,82,12.2,0.0,0.0,0.0
2024-04-08 03:00:00,14.3,100,78,10.0,0.0,0.0,0.0
2024-04-08 04:00:00,13.9,100,80,10.4,0.0,0.0,0.0
2024-04-08 05:00:00,13.8,100,79,11.2,0.0,0.0,0.0
2024-04-08 06:00:00,13.9,100,77,11.7,0.0,0.0,0.0
2024-04-08 07:00:00,14.8,100,73,14.8,0.0,0.0,62.5
2024-04-08 08:00:00,16.8,74,68,16.2,0.0,0.0,189.9
2024-04-08 09:00:00,18.9,100,64,13.8,0.0,0.0,369.9
2024-04-08 10:00:00,20.6,44,57,16.7,0.0,0.0,509.2
2024-04-08 11:00:00,22.2,95,54,18.1,0.0,0.0,637.3
2024-04-08 12:00:00,23.3,99,50,20.6,0.0,0.0,709.1
2024-04-08 13:00:00,23.9,98,49,20.3,0.0,0.0,696.0
2024-04-08 14:00:00,24.4,96,47,20.0,0.0,0.0,675.3
2024-04-08 15:00:00,25.1,91,42,18.9,0.0,0.0,590.8
2024-04-08 16:00:00,24.7,100,41,18.2,0.0,0.0,478.5
2024-04-08 17:00:00,23.9,100,46,15.0,0.0,0.0,319.2
2024-04-08 18:00:00,22.2,100,51,12.8,0.0,0.0,137.0
2024-04-08 19:00:00,20.6,100,53,12.7,0.0,0.0,28.7
2024-04-08 20:00:00,19.8,100,48,17.7,0.0,0.0,0.0
2024-04-08 21:00:00,19.0,83,50,17.4,0.0,0.0,0.0
2024-04-08 22:00:00,17.6,100,56,14.1,0.0,0.0,0.0
2024-04-08 23:00:00,16.6,100,60,13.1,0.0,0.0,0.0
2024-04-09 00:00:00,16.2,57,60,12.3,0.0,0.0,0.0
2024-04-09 01:00:00,15.1,24,62,10.9,0.0,0.0,0.0
2024-04-09 02:00:00,14.4,0,63,10.4,0.0,0.0,0.0
2024-04-09 03:00:00,15.0,0,57,12.4,0.0,0.0,0.0
2024-04-09 04:00:00,14.5,43,58,11.7,0.0,0.0,0.0
2024-04-09 05:00:00,13.9,76,60,10.2,0.0,0.0,0.0
2024-04-09 06:00:00,12.9,98,64,8.3,0.0,0.0,0.0
2024-04-09 07:00:00,13.6,100,65,7.9,0.0,0.0,66.9
2024-04-09 08:00:00,15.6,89,64,11.2,0.0,0.0,192.6
2024-04-09 09:00:00,18.0,0,63,11.7,0.0,0.0,367.8
2024-04-09 10:00:00,20.9,12,51,16.1,0.0,0.0,536.5
2024-04-09 11:00:00,22.6,20,42,17.6,0.0,0.0,656.1
2024-04-09 12:00:00,24.1,19,38,17.4,0.0,0.0,724.3
2024-04-09 13:00:00,24.6,0,39,19.9,0.0,0.0,742.0
2024-04-09 14:00:00,25.1,3,39,18.6,0.0,0.0,709.4
2024-04-09 15:00:00,25.9,99,34,17.3,0.0,0.0,628.6
2024-04-09 16:00:00,25.5,98,34,17.8,0.0,0.0,490.6
2024-04-09 17:00:00,24.3,100,41,17.4,0.0,0.0,332.4
2024-04-09 18:00:00,22.4,100,43,18.6,0.0,0.0,172.7
2024-04-09 19:00:00,20.5,100,46,15.3,0.0,0.0,33.3
2024-04-09 20:00:00,18.5,100,55,10.2,0.0,0.0,0.0
2024-04-09 21:00:00,16.8,74,63,7.9,0.0,0.0,0.0
2024-04-09 22:00:00,14.7,4,71,8.1,0.0,0.0,0.0
2024-04-09 23:00:00,13.5,26,77,8.9,0.0,0.0,0.0
2024-04-10 00:00:00,13.1,0,77,8.3,0.0,0.0,0.0
2024-04-10 01:00:00,13.2,23,75,8.8,0.0,0.0,0.0
2024-04-10 02:00:00,13.7,70,78,13.7,0.0,0.0,0.0
2024-04-10 03:00:00,15.2,71,80,18.6,0.0,0.0,0.0
2024-04-10 04:00:00,14.7,88,84,20.4,0.0,0.0,0.0
2024-04-10 05:00:00,14.4,88,85,21.7,0.0,0.0,0.0
2024-04-10 06:00:00,13.9,100,79,24.6,0.0,0.0,0.0
2024-04-10 07:00:00,12.6,100,72,25.7,0.0,0.0,26.6
2024-04-10 08:00:00,11.7,100,73,25.5,0.0,0.0,68.7
2024-04-10 09:00:00,11.2,100,75,22.2,0.0,0.0,84.3
2024-04-10 10:00:00,11.5,100,74,24.2,0.0,0.0,127.0
2024-04-10 11:00:00,11.4,100,75,21.5,0.3,0.0,104.6
2024-04-10 12:00:00,11.6,100,73,19.5,0.2,0.0,158.0
2024-04-10 13:00:00,11.5,100,73,19.5,0.2,0.0,126.3
2024-04-10 14:00:00,11.4,100,74,20.2,0.2,0.0,116.8
2024-04-10 15:00:00,11.0,100,74,20.0,0.0,0.0,126.1
2024-04-10 16:00:00,10.7,100,75,18.1,0.0,0.0,84.8
2024-04-10 17:00:00,10.7,100,73,16.9,0.0,0.0,82.2
2024-04-10 18:00:00,10.7,100,72,15.8,0.0,0.0,41.9
2024-04-10 19:00:00,10.6,100,72,15.0,0.0,0.0,13.8
2024-04-10 20:00:00,10.5,100,72,11.5,0.0,0.0,0.0
2024-04-10 21:00:00,10.5,100,73,8.8,0.0,0.0,0.0
2024-04-10 22:00:00,10.4,100,74,8.3,0.0,0.0,0.0
2024-04-10 23:00:00,10.5,100,74,6.0,0.0,0.0,0.0
2024-04-11 00:00:00,10.4,100,77,3.3,0.0,0.0,0.0
2024-04-11 01:00:00,10.4,100,77,4.4,0.0,0.0,0.0
2024-04-11 02:00:00,10.3,100,77,4.7,0.0,0.0,0.0
2024-04-11 03:00:00,9.7,96,83,4.6,0.0,0.0,0.0
2024-04-11 04:00:00,9.5,97,84,4.7,0.0,0.0,0.0
2024-04-11 05:00:00,9.4,84,83,6.0,0.0,0.0,0.0
2024-04-11 06:00:00,8.8,50,85,8.1,0.0,0.0,0.0
2024-04-11 07:00:00,8.9,28,84,11.9,0.0,0.0,66.2
2024-04-11 08:00:00,10.3,17,78,11.8,0.0,0.0,203.5
2024-04-11 09:00:00,12.0,37,70,9.8,0.0,0.0,366.0
2024-04-11 10:00:00,13.2,50,65,7.0,0.0,0.0,516.3
2024-04-11 11:00:00,14.4,82,58,5.5,0.0,0.0,643.5
2024-04-11 12:00:00,14.8,100,58,3.1,0.0,0.0,535.9
2024-04-11 13:00:00,15.3,100,57,1.8,0.0,0.0,473.1
2024-04-11 14:00:00,15.5,100,56,3.7,0.0,0.0,346.5
2024-04-11 15:00:00,16.1,95,54,5.6,0.0,0.0,410.6
2024-04-11 16:00:00,16.2,53,54,7.2,0.0,0.0,344.1
2024-04-11 17:00:00,16.1,23,53,7.6,0.0,0.0,287.6
2024-04-11 18:00:00,15.6,8,54,7.6,0.0,0.0,173.5
2024-04-11 19:00:00,13.7,3,65,6.4,0.0,0.0,45.6
2024-04-11 20:00:00,11.3,0,70,7.7,0.0,0.0,0.0
2024-04-11 21:00:00,10.4,0,72,8.4,0.0,0.0,0.0
2024-04-11 22:00:00,9.3,0,77,7.5,0.0,0.0,0.0
2024-04-11 23:00:00,7.7,0,84,8.7,0.0,0.0,0.0
2024-04-12 00:00:00,7.1,0,84,10.0,0.0,0.0,0.0
2024-04-12 01:00:00,9.2,0,73,5.2,0.0,0.0,0.0
2024-04-12 02:00:00,8.9,23,75,2.2,0.0,0.0,0.0
2024-04-12 03:00:00,6.4,98,89,4.4,0.0,0.0,0.0
2024-04-12 04:00:00,5.7,100,93,5.8,0.0,0.0,0.0
2024-04-12 05:00:00,6.9,13,89,5.4,0.0,0.0,0.0
2024-04-12 06:00:00,5.9,38,91,6.3,0.0,0.0,0.0
2024-04-12 07:00:00,7.6,25,86,8.1,0.0,0.0,80.2
2024-04-12 08:00:00,10.3,68,80,6.1,0.0,0.0,211.6
2024-04-12 09:00:00,12.7,12,71,6.1,0.0,0.0,317.9
2024-04-12 10:00:00,14.7,27,62,7.6,0.0,0.0,517.9
2024-04-12 11:00:00,16.0,8,54,9.4,0.0,0.0,647.3
2024-04-12 12:00:00,16.9,26,52,9.4,0.0,0.0,721.5
2024-04-12 13:00:00,17.6,20,51,10.5,0.0,0.0,737.7
2024-04-12 14:00:00,18.2,100,51,11.2,0.0,0.0,702.7
2024-04-12 15:00:00,18.6,81,49,10.9,0.0,0.0,575.5
2024-04-12 16:00:00,18.7,2,51,9.0,0.0,0.0,464.5
2024-04-12 17:00:00,18.6,8,53,8.6,0.0,0.0,339.9
2024-04-12 18:00:00,18.0,100,57,8.5,0.0,0.0,186.3
2024-04-12 19:00:00,15.3,100,77,7.3,0.0,0.0,46.4
2024-04-12 20:00:00,15.7,100,67,6.0,0.0,0.0,0.0
2024-04-12 21:00:00,15.4,89,67,4.0,0.0,0.0,0.0
2024-04-12 22:00:00,11.8,78,84,6.3,0.0,0.0,0.0
2024-04-12 23:00:00,11.2,53,86,7.5,0.0,0.0,0.0
2024-04-13 00:00:00,11.2,100,83,8.7,0.0,0.0,0.0
2024-04-13 01:00:00,10.9,100,83,9.6,0.0,0.0,0.0
2024-04-13 02:00:00,10.3,84,86,9.0,0.0,0.0,0.0
2024-04-13 03:00:00,10.1,89,88,9.0,0.0,0.0,0.0
2024-04-13 04:00:00,9.7,100,89,9.4,0.0,0.0,0.0
2024-04-13 05:00:00,10.1,100,85,10.1,0.0,0.0,0.0
2024-04-13 06:00:00,9.9,99,84,10.8,0.0,0.0,0.0
2024-04-13 07:00:00,11.1,100,78,13.0,0.0,0.0,79.5
2024-04-13 08:00:00,13.1,16,77,12.2,0.0,0.0,178.6
2024-04-13 09:00:00,15.5,98,71,12.3,0.0,0.0,395.0
2024-04-13 10:00:00,17.0,89,68,16.2,0.0,0.0,511.7
2024-04-13 11:00:00,18.1,99,60,20.4,0.0,0.0,594.7
2024-04-13 12:00:00,19.2,100,53,23.8,0.0,0.0,641.8
2024-04-13 13:00:00,19.2,100,53,22.5,0.0,0.0,482.0
2024-04-13 14:00:00,19.7,100,51,20.5,0.0,0.0,464.3
2024-04-13 15:00:00,20.5,100,46,21.8,0.0,0.0,477.7
2024-04-13 16:00:00,20.5,100,46,20.5,0.0,0.0,425.0
2024-04-13 17:00:00,20.4,100,48,16.9,0.0,0.0,329.3
2024-04-13 18:00:00,19.3,100,56,12.2,0.0,0.0,153.8
2024-04-13 19:00:00,17.1,100,67,6.8,0.0,0.0,47.7
2024-04-13 20:00:00,14.0,100,80,9.5,0.0,0.0,0.0
2024-04-13 21:00:00,12.5,100,85,10.1,0.0,0.0,0.0
2024-04-13 22:00:00,12.1,100,86,8.1,0.0,0.0,0.0
2024-04-13 23:00:00,12.3,100,81,10.4,0.0,0.0,0.0
2024-04-14 00:00:00,12.2,100,84,9.4,0.0,0.0,0.0
2024-04-14 01:00:00,11.8,100,86,10.8,0.0,0.0,0.0
2024-04-14 02:00:00,11.9,100,83,12.6,0.0,0.0,0.0
2024-04-14 03:00:00,12.6,100,79,14.3,0.0,0.0,0.0
2024-04-14 04:00:00,13.0,100,76,15.3,0.0,0.0,0.0
2024-04-14 05:00:00,13.1,100,76,17.1,0.0,0.0,0.0
2024-04-14 06:00:00,13.5,100,74,19.4,0.0,0.0,0.0
2024-04-14 07:00:00,14.3,99,73,20.6,0.0,0.0,78.9
2024-04-14 08:00:00,15.7,100,72,18.9,0.0,0.0,209.2
2024-04-14 09:00:00,17.2,100,69,18.9,0.0,0.0,311.8
2024-04-14 10:00:00,19.1,100,62,22.4,0.0,0.0,441.3
2024-04-14 11:00:00,20.4,100,56,22.9,0.0,0.0,559.2
2024-04-14 12:00:00,21.2,100,55,23.6,0.0,0.0,554.9
2024-04-14 13:00:00,21.6,100,52,25.9,0.4,0.0,578.2
2024-04-14 14:00:00,21.6,100,47,27.6,0.0,0.0,461.4
2024-04-14 15:00:00,21.3,100,47,27.9,0.0,0.0,443.9
2024-04-14 16:00:00,20.4,100,52,23.5,0.1,0.0,367.4
2024-04-14 17:00:00,19.5,99,58,22.3,0.0,0.0,253.1
2024-04-14 18:00:00,18.4,99,65,16.3,0.0,0.0,123.2
2024-04-14 19:00:00,17.3,93,65,14.4,0.0,0.0,40.6
2024-04-14 20:00:00,14.8,81,71,10.5,0.0,0.0,0.0
2024-04-14 21:00:00,13.0,70,80,6.9,0.0,0.0,0.0
2024-04-14 22:00:00,12.7,97,81,9.0,0.0,0.0,0.0
2024-04-14 23:00:00,12.1,97,75,8.2,0.0,0.0,0.0
2024-04-15 00:00:00,11.7,97,79,6.6,1.2,0.0,0.0
2024-04-15 01:00:00,10.6,100,88,5.8,0.4,0.0,0.0
2024-04-15 02:00:00,11.5,100,78,1.5,0.1,0.0,0.0
2024-04-15 03:00:00,11.1,100,77,5.1,0.0,0.0,0.0
2024-04-15 04:00:00,10.2,100,80,6.2,0.0,0.0,0.0
2024-04-15 05:00:00,10.0,100,81,7.1,0.0,0.0,0.0
2024-04-15 06:00:00,9.6,100,82,7.3,0.0,0.0,0.0
2024-04-15 07:00:00,10.1,100,82,4.0,0.1,0.0,39.3
2024-04-15 08:00:00,10.4,100,84,8.7,0.4,0.0,60.2
2024-04-15 09:00:00,11.4,100,73,12.0,0.1,0.0,213.7
2024-04-15 10:00:00,11.2,100,69,18.5,0.0,0.0,322.3
2024-04-15 11:00:00,12.0,100,64,15.5,0.0,0.0,423.7
2024-04-15 12:00:00,11.7,100,66,12.5,0.1,0.0,253.6
2024-04-15 13:00:00,12.2,100,64,12.1,0.0,0.0,332.6
2024-04-15 14:00:00,12.6,100,65,11.6,0.0,0.0,323.2
2024-04-15 15:00:00,12.8,100,70,5.4,0.0,0.0,282.8
2024-04-15 16:00:00,13.0,100,71,9.4,0.0,0.0,165.7
2024-04-15 17:00:00,12.6,100,75,8.7,0.1,0.0,87.1
2024-04-15 18:00:00,12.7,100,75,4.9,0.0,0.0,59.5
2024-04-15 19:00:00,12.2,100,88,1.5,0.0,0.0,21.0
2024-04-15 20:00:00,10.5,100,88,4.0,0.0,0.0,0.0
2024-04-15 21:00:00,10.6,99,90,8.7,0.0,0.0,0.0
2024-04-15 22:00:00,10.3,51,94,8.0,0.1,0.0,0.0
2024-04-15 23:00:00,9.9,99,95,8.7,0.2,0.0,0.0
2024-04-16 00:00:00,10.9,100,91,15.0,0.0,0.0,0.0
2024-04-16 01:00:00,11.5,100,89,24.2,0.0,0.0,0.0
2024-04-16 02:00:00,11.2,100,89,27.3,0.0,0.0,0.0
2024-04-16 03:00:00,10.9,99,86,25.9,1.9,0.0,0.0
2024-04-16 04:00:00,10.5,97,85,25.8,0.0,0.0,0.0
2024-04-16 05:00:00,9.7,100,83,20.9,0.0,0.0,0.0
2024-04-16 06:00:00,8.7,100,68,25.3,0.1,0.0,0.0
2024-04-16 07:00:00,7.5,99,73,18.5,0.0,0.0,67.4
2024-04-16 08:00:00,7.8,97,60,18.4,0.0,0.0,175.8
2024-04-16 09:00:00,8.3,96,54,22.7,0.0,0.0,322.2
2024-04-16 10:00:00,8.8,100,49,23.1,0.0,0.0,345.2
2024-04-16 11:00:00,9.3,100,48,23.5,0.0,0.0,363.8
2024-04-16 12:00:00,9.0,100,51,20.9,0.2,0.0,329.8
2024-04-16 13:00:00,9.0,100,56,18.8,0.1,0.0,265.5
2024-04-16 14:00:00,9.4,100,51,22.0,0.1,0.0,375.8
2024-04-16 15:00:00,8.6,100,55,22.4,0.1,0.0,272.5
2024-04-16 16:00:00,8.1,100,59,26.9,0.1,0.0,279.1
2024-04-16 17:00:00,8.1,100,69,20.7,0.0,0.0,163.3
2024-04-16 18:00:00,8.1,100,65,21.5,0.2,0.0,121.8
2024-04-16 19:00:00,7.2,100,72,18.1,0.0,0.0,40.8
2024-04-16 20:00:00,6.6,100,75,17.5,0.0,0.0,0.0
2024-04-16 21:00:00,6.4,100,73,19.5,0.0,0.0,0.0
2024-04-16 22:00:00,5.8,94,73,19.4,0.0,0.0,0.0
2024-04-16 23:00:00,5.6,47,71,18.1,0.0,0.0,0.0
2024-04-17 00:00:00,5.1,29,71,18.4,0.0,0.0,0.0
2024-04-17 01:00:00,4.6,41,74,16.1,0.0,0.0,0.0
2024-04-17 02:00:00,4.4,100,76,12.7,0.0,0.0,0.0
2024-04-17 03:00:00,4.7,35,80,9.4,0.0,0.0,0.0
2024-04-17 04:00:00,4.4,53,81,10.8,0.0,0.0,0.0
2024-04-17 05:00:00,4.4,96,85,12.1,0.0,0.0,0.0
2024-04-17 06:00:00,4.8,100,87,10.5,0.0,0.0,0.0
2024-04-17 07:00:00,5.3,100,83,15.0,0.0,0.0,39.1
2024-04-17 08:00:00,5.3,100,82,15.8,0.1,0.0,35.0
2024-04-17 09:00:00,5.0,100,80,16.4,0.0,0.0,47.9
2024-04-17 10:00:00,5.7,100,76,16.9,0.0,0.0,212.2
2024-04-17 11:00:00,6.4,100,72,16.1,0.1,0.0,292.4
2024-04-17 12:00:00,7.0,80,69,16.6,0.1,0.0,279.2
2024-04-17 13:00:00,8.1,82,64,16.1,0.2,0.0,540.9
2024-04-17 14:00:00,7.9,87,71,18.5,0.1,0.0,404.0
2024-04-17 15:00:00,8.4,96,65,20.6,0.1,0.0,406.5
2024-04-17 16:00:00,7.2,100,69,22.1,0.3,0.0,303.7
2024-04-17 17:00:00,6.7,87,75,19.6,0.1,0.0,147.2
2024-04-17 18:00:00,6.5,94,70,19.1,0.2,0.0,113.8
2024-04-17 19:00:00,6.0,56,76,16.0,0.0,0.0,30.1
2024-04-17 20:00:00,5.1,31,81,11.6,0.0,0.0,0.0
2024-04-17 21:00:00,4.1,1,86,8.8,0.0,0.0,0.0
2024-04-17 22:00:00,2.9,1,91,7.1,0.0,0.0,0.0
2024-04-17 23:00:00,2.3,0,92,6.9,0.0,0.0,0.0
2024-04-18 00:00:00,1.5,2,94,6.4,0.0,0.0,0.0
2024-04-18 01:00:00,1.3,1,95,6.6,0.0,0.0,0.0
2024-04-18 02:00:00,0.8,3,96,6.4,0.0,0.0,0.0
2024-04-18 03:00:00,0.5,20,95,7.4,0.0,0.0,0.0
2024-04-18 04:00:00,0.2,26,95,7.7,0.0,0.0,0.0
2024-04-18 05:00:00,-0.1,6,94,7.3,0.0,0.0,0.0
2024-04-18 06:00:00,-0.1,5,93,6.5,0.0,0.0,11.2
2024-04-18 07:00:00,1.7,23,89,8.9,0.0,0.0,111.4
2024-04-18 08:00:00,3.6,33,84,6.0,0.0,0.0,267.1
2024-04-18 09:00:00,5.6,44,76,6.4,0.0,0.0,431.8
2024-04-18 10:00:00,6.8,98,68,9.1,0.0,0.0,499.2
2024-04-18 11:00:00,7.5,100,61,11.8,0.1,0.0,496.3
2024-04-18 12:00:00,6.9,62,66,16.1,0.3,0.0,354.4
2024-04-18 13:00:00,8.0,31,61,17.4,0.1,0.0,496.8
2024-04-18 14:00:00,8.6,18,63,17.4,0.1,0.0,605.6
2024-04-18 15:00:00,8.2,24,57,14.7,0.2,0.0,617.1
2024-04-18 16:00:00,8.2,35,56,16.6,0.2,0.0,483.6
2024-04-18 17:00:00,8.0,93,58,17.6,0.0,0.0,328.3
2024-04-18 18:00:00,7.2,20,57,16.9,0.0,0.0,179.1
2024-04-18 19:00:00,6.0,21,61,16.4,0.0,0.0,66.4
2024-04-18 20:00:00,4.6,11,67,12.6,0.0,0.0,0.0
2024-04-18 21:00:00,3.6,1,70,13.0,0.0,0.0,0.0
2024-04-18 22:00:00,2.7,1,75,12.0,0.0,0.0,0.0
2024-04-18 23:00:00,1.9,2,80,9.6,0.0,0.0,0.0
2024-04-19 00:00:00,1.4,10,83,11.1,0.0,0.0,0.0
2024-04-19 01:00:00,1.0,16,86,9.7,0.0,0.0,0.0
2024-04-19 02:00:00,0.7,6,89,9.5,0.0,0.0,0.0
2024-04-19 03:00:00,0.5,13,92,10.8,0.1,0.0,0.0
2024-04-19 04:00:00,0.5,7,93,10.5,0.0,0.0,0.0
2024-04-19 05:00:00,0.2,9,94,10.6,0.0,0.0,0.0
2024-04-19 06:00:00,0.2,96,94,11.3,0.0,0.0,9.4
2024-04-19 07:00:00,1.6,87,90,14.8,0.0,0.0,105.8
2024-04-19 08:00:00,3.9,100,80,15.6,0.0,0.0,254.4
2024-04-19 09:00:00,6.5,93,65,18.2,0.0,0.0,426.4
2024-04-19 10:00:00,8.3,100,54,20.8,0.0,0.0,559.4
2024-04-19 11:00:00,9.4,69,51,21.1,0.0,0.0,617.1
2024-04-19 12:00:00,10.5,100,47,22.3,0.1,0.0,739.4
2024-04-19 13:00:00,9.6,100,45,21.9,0.0,0.0,337.5
2024-04-19 14:00:00,6.3,100,78,20.2,1.9,0.35,201.6
2024-04-19 15:00:00,8.2,75,61,22.9,0.1,0.0,388.8
2024-04-19 16:00:00,9.7,100,52,29.5,0.0,0.0,511.1
2024-04-19 17:00:00,8.7,100,61,25.2,0.0,0.0,254.0
2024-04-19 18:00:00,8.4,100,64,23.8,0.0,0.0,192.9
2024-04-19 19:00:00,7.8,100,64,22.3,0.0,0.0,61.9
2024-04-19 20:00:00,7.1,100,64,23.0,0.0,0.0,0.0
2024-04-19 21:00:00,6.9,100,64,24.6,0.0,0.0,0.0
2024-04-19 22:00:00,5.7,100,78,24.2,1.0,0.07,0.0
2024-04-19 23:00:00,5.6,100,82,25.0,0.3,0.0,0.0
2024-04-20 00:00:00,5.1,100,89,25.5,0.3,0.0,0.0
2024-04-20 01:00:00,4.8,100,89,24.4,0.2,0.0,0.0
2024-04-20 02:00:00,4.4,100,91,23.7,0.2,0.0,0.0
2024-04-20 03:00:00,4.8,91,89,19.1,0.0,0.0,0.0
2024-04-20 04:00:00,4.4,100,90,18.4,0.0,0.0,0.0
2024-04-20 05:00:00,4.3,100,91,17.4,0.1,0.0,0.0
2024-04-20 06:00:00,4.0,100,91,14.8,0.1,0.0,8.2
2024-04-20 07:00:00,3.9,100,93,14.0,0.3,0.0,31.9
2024-04-20 08:00:00,4.1,100,92,14.0,0.3,0.0,71.7
2024-04-20 09:00:00,4.6,100,88,11.5,0.2,0.0,97.7
2024-04-20 10:00:00,4.9,100,89,10.2,0.3,0.0,109.1
2024-04-20 11:00:00,5.8,100,83,9.2,0.3,0.0,169.8
2024-04-20 12:00:00,6.3,100,82,7.8,0.3,0.0,169.9
2024-04-20 13:00:00,6.7,100,83,6.8,0.4,0.0,213.3
2024-04-20 14:00:00,7.1,100,82,7.6,0.4,0.0,207.4
2024-04-20 15:00:00,7.8,100,76,6.1,0.2,0.0,228.5
2024-04-20 16:00:00,8.4,60,74,8.5,0.1,0.0,208.0
2024-04-20 17:00:00,8.1,91,73,11.0,1.4,0.0,299.9
2024-04-20 18:00:00,6.5,99,84,12.1,1.2,0.0,90.1
2024-04-20 19:00:00,5.5,100,91,18.4,0.5,0.0,7.5
2024-04-20 20:00:00,4.9,100,89,20.5,0.2,0.0,0.0
2024-04-20 21:00:00,4.0,100,90,23.0,0.1,0.0,0.0
2024-04-20 22:00:00,3.1,100,91,19.6,0.1,0.0,0.0
2024-04-20 23:00:00,2.5,100,92,19.6,0.2,0.0,0.0
2024-04-21 00:00:00,2.0,100,96,19.5,0.3,0.0,0.0
2024-04-21 01:00:00,1.6,100,99,15.3,0.5,0.0,0.0
2024-04-21 02:00:00,1.5,100,99,15.2,0.7,0.14,0.0
2024-04-21 03:00:00,1.9,100,91,16.1,0.0,0.0,0.0
2024-04-21 04:00:00,1.7,100,91,14.7,0.0,0.0,0.0
2024-04-21 05:00:00,1.3,100,93,15.8,0.1,0.0,0.0
2024-04-21 06:00:00,1.1,100,93,15.5,0.3,0.14,0.0
2024-04-21 07:00:00,1.2,100,91,17.4,0.3,0.21,23.1
2024-04-21 08:00:00,1.4,100,88,18.0,0.2,0.07,53.5
2024-04-21 09:00:00,1.8,100,85,19.1,0.1,0.07,105.7
2024-04-21 10:00:00,2.8,100,81,19.5,0.1,0.0,225.8
2024-04-21 11:00:00,3.7,100,77,17.7,0.0,0.0,247.2
2024-04-21 12:00:00,4.5,100,74,17.1,0.0,0.0,291.3
2024-04-21 13:00:00,5.0,100,71,17.0,0.0,0.0,239.3
2024-04-21 14:00:00,5.7,100,68,18.1,0.1,0.0,271.7
2024-04-21 15:00:00,4.3,100,76,20.9,0.2,0.0,194.5
2024-04-21 16:00:00,3.7,100,82,20.6,0.2,0.0,121.8
2024-04-21 17:00:00,3.9,100,79,22.0,0.1,0.0,108.4
2024-04-21 18:00:00,3.8,100,81,19.2,0.0,0.0,32.7
2024-04-21 19:00:00,3.8,100,83,16.7,0.0,0.0,17.6
2024-04-21 20:00:00,3.8,100,85,14.8,0.1,0.0,0.0
2024-04-21 21:00:00,3.6,100,86,15.9,0.2,0.0,0.0
2024-04-21 22:00:00,3.6,100,86,14.9,0.1,0.0,0.0
2024-04-21 23:00:00,3.5,100,86,14.9,0.0,0.0,0.0
2024-04-22 00:00:00,3.0,100,85,14.9,0.0,0.0,0.0
2024-04-22 01:00:00,2.6,100,84,15.5,0.0,0.0,0.0
2024-04-22 02:00:00,2.4,100,82,14.7,0.0,0.0,0.0
2024-04-22 03:00:00,2.7,100,82,14.4,0.0,0.0,0.0
2024-04-22 04:00:00,1.6,100,79,18.0,0.0,0.0,0.0
2024-04-22 05:00:00,0.7,100,79,16.6,0.1,0.07,0.0
2024-04-22 06:00:00,0.3,99,79,14.8,0.2,0.14,6.5
2024-04-22 07:00:00,0.4,97,78,13.3,0.0,0.0,48.7
2024-04-22 08:00:00,1.1,59,77,13.5,0.0,0.0,189.2
2024-04-22 09:00:00,2.4,99,71,15.8,0.0,0.0,411.5
2024-04-22 10:00:00,3.4,100,65,15.2,0.0,0.0,504.0
2024-04-22 11:00:00,4.3,100,60,14.4,0.0,0.0,539.8
2024-04-22 12:00:00,4.9,100,59,13.1,0.0,0.0,483.6
2024-04-22 13:00:00,5.7,97,57,12.5,0.0,0.0,589.7
2024-04-22 14:00:00,6.0,96,57,11.5,0.0,0.0,531.7
2024-04-22 15:00:00,5.2,100,58,11.9,0.0,0.0,386.3
2024-04-22 16:00:00,5.2,100,57,11.8,0.0,0.0,301.0
2024-04-22 17:00:00,5.1,99,56,11.2,0.0,0.0,224.8
2024-04-22 18:00:00,4.7,97,56,11.2,0.0,0.0,113.4
2024-04-22 19:00:00,4.1,83,57,9.7,0.0,0.0,41.6
2024-04-22 20:00:00,2.9,2,63,7.6,0.0,0.0,0.0
2024-04-22 21:00:00,1.7,15,68,8.0,0.0,0.0,0.0
2024-04-22 22:00:00,0.9,3,72,7.7,0.0,0.0,0.0
2024-04-22 23:00:00,0.1,0,74,7.6,0.0,0.0,0.0
2024-04-23 00:00:00,-1.3,0,83,7.6,0.0,0.0,0.0
2024-04-23 01:00:00,-2.1,0,86,9.3,0.0,0.0,0.0
2024-04-23 02:00:00,-2.3,3,87,8.2,0.0,0.0,0.0
2024-04-23 03:00:00,-2.1,2,88,7.3,0.0,0.0,0.0
2024-04-23 04:00:00,-2.4,62,89,6.6,0.0,0.0,0.0
2024-04-23 05:00:00,-1.4,100,87,6.6,0.0,0.0,0.0
2024-04-23 06:00:00,-0.6,100,85,11.0,0.0,0.0,11.8
2024-04-23 07:00:00,0.6,98,82,10.3,0.0,0.0,84.8
2024-04-23 08:00:00,2.4,100,74,11.3,0.0,0.0,246.7
2024-04-23 09:00:00,4.0,100,69,11.9,0.0,0.0,397.0
2024-04-23 10:00:00,5.7,100,65,13.1,0.0,0.0,510.2
2024-04-23 11:00:00,6.4,100,63,12.4,0.0,0.0,434.6
2024-04-23 12:00:00,7.5,100,59,11.7,0.0,0.0,432.1
2024-04-23 13:00:00,8.2,100,56,12.4,0.0,0.0,395.4
2024-04-23 14:00:00,8.7,100,55,13.5,0.0,0.0,373.0
2024-04-23 15:00:00,9.3,100,53,11.9,0.0,0.0,321.2
2024-04-23 16:00:00,9.3,29,53,14.2,0.0,0.0,274.8
2024-04-23 17:00:00,9.6,73,52,15.0,0.0,0.0,347.6
2024-04-23 18:00:00,9.0,100,53,16.5,0.0,0.0,214.9
2024-04-23 19:00:00,8.1,100,58,13.6,0.0,0.0,32.5
2024-04-23 20:00:00,7.5,97,60,12.1,0.0,0.0,0.0
2024-04-23 21:00:00,6.8,100,63,12.7,0.0,0.0,0.0
2024-04-23 22:00:00,6.2,92,67,13.7,0.0,0.0,0.0
2024-04-23 23:00:00,5.6,99,71,13.9,0.0,0.0,0.0
2024-04-24 00:00:00,5.7,76,72,13.8,0.0,0.0,0.0
2024-04-24 01:00:00,4.6,87,77,13.5,0.0,0.0,0.0
2024-04-24 02:00:00,4.4,99,77,13.8,0.0,0.0,0.0
2024-04-24 03:00:00,4.4,83,78,10.9,0.0,0.0,0.0
2024-04-24 04:00:00,3.0,74,86,7.9,0.0,0.0,0.0
2024-04-24 05:00:00,2.5,97,90,9.8,0.0,0.0,0.0
2024-04-24 06:00:00,2.6,95,89,10.5,0.0,0.0,21.5
2024-04-24 07:00:00,3.8,99,86,12.4,0.0,0.0,91.6
2024-04-24 08:00:00,5.6,100,80,10.2,0.0,0.0,221.9
2024-04-24 09:00:00,7.0,100,76,11.6,0.0,0.0,346.7
2024-04-24 10:00:00,8.6,100,70,16.2,0.0,0.0,518.5
2024-04-24 11:00:00,8.5,100,71,16.9,0.0,0.0,340.1
2024-04-24 12:00:00,9.2,100,68,16.2,0.0,0.0,396.0
2024-04-24 13:00:00,9.1,100,67,15.2,0.0,0.0,267.3
2024-04-24 14:00:00,8.9,100,67,14.4,0.0,0.0,166.6
2024-04-24 15:00:00,8.4,100,71,15.8,0.3,0.0,108.7
2024-04-24 16:00:00,7.9,100,76,15.0,0.5,0.0,77.4
2024-04-24 17:00:00,7.7,100,78,13.9,0.4,0.0,73.4
2024-04-24 18:00:00,6.8,100,83,14.0,0.5,0.0,26.0
2024-04-24 19:00:00,5.8,100,85,17.3,0.8,0.0,7.3
2024-04-24 20:00:00,4.8,100,88,19.1,1.0,0.0,0.0
2024-04-24 21:00:00,4.3,100,92,17.6,1.5,0.0,0.0
2024-04-24 22:00:00,4.1,100,93,15.8,1.5,0.0,0.0
2024-04-24 23:00:00,4.1,100,93,14.8,1.1,0.0,0.0
2024-04-25 00:00:00,4.2,100,94,12.1,0.6,0.0,0.0
2024-04-25 01:00:00,4.3,100,94,10.5,0.4,0.0,0.0
2024-04-25 02:00:00,4.2,100,95,9.0,0.2,0.0,0.0
2024-04-25 03:00:00,3.7,98,97,8.3,0.0,0.0,0.0
2024-04-25 04:00:00,3.0,94,98,8.8,0.0,0.0,0.0
2024-04-25 05:00:00,2.5,27,97,9.4,0.0,0.0,0.0
2024-04-25 06:00:00,2.1,78,97,8.4,0.0,0.0,24.8
2024-04-25 07:00:00,3.1,87,94,9.3,0.0,0.0,132.6
2024-04-25 08:00:00,4.5,100,92,9.2,0.0,0.0,285.2
2024-04-25 09:00:00,6.3,93,87,11.8,0.0,0.0,439.6
2024-04-25 10:00:00,7.8,62,77,14.6,0.0,0.0,595.0
2024-04-25 11:00:00,9.1,86,68,14.8,0.1,0.0,682.0
2024-04-25 12:00:00,10.0,49,60,16.9,0.0,0.0,721.8
2024-04-25 13:00:00,10.8,36,57,16.6,0.0,0.0,774.7
2024-04-25 14:00:00,11.1,40,53,17.0,0.1,0.0,721.8
2024-04-25 15:00:00,10.0,50,54,15.9,0.1,0.0,326.1
2024-04-25 16:00:00,9.9,78,55,19.3,0.0,0.0,526.6
2024-04-25 17:00:00,8.5,36,63,15.6,0.0,0.0,255.1
2024-04-25 18:00:00,9.0,6,59,13.1,0.0,0.0,239.9
2024-04-25 19:00:00,8.1,7,66,8.0,0.0,0.0,92.6
2024-04-25 20:00:00,5.5,0,80,7.1,0.0,0.0,0.0
2024-04-25 21:00:00,4.4,2,86,7.8,0.0,0.0,0.0
2024-04-25 22:00:00,4.4,0,82,10.7,0.0,0.0,0.0
2024-04-25 23:00:00,4.0,0,81,10.2,0.0,0.0,0.0
2024-04-26 00:00:00,3.3,0,85,9.0,0.0,0.0,0.0
2024-04-26 01:00:00,2.8,0,87,9.0,0.0,0.0,0.0
2024-04-26 02:00:00,2.4,0,86,8.8,0.0,0.0,0.0
2024-04-26 03:00:00,2.8,0,85,10.1,0.0,0.0,0.0
2024-04-26 04:00:00,2.5,0,85,9.4,0.0,0.0,0.0
2024-04-26 05:00:00,2.1,0,87,8.6,0.0,0.0,0.0
2024-04-26 06:00:00,2.0,0,88,8.0,0.0,0.0,27.7
2024-04-26 07:00:00,4.1,4,82,10.3,0.0,0.0,148.0
2024-04-26 08:00:00,6.8,2,75,9.3,0.0,0.0,314.4
2024-04-26 09:00:00,9.1,0,67,10.5,0.0,0.0,481.6
2024-04-26 10:00:00,10.5,45,58,14.2,0.4,0.0,625.2
2024-04-26 11:00:00,11.3,54,53,14.3,0.3,0.0,584.3
2024-04-26 12:00:00,12.2,55,51,13.7,0.0,0.0,636.3
2024-04-26 13:00:00,12.7,57,48,14.5,0.0,0.0,598.5
2024-04-26 14:00:00,13.9,98,44,15.4,0.0,0.0,598.1
2024-04-26 15:00:00,13.7,99,45,15.5,0.1,0.0,462.4
2024-04-26 16:00:00,13.7,64,45,16.5,0.0,0.0,316.3
2024-04-26 17:00:00,13.7,100,44,16.5,0.0,0.0,230.3
2024-04-26 18:00:00,13.2,5,49,13.2,0.0,0.0,145.6
2024-04-26 19:00:00,11.6,19,61,7.9,0.0,0.0,93.0
2024-04-26 20:00:00,8.5,9,71,8.1,0.0,0.0,0.0
2024-04-26 21:00:00,8.9,7,63,11.5,0.0,0.0,0.0
2024-04-26 22:00:00,7.8,15,66,9.7,0.0,0.0,0.0
2024-04-26 23:00:00,7.4,36,67,11.2,0.0,0.0,0.0
2024-04-27 00:00:00,6.8,22,71,9.0,0.0,0.0,0.0
2024-04-27 01:00:00,5.8,13,76,8.7,0.0,0.0,0.0
2024-04-27 02:00:00,5.8,79,76,10.8,0.0,0.0,0.0
2024-04-27 03:00:00,6.4,59,75,10.0,0.0,0.0,0.0
2024-04-27 04:00:00,5.7,55,79,10.1,0.0,0.0,0.0
2024-04-27 05:00:00,5.4,11,82,10.6,0.0,0.0,0.0
2024-04-27 06:00:00,5.6,8,82,11.6,0.0,0.0,30.2
2024-04-27 07:00:00,7.7,56,77,12.4,0.0,0.0,147.9
2024-04-27 08:00:00,10.2,77,73,11.0,0.0,0.0,302.2
2024-04-27 09:00:00,12.4,84,65,11.9,0.0,0.0,467.2
2024-04-27 10:00:00,14.3,99,59,14.9,0.0,0.0,595.2
2024-04-27 11:00:00,15.1,67,51,20.0,0.2,0.0,584.1
2024-04-27 12:00:00,16.2,46,53,18.1,0.1,0.0,714.3
2024-04-27 13:00:00,16.7,63,53,17.1,0.0,0.0,764.6
2024-04-27 14:00:00,17.4,99,51,12.6,0.0,0.0,666.4
2024-04-27 15:00:00,17.0,32,45,16.2,0.0,0.0,665.8
2024-04-27 16:00:00,16.5,58,46,16.6,0.0,0.0,427.7
2024-04-27 17:00:00,16.1,49,48,15.3,0.0,0.0,294.6
2024-04-27 18:00:00,15.8,28,53,13.3,0.0,0.0,187.3
2024-04-27 19:00:00,14.4,18,61,11.3,0.0,0.0,84.5
2024-04-27 20:00:00,12.0,4,71,9.5,0.0,0.0,0.0
2024-04-27 21:00:00,10.7,0,78,11.2,0.0,0.0,0.0
2024-04-27 22:00:00,9.9,1,80,12.0,0.0,0.0,0.0
2024-04-27 23:00:00,9.5,0,79,12.5,0.0,0.0,0.0
2024-04-28 00:00:00,9.1,0,79,12.7,0.0,0.0,0.0
2024-04-28 01:00:00,8.8,0,80,13.3,0.0,0.0,0.0
2024-04-28 02:00:00,8.7,1,79,13.6,0.0,0.0,0.0
2024-04-28 03:00:00,8.6,0,76,13.6,0.0,0.0,0.0
2024-04-28 04:00:00,8.6,0,74,14.1,0.0,0.0,0.0
2024-04-28 05:00:00,8.7,0,73,14.7,0.0,0.0,0.0
2024-04-28 06:00:00,9.2,1,71,17.6,0.0,0.0,32.4
2024-04-28 07:00:00,11.0,17,68,19.9,0.0,0.0,150.9
2024-04-28 08:00:00,13.2,99,70,20.0,0.0,0.0,315.0
2024-04-28 09:00:00,14.8,82,68,18.3,0.0,0.0,390.7
2024-04-28 10:00:00,17.2,51,58,21.4,0.0,0.0,565.2
2024-04-28 11:00:00,18.6,93,51,26.8,0.0,0.0,720.3
2024-04-28 12:00:00,19.8,84,44,30.6,0.0,0.0,688.5
2024-04-28 13:00:00,19.9,96,44,27.0,0.0,0.0,553.4
2024-04-28 14:00:00,21.1,98,40,25.8,0.0,0.0,684.9
2024-04-28 15:00:00,20.7,100,40,22.9,0.0,0.0,445.6
2024-04-28 16:00:00,20.5,97,45,16.6,0.0,0.0,318.5
2024-04-28 17:00:00,20.5,100,46,18.0,0.0,0.0,273.3
2024-04-28 18:00:00,19.4,17,50,16.8,0.0,0.0,148.8
2024-04-28 19:00:00,18.2,82,54,13.6,0.0,0.0,93.7
2024-04-28 20:00:00,16.7,33,56,14.1,0.0,0.0,0.0
2024-04-28 21:00:00,14.6,8,66,9.4,0.0,0.0,0.0
2024-04-28 22:00:00,13.6,100,70,12.5,0.0,0.0,0.0
2024-04-28 23:00:00,13.7,94,64,15.1,0.0,0.0,0.0
2024-04-29 00:00:00,13.5,95,63,14.9,0.0,0.0,0.0
2024-04-29 01:00:00,12.6,92,66,14.1,0.0,0.0,0.0
2024-04-29 02:00:00,11.9,99,70,13.8,0.0,0.0,0.0
2024-04-29 03:00:00,12.0,99,71,13.2,0.0,0.0,0.0
2024-04-29 04:00:00,11.7,98,72,13.5,0.0,0.0,0.0
2024-04-29 05:00:00,11.4,85,73,13.0,0.0,0.0,0.0
2024-04-29 06:00:00,11.3,38,75,12.3,0.0,0.0,34.3
2024-04-29 07:00:00,13.1,0,72,12.6,0.0,0.0,155.4
2024-04-29 08:00:00,15.7,8,74,11.2,0.0,0.0,320.3
2024-04-29 09:00:00,18.4,11,65,9.2,0.0,0.0,483.1
2024-04-29 10:00:00,20.1,28,55,9.1,0.0,0.0,624.9
2024-04-29 11:00:00,21.6,48,52,9.8,0.0,0.0,731.6
2024-04-29 12:00:00,22.5,100,53,12.3,0.0,0.0,794.1
2024-04-29 13:00:00,23.5,84,50,14.3,0.0,0.0,794.5
2024-04-29 14:00:00,24.2,96,44,15.3,0.0,0.0,748.3
2024-04-29 15:00:00,25.0,100,38,12.6,0.0,0.0,674.7
2024-04-29 16:00:00,24.9,99,37,11.2,0.0,0.0,548.7
2024-04-29 17:00:00,24.4,99,43,10.4,0.0,0.0,401.3
2024-04-29 18:00:00,23.5,98,55,5.8,0.0,0.0,230.5
2024-04-29 19:00:00,21.1,79,66,6.0,0.0,0.0,91.4
2024-04-29 20:00:00,17.5,9,74,10.1,0.0,0.0,0.0
2024-04-29 21:00:00,15.7,84,79,12.2,0.0,0.0,0.0
2024-04-29 22:00:00,14.8,100,77,12.7,0.0,0.0,0.0
2024-04-29 23:00:00,14.6,74,67,12.2,0.0,0.0,0.0
2024-04-30 00:00:00,13.5,95,71,13.0,0.0,0.0,0.0
2024-04-30 01:00:00,13.9,99,69,9.1,0.0,0.0,0.0
2024-04-30 02:00:00,12.5,96,76,7.0,0.0,0.0,0.0
2024-04-30 03:00:00,12.5,98,80,7.5,0.0,0.0,0.0
2024-04-30 04:00:00,11.5,98,88,7.9,0.0,0.0,0.0
2024-04-30 05:00:00,10.7,97,91,6.9,0.0,0.0,0.0
2024-04-30 06:00:00,10.9,65,91,7.8,0.0,0.0,39.7
2024-04-30 07:00:00,13.2,18,84,10.5,0.0,0.0,159.9
2024-04-30 08:00:00,16.4,42,78,8.7,0.0,0.0,328.0
2024-04-30 09:00:00,19.4,45,68,8.3,0.0,0.0,490.5
2024-04-30 10:00:00,21.4,0,59,11.7,0.0,0.0,634.4
2024-04-30 11:00:00,22.6,0,47,15.8,0.0,0.0,741.9
2024-04-30 12:00:00,23.2,0,45,17.9,0.0,0.0,805.3
2024-04-30 13:00:00,23.7,0,43,18.6,0.0,0.0,816.4
2024-04-30 14:00:00,23.9,0,44,15.1,0.0,0.0,777.6
2024-04-30 15:00:00,24.5,0,39,14.0,0.0,0.0,700.4
2024-04-30 16:00:00,24.4,0,39,13.2,0.0,0.0,577.3
2024-04-30 17:00:00,24.2,1,41,12.2,0.0,0.0,426.0
2024-04-30 18:00:00,23.1,3,53,10.2,0.0,0.0,260.7
2024-04-30 19:00:00,20.8,8,55,12.2,0.0,0.0,105.3
2024-04-30 20:00:00,18.1,6,57,9.0,0.0,0.0,0.0
2024-04-30 21:00:00,17.2,3,53,13.0,0.0,0.0,0.0
2024-04-30 22:00:00,15.6,6,64,10.2,0.0,0.0,0.0
2024-04-30 23:00:00,15.8,0,64,11.8,0.0,0.0,0.0
2024-05-01 00:00:00,14.4,0,62,10.2,0.0,0.0,0.0
2024-05-01 01:00:00,12.0,2,72,9.1,0.0,0.0,0.0
2024-05-01 02:00:00,10.6,0,78,8.4,0.0,0.0,0.0
2024-05-01 03:00:00,10.8,0,76,7.6,0.0,0.0,0.0
2024-05-01 04:00:00,10.8,0,78,9.5,0.0,0.0,0.0
2024-05-01 05:00:00,10.7,19,71,11.5,0.0,0.0,0.0
2024-05-01 06:00:00,11.2,43,69,11.5,0.0,0.0,41.1
2024-05-01 07:00:00,13.3,7,67,12.9,0.0,0.0,121.9
2024-05-01 08:00:00,15.8,5,68,10.5,0.0,0.0,328.4
2024-05-01 09:00:00,18.1,55,62,10.3,0.0,0.0,496.8
2024-05-01 10:00:00,19.8,88,55,10.0,0.0,0.0,638.3
2024-05-01 11:00:00,21.2,87,45,9.4,0.0,0.0,729.0
2024-05-01 12:00:00,21.8,93,41,11.2,0.0,0.0,780.5
2024-05-01 13:00:00,22.3,46,42,11.3,0.0,0.0,803.4
2024-05-01 14:00:00,22.6,28,42,11.6,0.0,0.0,780.6
2024-05-01 15:00:00,23.3,26,38,16.0,0.0,0.0,690.2
2024-05-01 16:00:00,22.5,57,37,20.7,0.0,0.0,525.5
2024-05-01 17:00:00,22.1,70,38,20.4,0.0,0.0,416.0
2024-05-01 18:00:00,21.0,70,46,20.0,0.0,0.0,257.3
2024-05-01 19:00:00,19.6,91,48,23.0,0.0,0.0,105.6
2024-05-01 20:00:00,18.1,94,51,19.9,0.0,0.0,0.0
2024-05-01 21:00:00,15.9,99,63,10.5,0.0,0.0,0.0
2024-05-01 22:00:00,14.5,51,67,10.5,0.0,0.0,0.0
2024-05-01 23:00:00,14.1,24,63,10.8,0.0,0.0,0.0
2024-05-02 00:00:00,13.4,2,63,11.1,0.0,0.0,0.0
2024-05-02 01:00:00,12.6,41,66,11.5,0.0,0.0,0.0
2024-05-02 02:00:00,12.2,32,66,11.9,0.0,0.0,0.0
2024-05-02 03:00:00,11.8,32,68,10.9,0.0,0.0,0.0
2024-05-02 04:00:00,11.4,25,68,9.7,0.0,0.0,0.0
2024-05-02 05:00:00,11.2,39,68,10.8,0.0,0.0,0.0
2024-05-02 06:00:00,11.4,2,69,10.5,0.0,0.0,42.4
2024-05-02 07:00:00,13.4,3,68,12.0,0.0,0.0,167.5
2024-05-02 08:00:00,15.9,2,68,9.5,0.0,0.0,332.5
2024-05-02 09:00:00,18.3,68,63,9.8,0.0,0.0,496.2
2024-05-02 10:00:00,19.7,66,56,10.3,0.0,0.0,631.3
2024-05-02 11:00:00,20.8,33,50,10.0,0.0,0.0,706.5
2024-05-02 12:00:00,21.7,55,44,14.3,0.0,0.0,753.6
2024-05-02 13:00:00,21.5,31,46,14.3,0.0,0.0,628.3
2024-05-02 14:00:00,22.4,46,45,14.5,0.0,0.0,630.6
2024-05-02 15:00:00,22.2,52,44,14.3,0.0,0.0,519.0
2024-05-02 16:00:00,22.0,35,44,14.6,0.0,0.0,404.2
2024-05-02 17:00:00,22.3,23,43,13.5,0.0,0.0,330.2
2024-05-02 18:00:00,21.2,32,50,16.0,0.0,0.0,233.0
2024-05-02 19:00:00,19.5,28,56,13.9,0.0,0.0,89.3
2024-05-02 20:00:00,18.0,16,55,14.7,0.0,0.0,0.1
2024-05-02 21:00:00,16.5,19,61,14.3,0.0,0.0,0.0
2024-05-02 22:00:00,15.3,13,67,10.6,0.0,0.0,0.0
2024-05-02 23:00:00,13.6,21,72,8.7,0.0,0.0,0.0
2024-05-03 00:00:00,13.1,46,68,9.5,0.0,0.0,0.0
2024-05-03 01:00:00,13.0,59,66,9.3,0.0,0.0,0.0
2024-05-03 02:00:00,12.6,85,68,7.8,0.0,0.0,0.0
2024-05-03 03:00:00,11.0,87,76,8.9,0.0,0.0,0.0
2024-05-03 04:00:00,11.1,93,74,6.5,0.0,0.0,0.0
2024-05-03 05:00:00,11.0,92,73,7.3,0.0,0.0,0.0
2024-05-03 06:00:00,11.1,100,74,6.6,0.0,0.0,40.5
2024-05-03 07:00:00,12.7,98,72,8.0,0.0,0.0,95.4
2024-05-03 08:00:00,15.2,95,69,6.5,0.0,0.0,318.1
2024-05-03 09:00:00,17.7,99,64,6.5,0.0,0.0,468.2
2024-05-03 10:00:00,19.5,80,57,6.3,0.0,0.0,548.0
2024-05-03 11:00:00,20.7,24,53,8.9,0.0,0.0,735.8
2024-05-03 12:00:00,21.6,98,47,5.4,0.0,0.0,804.8
2024-05-03 13:00:00,21.8,90,44,2.8,0.0,0.0,656.3
2024-05-03 14:00:00,22.2,82,42,4.0,0.0,0.0,641.4
2024-05-03 15:00:00,23.7,99,34,6.2,0.0,0.0,664.0
2024-05-03 16:00:00,23.4,98,35,8.1,0.0,0.0,469.4
2024-05-03 17:00:00,23.0,99,37,8.5,0.0,0.0,353.2
2024-05-03 18:00:00,22.2,100,47,7.1,0.0,0.0,217.5
2024-05-03 19:00:00,20.6,100,56,6.8,0.0,0.0,95.4
2024-05-03 20:00:00,17.3,100,61,9.4,0.0,0.0,1.6
2024-05-03 21:00:00,16.6,100,62,7.4,0.0,0.0,0.0
2024-05-03 22:00:00,16.0,100,65,8.2,0.0,0.0,0.0
2024-05-03 23:00:00,13.8,100,77,8.9,0.0,0.0,0.0
2024-05-04 00:00:00,14.3,100,70,4.1,0.0,0.0,0.0
2024-05-04 01:00:00,13.3,100,73,8.1,0.0,0.0,0.0
2024-05-04 02:00:00,12.9,95,72,7.9,0.0,0.0,0.0
2024-05-04 03:00:00,10.3,85,84,7.3,0.0,0.0,0.0
2024-05-04 04:00:00,9.4,87,87,8.8,0.0,0.0,0.0
2024-05-04 05:00:00,10.1,81,81,3.8,0.0,0.0,0.0
2024-05-04 06:00:00,9.8,80,87,4.2,0.0,0.0,50.8
2024-05-04 07:00:00,11.9,96,82,5.2,0.0,0.0,167.8
2024-05-04 08:00:00,14.0,78,76,2.2,0.0,0.0,292.9
2024-05-04 09:00:00,15.6,51,73,0.5,0.0,0.0,407.3
2024-05-04 10:00:00,17.6,11,69,0.8,0.0,0.0,607.7
2024-05-04 11:00:00,19.4,9,65,0.8,0.0,0.0,751.4
2024-05-04 12:00:00,20.8,7,58,4.5,0.0,0.0,811.9
2024-05-04 13:00:00,21.9,19,47,8.0,0.0,0.0,791.3
2024-05-04 14:00:00,22.6,9,41,9.2,0.0,0.0,724.3
2024-05-04 15:00:00,23.5,27,33,10.9,0.0,0.0,698.3
2024-05-04 16:00:00,23.2,23,31,13.0,0.0,0.0,587.7
2024-05-04 17:00:00,22.6,9,32,13.3,0.0,0.0,445.3
2024-05-04 18:00:00,21.8,0,41,9.7,0.0,0.0,280.1
2024-05-04 19:00:00,19.8,0,52,7.9,0.0,0.0,123.0
2024-05-04 20:00:00,17.0,18,56,8.5,0.0,0.0,4.4
2024-05-04 21:00:00,15.4,11,61,8.1,0.0,0.0,0.0
2024-05-04 22:00:00,13.7,11,69,8.8,0.0,0.0,0.0
2024-05-04 23:00:00,13.2,0,68,8.0,0.0,0.0,0.0
2024-05-05 00:00:00,12.4,0,69,8.2,0.0,0.0,0.0
2024-05-05 01:00:00,12.0,0,70,9.0,0.0,0.0,0.0
2024-05-05 02:00:00,12.1,0,69,10.0,0.0,0.0,0.0
2024-05-05 03:00:00,10.8,0,80,8.4,0.0,0.0,0.0
2024-05-05 04:00:00,10.4,8,81,8.4,0.0,0.0,0.0
2024-05-05 05:00:00,10.2,16,81,8.9,0.0,0.0,0.0
2024-05-05 06:00:00,10.7,24,80,10.0,0.0,0.0,54.5
2024-05-05 07:00:00,12.8,68,76,9.6,0.0,0.0,183.8
2024-05-05 08:00:00,15.3,100,74,6.9,0.0,0.0,332.6
2024-05-05 09:00:00,17.8,100,68,7.9,0.0,0.0,427.3
2024-05-05 10:00:00,20.3,97,59,12.7,0.0,0.0,620.4
2024-05-05 11:00:00,21.9,99,52,16.8,0.0,0.0,725.8
2024-05-05 12:00:00,22.7,58,49,18.1,0.0,0.0,774.8
2024-05-05 13:00:00,23.4,25,42,18.6,0.0,0.0,805.3
2024-05-05 14:00:00,23.3,18,36,19.4,0.0,0.0,739.0
2024-05-05 15:00:00,23.7,93,32,19.6,0.0,0.0,676.7
2024-05-05 16:00:00,23.3,100,31,18.3,0.0,0.0,479.9
2024-05-05 17:00:00,22.3,88,38,21.6,0.0,0.0,381.0
2024-05-05 18:00:00,21.2,94,46,15.5,0.0,0.0,223.3
2024-05-05 19:00:00,20.1,100,50,11.5,0.0,0.0,99.5
2024-05-05 20:00:00,18.7,100,51,11.5,0.0,0.0,4.7
2024-05-05 21:00:00,17.6,100,54,12.9,0.0,0.0,0.0
2024-05-05 22:00:00,16.9,100,56,15.0,0.0,0.0,0.0
2024-05-05 23:00:00,16.2,46,58,17.8,0.0,0.0,0.0
2024-05-06 00:00:00,15.1,80,66,16.1,0.0,0.0,0.0
2024-05-06 01:00:00,13.5,61,83,9.0,2.2,0.0,0.0
2024-05-06 02:00:00,12.8,94,89,6.0,0.0,0.0,0.0
2024-05-06 03:00:00,13.1,96,87,8.6,0.0,0.0,0.0
2024-05-06 04:00:00,11.5,93,92,7.3,0.0,0.0,0.0
2024-05-06 05:00:00,10.9,91,93,7.2,0.0,0.0,0.0
2024-05-06 06:00:00,11.9,100,92,7.4,0.0,0.0,49.7
2024-05-06 07:00:00,13.2,99,91,8.4,0.0,0.0,160.0
2024-05-06 08:00:00,14.8,100,86,7.4,0.0,0.0,314.8
2024-05-06 09:00:00,16.1,100,79,7.9,0.0,0.0,424.6
2024-05-06 10:00:00,17.4,100,71,10.0,0.1,0.0,571.0
2024-05-06 11:00:00,18.0,100,68,11.8,0.3,0.0,585.3
2024-05-06 12:00:00,19.2,100,62,11.6,0.1,0.0,686.4
2024-05-06 13:00:00,20.1,100,59,10.9,0.0,0.0,732.2
2024-05-06 14:00:00,20.5,96,55,11.6,0.0,0.0,659.1
2024-05-06 15:00:00,20.9,88,55,12.6,0.0,0.0,693.0
2024-05-06 16:00:00,20.4,99,56,6.1,0.1,0.0,405.9
2024-05-06 17:00:00,20.9,100,53,7.2,0.0,0.0,388.4
2024-05-06 18:00:00,20.3,100,56,8.0,0.0,0.0,224.6
2024-05-06 19:00:00,19.1,100,66,6.2,0.0,0.0,84.5
2024-05-06 20:00:00,17.1,100,77,5.2,0.1,0.0,4.5
2024-05-06 21:00:00,15.4,100,86,4.3,0.3,0.0,0.0
2024-05-06 22:00:00,14.8,100,89,8.2,0.1,0.0,0.0
2024-05-06 23:00:00,14.6,100,92,7.9,0.4,0.0,0.0
2024-05-07 00:00:00,14.1,100,94,10.7,0.6,0.0,0.0
2024-05-07 01:00:00,13.9,99,94,7.6,0.2,0.0,0.0
2024-05-07 02:00:00,13.4,100,95,6.6,0.1,0.0,0.0
2024-05-07 03:00:00,12.6,100,89,8.4,0.5,0.0,0.0
2024-05-07 04:00:00,12.6,100,89,7.0,0.0,0.0,0.0
2024-05-07 05:00:00,12.4,100,89,9.1,0.0,0.0,0.0
2024-05-07 06:00:00,11.6,100,90,9.7,0.0,0.0,42.6
2024-05-07 07:00:00,12.1,100,85,9.8,0.0,0.0,128.0
2024-05-07 08:00:00,12.6,100,80,10.5,0.0,0.0,210.6
2024-05-07 09:00:00,13.2,100,76,12.6,0.0,0.0,287.7
2024-05-07 10:00:00,14.2,100,70,12.0,0.0,0.0,456.3
2024-05-07 11:00:00,15.2,100,62,12.4,0.0,0.0,574.6
2024-05-07 12:00:00,15.8,100,58,14.2,0.0,0.0,614.5
2024-05-07 13:00:00,16.3,100,56,13.4,0.0,0.0,640.2
2024-05-07 14:00:00,16.7,100,53,13.2,0.0,0.0,584.1
2024-05-07 15:00:00,15.7,100,56,13.4,0.0,0.0,247.5
2024-05-07 16:00:00,15.5,100,54,14.5,0.0,0.0,187.9
2024-05-07 17:00:00,15.7,100,52,16.1,0.0,0.0,192.6
2024-05-07 18:00:00,15.4,100,53,17.4,0.0,0.0,177.1
2024-05-07 19:00:00,14.7,100,57,16.9,0.0,0.0,73.4
2024-05-07 20:00:00,13.3,100,62,14.5,0.0,0.0,8.1
2024-05-07 21:00:00,12.7,99,64,14.0,0.0,0.0,0.0
2024-05-07 22:00:00,11.7,100,69,11.8,0.0,0.0,0.0
2024-05-07 23:00:00,11.4,99,68,14.9,0.0,0.0,0.0
2024-05-08 00:00:00,11.5,100,64,19.2,0.0,0.0,0.0
2024-05-08 01:00:00,10.4,100,67,18.3,0.0,0.0,0.0
2024-05-08 02:00:00,9.7,100,69,17.2,0.0,0.0,0.0
2024-05-08 03:00:00,7.7,77,80,13.4,0.0,0.0,0.0
2024-05-08 04:00:00,7.3,81,80,14.4,0.0,0.0,0.0
2024-05-08 05:00:00,6.7,78,80,15.5,0.0,0.0,0.0
2024-05-08 06:00:00,6.7,67,79,16.7,0.0,0.0,59.2
2024-05-08 07:00:00,7.9,60,76,17.4,0.0,0.0,198.6
2024-05-08 08:00:00,9.4,100,69,19.1,0.0,0.0,362.1
2024-05-08 09:00:00,10.7,100,63,18.9,0.0,0.0,491.9
2024-05-08 10:00:00,12.1,100,57,19.6,0.0,0.0,629.2
2024-05-08 11:00:00,12.9,100,55,20.0,0.0,0.0,627.1
2024-05-08 12:00:00,14.0,100,52,19.7,0.0,0.0,673.9
2024-05-08 13:00:00,14.7,100,50,18.8,0.0,0.0,695.2
2024-05-08 14:00:00,15.5,99,49,18.7,0.0,0.0,707.0
2024-05-08 15:00:00,15.1,100,48,18.7,0.0,0.0,487.5
2024-05-08 16:00:00,15.3,100,46,19.4,0.0,0.0,374.2
2024-05-08 17:00:00,15.5,100,45,18.6,0.0,0.0,340.9
2024-05-08 18:00:00,15.3,52,46,16.1,0.0,0.0,244.2
2024-05-08 19:00:00,14.4,52,53,10.9,0.0,0.0,128.5
2024-05-08 20:00:00,12.0,26,61,7.6,0.0,0.0,12.7
2024-05-08 21:00:00,10.5,94,66,8.0,0.0,0.0,0.0
2024-05-08 22:00:00,10.4,100,63,11.4,0.0,0.0,0.0
2024-05-08 23:00:00,10.5,99,58,13.0,0.0,0.0,0.0
2024-05-09 00:00:00,10.0,89,59,12.2,0.0,0.0,0.0
2024-05-09 01:00:00,9.1,85,64,12.7,0.0,0.0,0.0
2024-05-09 02:00:00,8.6,53,69,13.1,0.0,0.0,0.0
2024-05-09 03:00:00,8.5,83,71,13.2,0.0,0.0,0.0
2024-05-09 04:00:00,7.9,0,73,10.9,0.0,0.0,0.0
2024-05-09 05:00:00,6.9,0,78,8.9,0.0,0.0,0.0
2024-05-09 06:00:00,7.3,0,78,9.9,0.0,0.0,62.3
2024-05-09 07:00:00,9.0,0,75,8.9,0.0,0.0,198.9
2024-05-09 08:00:00,11.0,0,67,8.5,0.0,0.0,369.9
2024-05-09 09:00:00,12.9,0,62,7.6,0.0,0.0,534.6
2024-05-09 10:00:00,14.5,0,58,7.1,0.0,0.0,676.7
2024-05-09 11:00:00,15.7,3,48,8.9,0.0,0.0,781.9
2024-05-09 12:00:00,16.3,17,47,8.2,0.0,0.0,814.3
2024-05-09 13:00:00,16.9,37,44,6.8,0.0,0.0,819.2
2024-05-09 14:00:00,17.7,63,39,5.4,0.0,0.0,725.6
2024-05-09 15:00:00,18.0,100,42,7.7,0.0,0.0,721.0
2024-05-09 16:00:00,18.3,100,39,6.6,0.0,0.0,563.4
2024-05-09 17:00:00,17.8,100,38,6.9,0.0,0.0,298.2
2024-05-09 18:00:00,17.0,100,45,8.4,0.0,0.0,146.0
2024-05-09 19:00:00,16.1,3,50,7.9,0.0,0.0,111.2
2024-05-09 20:00:00,13.6,3,54,7.6,0.0,0.0,14.5
2024-05-09 21:00:00,11.4,0,60,7.3,0.0,0.0,0.0
2024-05-09 22:00:00,10.5,0,62,7.9,0.0,0.0,0.0
2024-05-09 23:00:00,9.4,0,67,7.9,0.0,0.0,0.0
2024-05-10 00:00:00,8.2,0,75,9.2,0.0,0.0,0.0
2024-05-10 01:00:00,7.3,0,79,9.8,0.0,0.0,0.0
2024-05-10 02:00:00,7.7,0,75,7.7,0.0,0.0,0.0
2024-05-10 03:00:00,6.3,0,82,7.2,0.0,0.0,0.0
2024-05-10 04:00:00,7.5,0,73,6.4,0.0,0.0,0.0
2024-05-10 05:00:00,4.6,1,88,8.2,0.0,0.0,0.0
2024-05-10 06:00:00,6.2,1,87,5.0,0.0,0.0,65.2
2024-05-10 07:00:00,9.0,20,77,8.1,0.0,0.0,202.1
2024-05-10 08:00:00,11.5,95,72,6.9,0.0,0.0,371.6
2024-05-10 09:00:00,13.7,100,61,8.7,0.0,0.0,522.8
2024-05-10 10:00:00,15.0,100,52,9.0,0.0,0.0,647.0
2024-05-10 11:00:00,15.8,100,47,7.7,0.0,0.0,720.6
2024-05-10 12:00:00,16.6,100,45,6.1,0.0,0.0,693.2
2024-05-10 13:00:00,17.2,100,44,6.1,0.0,0.0,627.1
2024-05-10 14:00:00,17.4,100,43,8.4,0.0,0.0,525.7
2024-05-10 15:00:00,17.3,100,44,8.6,0.0,0.0,411.8
2024-05-10 16:00:00,17.6,100,42,11.9,0.0,0.0,384.6
2024-05-10 17:00:00,17.9,99,39,6.9,0.0,0.0,336.2
2024-05-10 18:00:00,17.7,90,47,6.4,0.0,0.0,181.4
2024-05-10 19:00:00,16.8,100,69,1.6,0.0,0.0,79.7
2024-05-10 20:00:00,15.0,67,65,6.8,0.0,0.0,8.6
2024-05-10 21:00:00,13.3,79,63,9.0,0.0,0.0,0.0
2024-05-10 22:00:00,13.0,86,64,8.3,0.0,0.0,0.0
2024-05-10 23:00:00,12.7,10,64,6.4,0.0,0.0,0.0
2024-05-11 00:00:00,10.0,30,78,9.6,0.0,0.0,0.0
2024-05-11 01:00:00,10.6,87,74,6.5,0.0,0.0,0.0
2024-05-11 02:00:00,11.4,50,71,4.2,0.0,0.0,0.0
2024-05-11 03:00:00,8.2,94,90,7.8,0.0,0.0,0.0
2024-05-11 04:00:00,8.2,100,92,8.0,0.0,0.0,0.0
2024-05-11 05:00:00,9.3,100,89,5.7,0.0,0.0,0.0
2024-05-11 06:00:00,10.2,100,85,3.4,0.0,0.0,39.9
2024-05-11 07:00:00,11.9,100,82,3.8,0.0,0.0,108.8
2024-05-11 08:00:00,13.7,100,75,5.4,0.0,0.0,199.4
2024-05-11 09:00:00,14.8,100,69,8.8,0.0,0.0,293.5
2024-05-11 10:00:00,16.0,100,63,10.2,0.0,0.0,452.2
2024-05-11 11:00:00,17.0,100,62,10.4,0.0,0.0,546.6
2024-05-11 12:00:00,17.4,100,61,8.7,0.0,0.0,522.9
2024-05-11 13:00:00,18.2,100,58,7.7,0.0,0.0,571.1
2024-05-11 14:00:00,16.2,100,68,15.8,1.7,0.0,329.7
2024-05-11 15:00:00,16.8,100,57,17.7,0.1,0.0,429.9
2024-05-11 16:00:00,15.6,98,71,10.7,0.1,0.0,288.4
2024-05-11 17:00:00,15.7,72,72,12.0,0.5,0.0,314.6
2024-05-11 18:00:00,14.8,100,76,2.7,1.0,0.0,215.3
2024-05-11 19:00:00,13.7,88,79,8.6,1.2,0.0,62.6
2024-05-11 20:00:00,12.7,39,86,1.5,1.1,0.0,10.6
2024-05-11 21:00:00,12.2,100,88,0.5,0.0,0.0,0.0
2024-05-11 22:00:00,11.6,99,91,5.8,0.0,0.0,0.0
2024-05-11 23:00:00,11.5,100,75,12.0,0.0,0.0,0.0
2024-05-12 00:00:00,10.3,100,66,14.3,0.0,0.0,0.0
2024-05-12 01:00:00,9.7,100,63,13.9,0.0,0.0,0.0
2024-05-12 02:00:00,9.3,91,60,13.4,0.0,0.0,0.0
2024-05-12 03:00:00,8.5,4,60,13.0,0.0,0.0,0.0
2024-05-12 04:00:00,7.2,0,62,12.1,0.0,0.0,0.0
2024-05-12 05:00:00,6.4,0,64,10.9,0.0,0.0,0.0
2024-05-12 06:00:00,6.7,0,67,10.9,0.0,0.0,68.5
2024-05-12 07:00:00,8.4,0,67,11.7,0.0,0.0,208.4
2024-05-12 08:00:00,10.2,0,61,12.1,0.0,0.0,378.8
2024-05-12 09:00:00,11.9,0,56,13.1,0.0,0.0,543.5
2024-05-12 10:00:00,13.3,1,51,13.4,0.0,0.0,686.7
2024-05-12 11:00:00,14.2,0,48,13.4,0.0,0.0,796.0
2024-05-12 12:00:00,15.0,0,47,12.3,0.0,0.0,860.2
2024-05-12 13:00:00,15.7,0,46,11.7,0.0,0.0,870.2
2024-05-12 14:00:00,16.3,0,43,12.8,0.0,0.0,832.1
2024-05-12 15:00:00,16.9,0,36,14.1,0.0,0.0,750.9
2024-05-12 16:00:00,16.8,0,35,15.3,0.0,0.0,627.6
2024-05-12 17:00:00,16.5,0,33,15.5,0.0,0.0,475.7
2024-05-12 18:00:00,15.9,0,35,15.5,0.0,0.0,310.9
2024-05-12 19:00:00,14.8,0,43,12.2,0.0,0.0,149.8
2024-05-12 20:00:00,12.8,0,46,11.5,0.0,0.0,21.9
2024-05-12 21:00:00,11.2,0,48,10.5,0.0,0.0,0.0
2024-05-12 22:00:00,10.0,0,53,10.1,0.0,0.0,0.0
2024-05-12 23:00:00,9.2,0,55,10.5,0.0,0.0,0.0
2024-05-13 00:00:00,8.7,0,56,10.3,0.0,0.0,0.0
2024-05-13 01:00:00,8.3,3,56,10.3,0.0,0.0,0.0
2024-05-13 02:00:00,7.9,20,56,10.3,0.0,0.0,0.0
2024-05-13 03:00:00,7.1,57,65,9.9,0.0,0.0,0.0
2024-05-13 04:00:00,6.8,46,67,9.9,0.0,0.0,0.0
2024-05-13 05:00:00,6.6,0,67,10.1,0.0,0.0,0.0
2024-05-13 06:00:00,7.3,27,66,10.9,0.0,0.0,73.4
2024-05-13 07:00:00,9.5,100,66,12.4,0.0,0.0,214.3
2024-05-13 08:00:00,11.7,100,60,10.8,0.0,0.0,287.9
2024-05-13 09:00:00,13.7,100,49,12.1,0.0,0.0,417.5
2024-05-13 10:00:00,15.1,100,39,13.2,0.0,0.0,533.2
2024-05-13 11:00:00,15.9,98,36,11.9,0.0,0.0,612.7
2024-05-13 12:00:00,16.8,96,34,10.4,0.0,0.0,709.4
2024-05-13 13:00:00,17.7,100,33,10.1,0.0,0.0,819.1
2024-05-13 14:00:00,18.2,100,32,11.3,0.0,0.0,803.9
2024-05-13 15:00:00,18.8,98,30,11.9,0.0,0.0,732.1
2024-05-13 16:00:00,19.0,93,29,13.0,0.0,0.0,585.5
2024-05-13 17:00:00,18.7,3,30,13.4,0.0,0.0,432.1
2024-05-13 18:00:00,18.0,0,33,13.1,0.0,0.0,309.8
2024-05-13 19:00:00,16.6,0,44,10.2,0.0,0.0,149.9
2024-05-13 20:00:00,14.2,0,49,10.2,0.0,0.0,23.6
2024-05-13 21:00:00,12.6,0,48,11.2,0.0,0.0,0.0
2024-05-13 22:00:00,11.5,0,50,11.2,0.0,0.0,0.0
2024-05-13 23:00:00,10.8,0,51,11.6,0.0,0.0,0.0
2024-05-14 00:00:00,10.2,0,53,11.5,0.0,0.0,0.0
2024-05-14 01:00:00,9.6,0,55,10.8,0.0,0.0,0.0
2024-05-14 02:00:00,9.1,0,56,11.0,0.0,0.0,0.0
2024-05-14 03:00:00,8.3,0,62,11.8,0.0,0.0,0.0
2024-05-14 04:00:00,8.0,0,64,12.1,0.0,0.0,0.0
2024-05-14 05:00:00,7.8,0,66,11.3,0.0,0.0,0.0
2024-05-14 06:00:00,8.6,0,66,10.8,0.0,0.0,73.8
2024-05-14 07:00:00,10.8,0,66,11.5,0.0,0.0,217.5
2024-05-14 08:00:00,13.6,0,58,10.5,0.0,0.0,386.1
2024-05-14 09:00:00,16.0,0,53,11.4,0.0,0.0,549.4
2024-05-14 10:00:00,17.7,0,43,14.3,0.0,0.0,688.3
2024-05-14 11:00:00,18.8,9,37,15.7,0.0,0.0,791.4
2024-05-14 12:00:00,19.5,9,35,16.4,0.0,0.0,850.8
2024-05-14 13:00:00,20.0,41,34,17.5,0.0,0.0,862.1
2024-05-14 14:00:00,20.4,8,34,18.2,0.0,0.0,824.5
2024-05-14 15:00:00,20.3,0,35,18.7,0.0,0.0,743.7
2024-05-14 16:00:00,20.2,1,34,19.9,0.0,0.0,622.6
2024-05-14 17:00:00,20.0,0,33,17.5,0.0,0.0,468.6
2024-05-14 18:00:00,19.3,0,32,18.0,0.0,0.0,306.2
2024-05-14 19:00:00,18.2,11,38,13.5,0.0,0.0,142.1
2024-05-14 20:00:00,16.6,6,38,18.8,0.0,0.0,24.5
2024-05-14 21:00:00,15.5,0,37,19.8,0.0,0.0,0.0
2024-05-14 22:00:00,14.8,0,38,18.4,0.0,0.0,0.0
2024-05-14 23:00:00,13.7,0,44,19.9,0.0,0.0,0.0
2024-05-15 00:00:00,13.3,0,47,21.2,0.0,0.0,0.0
2024-05-15 01:00:00,12.7,0,49,20.4,0.0,0.0,0.0
2024-05-15 02:00:00,12.2,0,51,20.5,0.0,0.0,0.0
2024-05-15 03:00:00,12.2,94,55,22.0,0.0,0.0,0.0
2024-05-15 04:00:00,11.9,96,54,19.9,0.0,0.0,0.0
2024-05-15 05:00:00,11.1,100,57,18.4,0.0,0.0,0.0
2024-05-15 06:00:00,11.1,100,59,18.1,0.0,0.0,46.6
2024-05-15 07:00:00,11.4,15,62,16.9,0.0,0.0,135.4
2024-05-15 08:00:00,13.1,0,60,17.4,0.0,0.0,353.1
2024-05-15 09:00:00,15.0,0,54,18.5,0.0,0.0,525.3
2024-05-15 10:00:00,16.9,0,46,20.4,0.0,0.0,683.6
2024-05-15 11:00:00,18.3,0,41,20.7,0.0,0.0,797.6
2024-05-15 12:00:00,19.4,0,38,19.9,0.0,0.0,854.8
2024-05-15 13:00:00,20.1,0,36,19.4,0.0,0.0,867.2
2024-05-15 14:00:00,20.5,1,35,21.2,0.0,0.0,832.4
2024-05-15 15:00:00,20.3,0,34,21.8,0.0,0.0,751.4
2024-05-15 16:00:00,20.3,0,36,22.2,0.0,0.0,627.4
2024-05-15 17:00:00,20.2,2,36,21.9,0.0,0.0,473.4
2024-05-15 18:00:00,19.8,2,38,22.1,0.0,0.0,310.0
2024-05-15 19:00:00,18.8,6,42,18.4,0.0,0.0,151.4
2024-05-15 20:00:00,17.2,4,43,18.8,0.0,0.0,27.2
2024-05-15 21:00:00,16.0,1,43,22.8,0.0,0.0,0.0
2024-05-15 22:00:00,15.2,0,44,24.6,0.0,0.0,0.0
2024-05-15 23:00:00,14.4,0,44,23.0,0.0,0.0,0.0
2024-05-16 00:00:00,13.5,0,47,19.1,0.0,0.0,0.0
2024-05-16 01:00:00,12.5,0,51,15.5,0.0,0.0,0.0
2024-05-16 02:00:00,11.6,0,56,12.9,0.0,0.0,0.0
2024-05-16 03:00:00,10.6,3,67,10.2,0.0,0.0,0.0
2024-05-16 04:00:00,10.0,3,70,11.4,0.0,0.0,0.0
2024-05-16 05:00:00,9.5,0,71,10.7,0.0,0.0,0.0
2024-05-16 06:00:00,9.9,0,73,11.3,0.0,0.0,76.7
2024-05-16 07:00:00,11.7,0,70,10.0,0.0,0.0,218.6
2024-05-16 08:00:00,14.0,0,66,10.5,0.0,0.0,387.4
2024-05-16 09:00:00,16.5,0,58,11.5,0.0,0.0,550.9
2024-05-16 10:00:00,18.1,0,49,11.2,0.0,0.0,689.9
2024-05-16 11:00:00,19.3,0,45,13.0,0.0,0.0,795.3
2024-05-16 12:00:00,20.4,6,40,17.4,0.0,0.0,857.8
2024-05-16 13:00:00,21.1,17,37,19.5,0.0,0.0,817.2
2024-05-16 14:00:00,21.8,15,35,20.6,0.0,0.0,769.0
2024-05-16 15:00:00,22.0,60,32,19.1,0.0,0.0,643.3
2024-05-16 16:00:00,21.8,100,33,23.8,0.0,0.0,509.0
2024-05-16 17:00:00,20.7,1,36,25.5,0.0,0.0,217.9
2024-05-16 18:00:00,21.0,8,34,26.6,0.0,0.0,323.7
2024-05-16 19:00:00,19.9,45,39,22.9,0.0,0.0,152.8
2024-05-16 20:00:00,18.7,100,39,21.7,0.0,0.0,27.2
2024-05-16 21:00:00,17.6,100,41,21.6,0.0,0.0,0.0
2024-05-16 22:00:00,16.9,100,41,22.1,0.0,0.0,0.0
2024-05-16 23:00:00,16.1,97,44,23.1,0.0,0.0,0.0
2024-05-17 00:00:00,15.0,45,48,23.3,0.0,0.0,0.0
2024-05-17 01:00:00,14.0,11,48,22.8,0.0,0.0,0.0
2024-05-17 02:00:00,13.4,0,48,23.9,0.0,0.0,0.0
2024-05-17 03:00:00,12.5,0,52,23.4,0.0,0.0,0.0
2024-05-17 04:00:00,12.0,7,53,24.3,0.0,0.0,0.0
2024-05-17 05:00:00,11.7,2,55,23.1,0.0,0.0,0.0
2024-05-17 06:00:00,12.1,0,56,25.2,0.0,0.0,81.1
2024-05-17 07:00:00,13.5,57,57,22.0,0.0,0.0,228.6
2024-05-17 08:00:00,15.1,97,53,25.3,0.0,0.0,398.8
2024-05-17 09:00:00,17.0,98,45,27.5,0.0,0.0,547.2
2024-05-17 10:00:00,18.5,92,39,29.6,0.0,0.0,639.8
2024-05-17 11:00:00,19.5,100,35,33.7,0.0,0.0,780.4
2024-05-17 12:00:00,20.0,100,33,31.9,0.0,0.0,761.4
2024-05-17 13:00:00,20.4,100,31,31.9,0.0,0.0,712.1
2024-05-17 14:00:00,20.2,100,31,31.2,0.0,0.0,520.2
2024-05-17 15:00:00,18.4,100,44,25.2,0.0,0.0,391.6
2024-05-17 16:00:00,15.6,100,65,14.8,0.2,0.0,195.2
2024-05-17 17:00:00,15.1,100,69,19.6,0.6,0.0,99.8
2024-05-17 18:00:00,15.3,100,63,18.0,0.0,0.0,62.0
2024-05-17 19:00:00,14.9,56,66,16.1,0.0,0.0,60.8
2024-05-17 20:00:00,14.1,94,72,19.0,0.0,0.0,19.7
2024-05-17 21:00:00,13.0,42,79,14.3,0.0,0.0,0.0
2024-05-17 22:00:00,12.4,16,81,11.8,0.0,0.0,0.0
2024-05-17 23:00:00,11.6,31,84,8.2,0.0,0.0,0.0
2024-05-18 00:00:00,11.4,60,86,6.6,0.0,0.0,0.0
2024-05-18 01:00:00,11.1,100,88,5.1,0.0,0.0,0.0
2024-05-18 02:00:00,11.6,91,87,5.4,0.0,0.0,0.0
2024-05-18 03:00:00,11.1,85,91,7.9,0.0,0.0,0.0
2024-05-18 04:00:00,10.3,100,94,5.8,0.0,0.0,0.0
2024-05-18 05:00:00,9.9,100,95,5.9,0.0,0.0,0.0
2024-05-18 06:00:00,10.9,99,93,7.2,0.0,0.0,63.6
2024-05-18 07:00:00,12.5,54,88,8.0,0.0,0.0,180.9
2024-05-18 08:00:00,14.1,65,78,11.6,0.0,0.0,340.9
2024-05-18 09:00:00,15.6,46,70,12.2,0.0,0.0,483.7
2024-05-18 10:00:00,17.0,49,61,9.5,0.0,0.0,592.9
2024-05-18 11:00:00,18.3,29,54,7.7,0.0,0.0,698.3
2024-05-18 12:00:00,19.1,48,52,7.7,0.0,0.0,757.3
2024-05-18 13:00:00,19.9,60,49,7.7,0.0,0.0,814.2
2024-05-18 14:00:00,20.6,100,47,6.9,0.0,0.0,818.0
2024-05-18 15:00:00,21.2,95,41,3.4,0.0,0.0,708.2
2024-05-18 16:00:00,21.2,71,41,4.8,0.0,0.0,554.5
2024-05-18 17:00:00,21.1,71,42,3.8,0.0,0.0,398.5
2024-05-18 18:00:00,19.6,100,49,8.4,0.1,0.0,233.6
2024-05-18 19:00:00,17.9,91,57,6.6,0.0,0.0,107.6
2024-05-18 20:00:00,16.5,57,69,7.4,0.0,0.0,17.8
2024-05-18 21:00:00,14.9,21,75,7.2,0.0,0.0,0.0
2024-05-18 22:00:00,13.4,6,81,7.4,0.0,0.0,0.0
2024-05-18 23:00:00,12.4,8,85,9.0,0.0,0.0,0.0
2024-05-19 00:00:00,12.3,44,87,6.3,0.0,0.0,0.0
2024-05-19 01:00:00,11.7,38,90,6.3,0.0,0.0,0.0
2024-05-19 02:00:00,11.2,78,91,6.1,0.0,0.0,0.0
2024-05-19 03:00:00,11.2,100,90,6.4,0.0,0.0,0.0
2024-05-19 04:00:00,11.5,100,89,6.2,0.0,0.0,0.0
2024-05-19 05:00:00,11.6,100,89,4.7,0.0,0.0,0.0
2024-05-19 06:00:00,12.7,24,86,8.0,0.0,0.0,54.6
2024-05-19 07:00:00,14.4,28,80,6.9,0.0,0.0,201.7
2024-05-19 08:00:00,16.7,17,72,9.5,0.0,0.0,368.0
2024-05-19 09:00:00,18.1,90,63,8.6,0.0,0.0,526.2
2024-05-19 10:00:00,18.9,97,59,9.2,0.2,0.0,636.1
2024-05-19 11:00:00,19.0,96,62,7.6,0.0,0.0,531.0
2024-05-19 12:00:00,20.2,80,59,10.0,0.0,0.0,752.1
2024-05-19 13:00:00,21.0,99,55,9.8,0.0,0.0,724.2
2024-05-19 14:00:00,20.9,97,54,10.6,0.0,0.0,558.4
2024-05-19 15:00:00,21.0,44,48,11.9,0.0,0.0,587.6
2024-05-19 16:00:00,21.0,56,50,10.6,0.0,0.0,503.1
2024-05-19 17:00:00,20.9,89,50,12.0,0.0,0.0,405.8
2024-05-19 18:00:00,20.4,64,51,11.5,0.0,0.0,196.6
2024-05-19 19:00:00,19.0,40,62,10.0,0.0,0.0,122.6
2024-05-19 20:00:00,17.0,37,81,4.9,0.0,0.0,30.2
2024-05-19 21:00:00,15.4,64,83,4.6,1.0,0.0,0.0
2024-05-19 22:00:00,14.6,47,90,3.8,1.2,0.0,0.0
2024-05-19 23:00:00,14.1,7,90,5.5,0.0,0.0,0.0
2024-05-20 00:00:00,13.2,0,92,6.6,0.0,0.0,0.0
2024-05-20 01:00:00,12.7,2,93,6.6,0.0,0.0,0.0
2024-05-20 02:00:00,12.0,7,95,6.5,0.0,0.0,0.0
2024-05-20 03:00:00,10.7,94,96,9.7,0.0,0.0,0.0
2024-05-20 04:00:00,10.3,95,97,8.5,0.0,0.0,0.0
2024-05-20 05:00:00,10.3,99,97,6.5,0.0,0.0,0.0
2024-05-20 06:00:00,12.1,100,95,2.9,0.0,0.0,71.0
2024-05-20 07:00:00,13.4,100,91,5.5,0.0,0.0,138.5
2024-05-20 08:00:00,15.2,100,85,6.0,0.0,0.0,230.3
2024-05-20 09:00:00,17.4,100,75,6.3,0.0,0.0,397.5
2024-05-20 10:00:00,18.9,100,63,5.6,0.0,0.0,473.4
2024-05-20 11:00:00,19.7,100,55,4.7,0.0,0.0,475.2
2024-05-20 12:00:00,20.7,100,49,4.0,0.0,0.0,546.1
2024-05-20 13:00:00,21.5,79,45,5.4,0.0,0.0,613.2
2024-05-20 14:00:00,22.6,27,41,5.8,0.0,0.0,777.2
2024-05-20 15:00:00,22.7,82,41,8.4,0.0,0.0,671.4
2024-05-20 16:00:00,22.0,82,46,8.4,0.0,0.0,425.9
2024-05-20 17:00:00,21.8,91,47,9.5,0.4,0.0,370.7
2024-05-20 18:00:00,21.3,63,48,8.7,0.0,0.0,246.7
2024-05-20 19:00:00,20.6,38,56,7.7,0.0,0.0,133.4
2024-05-20 20:00:00,18.4,15,66,6.8,0.0,0.0,35.6
2024-05-20 21:00:00,16.0,5,77,7.9,0.0,0.0,0.0
2024-05-20 22:00:00,15.4,1,79,7.2,0.0,0.0,0.0
2024-05-20 23:00:00,14.8,0,82,7.7,0.0,0.0,0.0
2024-05-21 00:00:00,13.9,0,88,7.7,0.0,0.0,0.0
2024-05-21 01:00:00,13.6,0,91,10.0,0.0,0.0,0.0
2024-05-21 02:00:00,13.5,0,92,8.7,0.0,0.0,0.0
2024-05-21 03:00:00,13.0,11,94,8.8,0.0,0.0,0.0
2024-05-21 04:00:00,12.5,19,95,7.3,0.0,0.0,0.0
2024-05-21 05:00:00,12.2,37,95,8.1,0.0,0.0,0.0
2024-05-21 06:00:00,13.2,23,91,12.0,0.0,0.0,83.1
2024-05-21 07:00:00,15.2,21,85,10.2,0.0,0.0,221.8
2024-05-21 08:00:00,17.7,100,78,10.0,0.0,0.0,387.4
2024-05-21 09:00:00,20.1,29,68,9.7,0.0,0.0,530.1
2024-05-21 10:00:00,22.0,95,57,9.7,0.0,0.0,676.9
2024-05-21 11:00:00,23.5,100,49,11.0,0.0,0.0,766.3
2024-05-21 12:00:00,24.3,100,43,12.7,0.0,0.0,752.0
2024-05-21 13:00:00,24.7,91,41,13.5,0.0,0.0,700.2
2024-05-21 14:00:00,25.2,100,39,12.9,0.0,0.0,693.3
2024-05-21 15:00:00,25.4,95,40,11.7,0.0,0.0,664.9
2024-05-21 16:00:00,25.1,100,40,13.6,0.0,0.0,469.4
2024-05-21 17:00:00,23.9,25,47,14.4,0.0,0.0,176.2
2024-05-21 18:00:00,24.2,66,45,15.9,0.0,0.0,291.2
2024-05-21 19:00:00,23.2,24,52,13.9,0.0,0.0,159.6
2024-05-21 20:00:00,21.2,96,60,11.9,0.0,0.0,37.9
2024-05-21 21:00:00,19.8,100,65,14.2,0.0,0.0,0.0
2024-05-21 22:00:00,19.1,82,67,16.2,0.0,0.0,0.0
2024-05-21 23:00:00,18.6,91,68,15.5,0.0,0.0,0.0
2024-05-22 00:00:00,18.2,90,69,13.8,0.0,0.0,0.0
2024-05-22 01:00:00,17.8,60,71,13.2,0.0,0.0,0.0
2024-05-22 02:00:00,17.5,6,72,12.8,0.0,0.0,0.0
2024-05-22 03:00:00,16.4,100,85,9.3,0.0,0.0,0.0
2024-05-22 04:00:00,15.5,93,89,7.9,0.0,0.0,0.0
2024-05-22 05:00:00,14.5,90,93,6.8,0.0,0.0,0.0
2024-05-22 06:00:00,15.8,29,91,9.4,0.0,0.0,76.3
2024-05-22 07:00:00,17.4,28,87,7.0,0.0,0.0,217.2
2024-05-22 08:00:00,19.4,37,77,7.6,0.0,0.0,362.0
2024-05-22 09:00:00,20.6,73,70,10.2,0.0,0.0,509.6
2024-05-22 10:00:00,21.5,79,65,10.2,0.0,0.0,633.4
2024-05-22 11:00:00,22.0,100,62,8.7,0.0,0.0,644.2
2024-05-22 12:00:00,22.6,100,58,8.9,0.0,0.0,649.5
2024-05-22 13:00:00,22.8,100,57,10.5,0.0,0.0,598.2
2024-05-22 14:00:00,19.8,94,72,18.1,2.0,0.0,432.6
2024-05-22 15:00:00,19.9,100,72,8.9,0.8,0.0,361.6
2024-05-22 16:00:00,20.2,100,70,13.0,0.3,0.0,422.5
2024-05-22 17:00:00,19.1,100,75,13.0,0.7,0.0,272.9
2024-05-22 18:00:00,18.9,100,73,12.0,0.2,0.0,134.1
2024-05-22 19:00:00,18.1,100,80,12.2,0.1,0.0,61.3
2024-05-22 20:00:00,17.2,100,86,7.7,0.6,0.0,15.6
2024-05-22 21:00:00,16.6,100,92,9.0,0.4,0.0,0.0
2024-05-22 22:00:00,16.1,100,93,8.9,0.2,0.0,0.0
2024-05-22 23:00:00,15.8,100,91,7.9,0.0,0.0,0.0
2024-05-23 00:00:00,15.6,100,91,6.0,0.0,0.0,0.0
2024-05-23 01:00:00,14.9,47,91,7.2,0.0,0.0,0.0
2024-05-23 02:00:00,14.6,53,87,8.0,0.0,0.0,0.0
2024-05-23 03:00:00,13.9,57,93,8.3,0.0,0.0,0.0
2024-05-23 04:00:00,14.1,91,90,9.7,0.0,0.0,0.0
2024-05-23 05:00:00,14.1,99,90,8.4,0.0,0.0,0.0
2024-05-23 06:00:00,14.5,100,88,8.5,0.0,0.0,49.6
2024-05-23 07:00:00,15.3,100,85,8.3,0.0,0.0,146.6
2024-05-23 08:00:00,15.9,99,80,10.8,0.0,0.0,168.9
2024-05-23 09:00:00,17.0,92,73,12.9,0.0,0.0,340.7
2024-05-23 10:00:00,18.3,96,65,13.1,0.1,0.0,546.6
2024-05-23 11:00:00,19.5,100,58,13.0,0.1,0.0,686.2
2024-05-23 12:00:00,20.2,100,54,12.2,0.0,0.0,641.3
2024-05-23 13:00:00,21.0,100,50,10.1,0.0,0.0,609.2
2024-05-23 14:00:00,21.5,100,48,10.0,0.0,0.0,545.0
2024-05-23 15:00:00,20.7,97,54,8.1,0.0,0.0,599.6
2024-05-23 16:00:00,21.3,99,50,6.2,0.0,0.0,582.4
2024-05-23 17:00:00,21.3,100,48,5.4,0.0,0.0,393.7
2024-05-23 18:00:00,21.0,94,49,5.4,0.0,0.0,221.9
2024-05-23 19:00:00,20.6,100,54,6.2,0.0,0.0,151.1
2024-05-23 20:00:00,18.9,100,64,8.0,0.0,0.0,30.0
2024-05-23 21:00:00,17.6,100,67,7.2,0.0,0.0,0.0
2024-05-23 22:00:00,16.6,100,72,6.5,0.0,0.0,0.0
2024-05-23 23:00:00,15.9,100,78,6.2,0.0,0.0,0.0
2024-05-24 00:00:00,15.1,82,83,6.8,0.0,0.0,0.0
2024-05-24 01:00:00,14.5,69,88,5.8,0.0,0.0,0.0
2024-05-24 02:00:00,14.0,81,91,6.1,0.0,0.0,0.0
2024-05-24 03:00:00,14.1,66,93,10.6,0.0,0.0,0.0
2024-05-24 04:00:00,13.5,81,94,6.2,0.0,0.0,0.0
2024-05-24 05:00:00,13.6,95,95,8.4,0.0,0.0,0.0
2024-05-24 06:00:00,14.9,31,91,8.3,0.0,0.0,56.2
2024-05-24 07:00:00,16.3,83,87,6.8,0.0,0.0,202.9
2024-05-24 08:00:00,17.6,98,80,7.2,0.0,0.0,333.9
2024-05-24 09:00:00,18.8,96,75,7.0,0.0,0.0,445.0
2024-05-24 10:00:00,19.5,93,73,6.1,0.1,0.0,488.0
2024-05-24 11:00:00,20.6,80,69,6.1,0.3,0.0,667.2
2024-05-24 12:00:00,21.5,35,65,7.0,0.2,0.0,720.1
2024-05-24 13:00:00,22.4,61,60,8.2,0.1,0.0,787.3
2024-05-24 14:00:00,22.1,78,60,8.4,0.1,0.0,602.7
2024-05-24 15:00:00,19.7,100,71,16.4,0.6,0.0,398.8
2024-05-24 16:00:00,19.1,100,76,8.0,0.4,0.0,281.6
2024-05-24 17:00:00,20.1,99,71,7.9,0.1,0.0,337.1
2024-05-24 18:00:00,20.3,88,68,7.8,0.0,0.0,261.4
2024-05-24 19:00:00,20.0,98,68,8.4,0.0,0.0,153.9
2024-05-24 20:00:00,18.2,65,84,5.8,0.0,0.0,32.6
2024-05-24 21:00:00,16.3,38,88,7.4,0.0,0.0,0.0
2024-05-24 22:00:00,16.4,99,87,7.9,0.0,0.0,0.0
2024-05-24 23:00:00,15.4,99,90,6.5,0.0,0.0,0.0
2024-05-25 00:00:00,14.8,97,89,6.3,0.0,0.0,0.0
2024-05-25 01:00:00,14.1,68,85,7.1,0.0,0.0,0.0
2024-05-25 02:00:00,13.7,67,83,7.7,0.0,0.0,0.0
2024-05-25 03:00:00,12.1,18,92,10.2,0.0,0.0,0.0
2024-05-25 04:00:00,12.4,100,91,7.2,0.0,0.0,0.0
2024-05-25 05:00:00,13.0,100,93,6.9,0.0,0.0,0.0
2024-05-25 06:00:00,14.4,76,88,5.2,0.0,0.0,50.2
2024-05-25 07:00:00,15.8,63,85,5.8,0.0,0.0,189.3
2024-05-25 08:00:00,17.6,28,78,6.9,0.0,0.0,362.1
2024-05-25 09:00:00,19.2,66,69,7.6,0.0,0.0,547.1
2024-05-25 10:00:00,20.4,81,63,6.3,0.0,0.0,663.2
2024-05-25 11:00:00,21.4,15,60,4.9,0.0,0.0,773.2
2024-05-25 12:00:00,22.2,55,57,5.8,0.0,0.0,799.0
2024-05-25 13:00:00,23.0,22,53,7.8,0.0,0.0,802.3
2024-05-25 14:00:00,23.5,3,50,8.2,0.0,0.0,822.6
2024-05-25 15:00:00,23.6,38,44,9.1,0.0,0.0,695.0
2024-05-25 16:00:00,23.1,23,47,9.2,0.0,0.0,499.7
2024-05-25 17:00:00,23.1,89,46,4.8,0.0,0.0,431.4
2024-05-25 18:00:00,22.4,89,47,8.6,0.1,0.0,286.0
2024-05-25 19:00:00,21.4,87,60,5.8,0.1,0.0,128.3
2024-05-25 20:00:00,19.5,100,71,5.6,0.0,0.0,41.3
2024-05-25 21:00:00,17.2,99,77,6.8,0.0,0.0,0.0
2024-05-25 22:00:00,16.8,82,78,7.9,0.0,0.0,0.0
2024-05-25 23:00:00,15.6,16,85,6.8,0.0,0.0,0.0
2024-05-26 00:00:00,14.5,5,90,6.5,0.0,0.0,0.0
2024-05-26 01:00:00,13.4,3,92,8.4,0.0,0.0,0.0
2024-05-26 02:00:00,13.2,13,91,7.6,0.0,0.0,0.0
2024-05-26 03:00:00,13.7,62,91,8.8,0.0,0.0,0.0
2024-05-26 04:00:00,13.4,44,92,8.0,0.0,0.0,0.0
2024-05-26 05:00:00,12.5,100,95,6.6,0.0,0.0,11.8
2024-05-26 06:00:00,13.9,99,92,8.4,0.0,0.0,85.2
2024-05-26 07:00:00,15.5,100,89,5.4,0.0,0.0,223.0
2024-05-26 08:00:00,17.3,99,85,3.8,0.0,0.0,331.0
2024-05-26 09:00:00,19.9,75,73,3.9,0.0,0.0,532.2
2024-05-26 10:00:00,21.8,78,62,4.5,0.0,0.0,673.9
2024-05-26 11:00:00,23.2,82,52,4.0,0.0,0.0,775.2
2024-05-26 12:00:00,23.5,64,48,6.6,0.0,0.0,760.0
2024-05-26 13:00:00,24.6,26,43,7.7,0.0,0.0,808.4
2024-05-26 14:00:00,24.5,43,45,5.2,0.0,0.0,817.8
2024-05-26 15:00:00,23.1,69,49,8.8,0.0,0.0,489.5
2024-05-26 16:00:00,23.4,98,48,8.7,0.3,0.0,579.3
2024-05-26 17:00:00,23.6,96,43,8.7,0.0,0.0,436.1
2024-05-26 18:00:00,23.4,98,43,6.1,0.0,0.0,314.0
2024-05-26 19:00:00,22.5,100,56,3.7,0.0,0.0,154.8
2024-05-26 20:00:00,20.6,100,67,6.1,0.0,0.0,41.5
2024-05-26 21:00:00,20.7,82,57,4.6,0.0,0.0,0.0
2024-05-26 22:00:00,16.7,73,75,8.5,0.0,0.0,0.0
2024-05-26 23:00:00,16.1,98,75,8.3,0.0,0.0,0.0
2024-05-27 00:00:00,15.6,34,76,7.1,0.0,0.0,0.0
2024-05-27 01:00:00,14.2,3,84,9.2,0.0,0.0,0.0
2024-05-27 02:00:00,14.0,5,85,7.0,0.0,0.0,0.0
2024-05-27 03:00:00,12.3,67,94,6.7,0.0,0.0,0.0
2024-05-27 04:00:00,11.9,64,95,5.4,0.0,0.0,0.0
2024-05-27 05:00:00,11.8,2,96,5.3,0.0,0.0,10.8
2024-05-27 06:00:00,13.5,39,92,9.1,0.0,0.0,93.2
2024-05-27 07:00:00,15.9,3,85,7.9,0.0,0.0,237.0
2024-05-27 08:00:00,18.4,0,76,6.5,0.0,0.0,401.8
2024-05-27 09:00:00,20.7,14,65,7.2,0.0,0.0,560.1
2024-05-27 10:00:00,22.3,45,57,6.2,0.0,0.0,694.3
2024-05-27 11:00:00,23.6,12,51,7.0,0.0,0.0,788.8
2024-05-27 12:00:00,24.6,15,43,9.0,0.0,0.0,827.6
2024-05-27 13:00:00,25.2,8,38,9.9,0.0,0.0,812.4
2024-05-27 14:00:00,25.6,2,36,11.2,0.0,0.0,811.0
2024-05-27 15:00:00,25.8,12,31,9.8,0.0,0.0,682.0
2024-05-27 16:00:00,25.9,11,31,10.6,0.0,0.0,628.5
2024-05-27 17:00:00,25.8,12,31,9.3,0.0,0.0,486.2
2024-05-27 18:00:00,25.4,16,33,9.7,0.0,0.0,331.1
2024-05-27 19:00:00,23.7,61,44,9.2,0.0,0.0,181.5
2024-05-27 20:00:00,20.3,59,62,5.8,0.0,0.0,44.8
2024-05-27 21:00:00,17.8,12,69,4.7,0.0,0.0,0.0
2024-05-27 22:00:00,17.6,1,64,9.8,0.0,0.0,0.0
2024-05-27 23:00:00,17.7,0,49,13.0,0.0,0.0,0.0
2024-05-28 00:00:00,16.4,10,49,10.3,0.0,0.0,0.0
2024-05-28 01:00:00,14.6,0,58,7.4,0.0,0.0,0.0
2024-05-28 02:00:00,13.5,2,69,7.9,0.0,0.0,0.0
2024-05-28 03:00:00,12.4,0,85,6.5,0.0,0.0,0.0
2024-05-28 04:00:00,12.3,0,90,6.0,0.0,0.0,0.0
2024-05-28 05:00:00,12.2,1,91,6.0,0.0,0.0,10.0
2024-05-28 06:00:00,14.3,4,84,7.9,0.0,0.0,95.9
2024-05-28 07:00:00,16.9,0,75,8.9,0.0,0.0,239.2
2024-05-28 08:00:00,19.3,5,67,8.7,0.0,0.0,400.3
2024-05-28 09:00:00,21.3,3,56,9.7,0.0,0.0,543.1
2024-05-28 10:00:00,22.9,5,47,8.7,0.0,0.0,681.1
2024-05-28 11:00:00,24.0,19,41,7.1,0.0,0.0,776.1
2024-05-28 12:00:00,24.6,42,39,10.5,0.0,0.0,810.2
2024-05-28 13:00:00,24.2,21,36,11.5,0.0,0.0,733.4
2024-05-28 14:00:00,24.6,23,34,12.1,0.0,0.0,719.3
2024-05-28 15:00:00,25.2,87,29,20.1,0.0,0.0,697.3
2024-05-28 16:00:00,24.6,83,30,17.9,0.0,0.0,517.7
2024-05-28 17:00:00,24.1,57,32,15.6,0.0,0.0,378.0
2024-05-28 18:00:00,23.7,22,36,12.6,0.0,0.0,299.6
2024-05-28 19:00:00,22.6,34,45,8.9,0.0,0.0,164.0
2024-05-28 20:00:00,19.8,35,59,5.9,0.1,0.0,38.0
2024-05-28 21:00:00,17.8,35,67,7.6,0.0,0.0,0.0
2024-05-28 22:00:00,17.1,58,67,7.1,0.1,0.0,0.0
2024-05-28 23:00:00,17.0,55,75,9.4,0.0,0.0,0.0
2024-05-29 00:00:00,16.6,67,83,11.5,0.0,0.0,0.0
2024-05-29 01:00:00,16.0,33,86,17.3,0.0,0.0,0.0
2024-05-29 02:00:00,14.8,56,89,16.3,0.0,0.0,0.0
2024-05-29 03:00:00,14.4,100,90,16.1,0.0,0.0,0.0
2024-05-29 04:00:00,14.0,100,89,14.0,0.0,0.0,0.0
2024-05-29 05:00:00,13.6,100,89,13.5,0.0,0.0,9.3
2024-05-29 06:00:00,13.7,100,88,12.7,0.0,0.0,34.6
2024-05-29 07:00:00,14.3,100,86,12.5,0.0,0.0,107.0
2024-05-29 08:00:00,15.2,100,82,11.4,0.0,0.0,185.8
2024-05-29 09:00:00,15.9,100,79,10.0,0.0,0.0,215.4
2024-05-29 10:00:00,16.6,100,76,8.8,0.1,0.0,250.8
2024-05-29 11:00:00,17.6,87,72,7.1,0.1,0.0,316.1
2024-05-29 12:00:00,18.7,47,65,5.4,0.2,0.0,516.2
2024-05-29 13:00:00,20.0,44,62,5.0,0.2,0.0,686.4
2024-05-29 14:00:00,20.6,36,63,5.4,0.0,0.0,694.9
2024-05-29 15:00:00,20.8,15,58,5.1,0.0,0.0,660.3
2024-05-29 16:00:00,21.2,21,55,2.3,0.1,0.0,551.2
2024-05-29 17:00:00,21.3,36,54,3.8,0.2,0.0,446.7
2024-05-29 18:00:00,21.2,52,54,3.8,0.2,0.0,301.6
2024-05-29 19:00:00,20.5,25,58,5.2,0.2,0.0,156.9
2024-05-29 20:00:00,19.3,20,65,7.5,0.0,0.0,43.9
2024-05-29 21:00:00,17.5,13,73,8.3,0.0,0.0,0.0
2024-05-29 22:00:00,16.3,19,79,6.5,0.0,0.0,0.0
2024-05-29 23:00:00,15.4,43,84,6.9,0.0,0.0,0.0
2024-05-30 00:00:00,14.8,37,89,6.5,0.0,0.0,0.0
2024-05-30 01:00:00,14.9,28,89,9.6,0.0,0.0,0.0
2024-05-30 02:00:00,14.1,39,93,7.0,0.0,0.0,0.0
2024-05-30 03:00:00,13.8,96,93,7.9,0.0,0.0,0.0
2024-05-30 04:00:00,13.4,89,94,6.8,0.0,0.0,0.0
2024-05-30 05:00:00,12.2,49,96,7.7,0.0,0.0,8.8
2024-05-30 06:00:00,13.8,52,93,7.1,0.0,0.0,90.9
2024-05-30 07:00:00,15.0,46,91,7.4,0.0,0.0,229.2
2024-05-30 08:00:00,16.4,9,87,5.2,0.0,0.0,386.8
2024-05-30 09:00:00,18.2,23,80,4.0,0.0,0.0,544.9
2024-05-30 10:00:00,19.9,35,72,6.3,0.1,0.0,669.0
2024-05-30 11:00:00,20.8,41,70,7.6,0.2,0.0,705.7
2024-05-30 12:00:00,21.4,64,66,7.3,0.4,0.0,738.5
2024-05-30 13:00:00,21.9,62,62,8.7,0.4,0.0,729.5
2024-05-30 14:00:00,22.5,63,57,10.1,0.1,0.0,723.3
2024-05-30 15:00:00,23.9,100,45,14.2,0.0,0.0,688.1
2024-05-30 16:00:00,22.1,100,53,16.1,0.4,0.0,564.3
2024-05-30 17:00:00,22.4,100,51,12.7,0.0,0.0,318.7
2024-05-30 18:00:00,22.2,98,52,10.7,0.0,0.0,232.9
2024-05-30 19:00:00,21.1,94,57,9.5,0.2,0.0,161.1
2024-05-30 20:00:00,19.6,27,68,5.6,0.0,0.0,42.9
2024-05-30 21:00:00,18.0,17,72,7.2,0.0,0.0,0.0
2024-05-30 22:00:00,16.9,9,77,7.0,0.0,0.0,0.0
2024-05-30 23:00:00,16.2,7,80,7.6,0.0,0.0,0.0
2024-05-31 00:00:00,15.7,21,81,9.4,0.0,0.0,0.0
2024-05-31 01:00:00,15.2,17,83,9.1,0.0,0.0,0.0
2024-05-31 02:00:00,14.8,25,84,8.7,0.0,0.0,0.0
2024-05-31 03:00:00,14.3,12,90,8.0,0.0,0.0,0.0
2024-05-31 04:00:00,12.9,61,94,7.2,0.0,0.0,0.0
2024-05-31 05:00:00,13.3,50,96,6.6,0.0,0.0,8.3
2024-05-31 06:00:00,14.5,70,89,3.1,0.0,0.0,90.3
2024-05-31 07:00:00,15.7,65,84,1.9,0.0,0.0,227.6
2024-05-31 08:00:00,17.3,42,79,4.4,0.0,0.0,364.1
2024-05-31 09:00:00,18.8,6,74,4.9,0.0,0.0,534.7
2024-05-31 10:00:00,20.3,8,70,4.1,0.0,0.0,681.9
2024-05-31 11:00:00,21.5,11,67,4.3,0.1,0.0,768.6
2024-05-31 12:00:00,22.7,11,63,4.6,0.1,0.0,804.0
2024-05-31 13:00:00,23.5,21,58,4.4,0.1,0.0,836.6
2024-05-31 14:00:00,23.9,29,54,8.2,0.1,0.0,781.1
2024-05-31 15:00:00,23.4,98,54,6.5,0.0,0.0,535.7
2024-05-31 16:00:00,24.1,93,51,7.2,0.0,0.0,600.6
2024-05-31 17:00:00,23.9,99,50,6.2,0.0,0.0,435.5
2024-05-31 18:00:00,23.5,100,47,6.2,0.0,0.0,263.4
2024-05-31 19:00:00,22.2,100,53,6.3,0.0,0.0,132.6
2024-05-31 20:00:00,20.6,100,68,2.5,0.0,0.0,31.8
2024-05-31 21:00:00,19.3,100,70,5.8,0.0,0.0,0.0
2024-05-31 22:00:00,18.1,100,79,5.7,0.0,0.0,0.0
2024-05-31 23:00:00,17.7,100,82,5.0,0.4,0.0,0.0
2024-06-01 00:00:00,16.9,100,87,4.7,0.1,0.0,0.0
2024-06-01 01:00:00,16.5,85,89,4.9,0.0,0.0,0.0
2024-06-01 02:00:00,15.6,100,93,3.4,0.0,0.0,0.0
2024-06-01 03:00:00,15.4,100,93,2.0,0.4,0.0,0.0
2024-06-01 04:00:00,15.5,100,94,3.7,0.5,0.0,0.0
2024-06-01 05:00:00,15.6,100,95,3.1,1.1,0.0,0.0
2024-06-01 06:00:00,15.7,100,93,7.9,1.2,0.0,20.3
2024-06-01 07:00:00,16.5,100,91,5.2,0.0,0.0,151.9
2024-06-01 08:00:00,17.9,100,85,2.6,0.1,0.0,371.0
2024-06-01 09:00:00,17.3,100,82,6.3,2.7,0.0,161.4
2024-06-01 10:00:00,16.2,100,91,9.7,3.7,0.0,63.7
2024-06-01 11:00:00,16.5,85,90,7.0,0.5,0.0,114.4
2024-06-01 12:00:00,19.3,15,77,9.0,0.1,0.0,630.9
2024-06-01 13:00:00,20.6,100,70,13.9,0.3,0.0,786.6
2024-06-01 14:00:00,21.7,41,56,13.4,0.0,0.0,579.8
2024-06-01 15:00:00,22.1,65,54,11.8,0.0,0.0,659.7
2024-06-01 16:00:00,21.1,90,52,19.5,1.2,0.0,511.9
2024-06-01 17:00:00,19.3,98,60,13.2,0.0,0.0,272.7
2024-06-01 18:00:00,19.7,99,57,10.2,0.0,0.0,230.8
2024-06-01 19:00:00,17.9,100,69,15.0,0.0,0.0,128.4
2024-06-01 20:00:00,17.0,98,74,9.5,0.0,0.0,36.1
2024-06-01 21:00:00,15.5,90,82,6.9,0.0,0.0,0.0
2024-06-01 22:00:00,14.2,62,89,5.7,0.0,0.0,0.0
2024-06-01 23:00:00,14.0,6,90,8.7,0.0,0.0,0.0
2024-06-02 00:00:00,13.3,12,92,8.2,0.0,0.0,0.0
2024-06-02 01:00:00,12.9,8,92,10.3,0.0,0.0,0.0
2024-06-02 02:00:00,12.7,37,92,12.4,0.0,0.0,0.0
2024-06-02 03:00:00,13.3,93,94,12.3,0.0,0.0,0.0
2024-06-02 04:00:00,13.0,100,94,14.5,0.0,0.0,0.0
2024-06-02 05:00:00,13.1,100,93,15.3,0.0,0.0,7.6
2024-06-02 06:00:00,13.8,100,89,15.1,0.0,0.0,72.4
2024-06-02 07:00:00,14.5,94,86,15.3,0.0,0.0,146.5
2024-06-02 08:00:00,15.7,83,80,21.7,0.0,0.0,283.4
2024-06-02 09:00:00,17.0,98,73,20.7,0.1,0.0,472.8
2024-06-02 10:00:00,16.4,100,76,21.1,0.4,0.0,292.8
2024-06-02 11:00:00,16.6,98,81,19.9,0.1,0.0,312.9
2024-06-02 12:00:00,18.3,100,77,21.9,0.1,0.0,485.5
2024-06-02 13:00:00,18.8,100,71,24.1,0.8,0.0,452.4
2024-06-02 14:00:00,18.7,100,79,19.5,0.4,0.0,412.6
2024-06-02 15:00:00,19.4,98,71,20.5,0.2,0.0,392.8
2024-06-02 16:00:00,17.9,94,80,24.2,1.7,0.0,183.3
2024-06-02 17:00:00,17.9,97,84,18.0,0.3,0.0,264.8
2024-06-02 18:00:00,18.8,35,76,18.4,0.0,0.0,233.6
2024-06-02 19:00:00,18.7,80,76,17.7,0.3,0.0,150.7
2024-06-02 20:00:00,17.1,46,87,13.0,0.1,0.0,35.9
2024-06-02 21:00:00,15.9,5,93,9.7,0.0,0.0,0.0
2024-06-02 22:00:00,15.0,0,95,9.4,0.0,0.0,0.0
2024-06-02 23:00:00,14.5,1,96,9.4,0.0,0.0,0.0
2024-06-03 00:00:00,14.1,10,96,8.0,0.0,0.0,0.0
2024-06-03 01:00:00,13.8,45,97,7.7,0.0,0.0,0.0
2024-06-03 02:00:00,13.9,100,97,9.8,0.0,0.0,0.0
2024-06-03 03:00:00,14.0,81,98,12.6,0.0,0.0,0.0
2024-06-03 04:00:00,13.5,100,99,13.1,0.0,0.0,0.0
2024-06-03 05:00:00,14.1,100,98,12.9,0.0,0.0,7.3
2024-06-03 06:00:00,14.7,92,95,11.7,0.7,0.0,36.9
2024-06-03 07:00:00,15.2,100,92,12.9,0.3,0.0,116.6
2024-06-03 08:00:00,15.3,100,94,11.1,0.4,0.0,100.3
2024-06-03 09:00:00,16.4,100,90,12.5,0.1,0.0,159.1
2024-06-03 10:00:00,17.8,100,83,9.8,0.1,0.0,303.6
2024-06-03 11:00:00,18.7,100,78,9.9,0.2,0.0,439.9
2024-06-03 12:00:00,19.6,100,74,9.4,0.0,0.0,483.5
2024-06-03 13:00:00,20.4,100,70,11.0,0.0,0.0,547.5
2024-06-03 14:00:00,21.4,98,63,10.4,0.1,0.0,614.1
2024-06-03 15:00:00,21.8,74,56,8.7,0.2,0.0,573.2
2024-06-03 16:00:00,22.0,100,54,12.4,0.1,0.0,591.8
2024-06-03 17:00:00,21.2,100,58,17.0,0.1,0.0,381.8
2024-06-03 18:00:00,20.4,100,64,13.8,0.5,0.0,232.1
2024-06-03 19:00:00,19.4,99,72,13.0,0.1,0.0,102.2
2024-06-03 20:00:00,18.6,100,77,8.0,0.0,0.0,35.1
2024-06-03 21:00:00,17.7,100,80,9.0,0.0,0.0,0.0
2024-06-03 22:00:00,17.0,100,82,11.5,0.0,0.0,0.0
2024-06-03 23:00:00,16.1,100,87,9.2,0.0,0.0,0.0
2024-06-04 00:00:00,15.6,100,88,13.5,0.1,0.0,0.0
2024-06-04 01:00:00,14.8,99,90,12.5,0.2,0.0,0.0
2024-06-04 02:00:00,14.9,95,92,13.7,0.6,0.0,0.0
2024-06-04 03:00:00,14.8,100,97,18.6,0.2,0.0,0.0
2024-06-04 04:00:00,14.7,100,95,19.1,0.3,0.0,0.0
2024-06-04 05:00:00,14.1,100,94,19.8,1.3,0.0,7.1
2024-06-04 06:00:00,13.8,100,93,20.5,1.5,0.0,18.3
2024-06-04 07:00:00,13.5,100,93,21.2,1.2,0.0,25.9
2024-06-04 08:00:00,13.6,100,94,17.9,0.7,0.0,64.9
2024-06-04 09:00:00,13.9,100,91,18.6,0.6,0.0,96.3
2024-06-04 10:00:00,14.6,100,86,22.2,0.2,0.0,172.8
2024-06-04 11:00:00,15.6,100,83,20.8,0.3,0.0,220.5
2024-06-04 12:00:00,16.8,100,78,19.8,0.1,0.0,334.9
2024-06-04 13:00:00,17.7,100,74,19.2,0.3,0.0,428.4
2024-06-04 14:00:00,18.0,99,73,18.3,0.3,0.0,430.3
2024-06-04 15:00:00,17.2,100,72,18.1,0.1,0.0,437.8
2024-06-04 16:00:00,17.8,100,67,15.5,0.0,0.0,312.2
2024-06-04 17:00:00,18.1,100,66,14.0,0.0,0.0,227.5
2024-06-04 18:00:00,18.1,100,64,12.9,0.0,0.0,130.9
2024-06-04 19:00:00,17.8,100,65,12.5,0.0,0.0,84.1
2024-06-04 20:00:00,17.3,100,68,10.8,0.0,0.0,35.4
2024-06-04 21:00:00,15.3,98,76,8.7,0.0,0.0,0.0
2024-06-04 22:00:00,14.4,36,80,8.4,0.0,0.0,0.0
2024-06-04 23:00:00,13.4,76,84,7.4,0.0,0.0,0.0
2024-06-05 00:00:00,12.0,3,91,7.1,0.0,0.0,0.0
2024-06-05 01:00:00,11.5,17,91,7.8,0.0,0.0,0.0
2024-06-05 02:00:00,11.1,58,92,8.2,0.0,0.0,0.0
2024-06-05 03:00:00,11.1,28,95,6.8,0.0,0.0,0.0
2024-06-05 04:00:00,10.4,1,95,7.4,0.0,0.0,0.0
2024-06-05 05:00:00,10.6,4,95,5.7,0.0,0.0,13.7
2024-06-05 06:00:00,12.4,61,91,8.9,0.0,0.0,103.0
2024-06-05 07:00:00,14.2,60,85,8.3,0.0,0.0,240.4
2024-06-05 08:00:00,15.9,7,78,12.5,0.0,0.0,404.5
2024-06-05 09:00:00,17.4,19,70,13.9,0.0,0.0,566.6
2024-06-05 10:00:00,18.9,10,63,13.5,0.0,0.0,694.5
2024-06-05 11:00:00,20.0,1,59,12.9,0.0,0.0,785.3
2024-06-05 12:00:00,21.3,42,53,12.6,0.0,0.0,860.4
2024-06-05 13:00:00,22.6,44,47,14.0,0.0,0.0,874.9
2024-06-05 14:00:00,23.4,75,43,14.2,0.0,0.0,741.4
2024-06-05 15:00:00,22.9,100,45,14.1,0.0,0.0,560.0
2024-06-05 16:00:00,22.7,94,47,14.2,0.0,0.0,378.1
2024-06-05 17:00:00,22.9,29,47,12.6,0.0,0.0,402.6
2024-06-05 18:00:00,22.8,13,45,10.5,0.0,0.0,317.0
2024-06-05 19:00:00,22.4,12,53,7.0,0.0,0.0,163.9
2024-06-05 20:00:00,20.4,10,63,9.7,0.0,0.0,59.3
2024-06-05 21:00:00,18.7,15,69,10.2,0.0,0.0,0.0
2024-06-05 22:00:00,17.9,12,70,11.5,0.0,0.0,0.0
2024-06-05 23:00:00,17.4,4,70,11.6,0.0,0.0,0.0
2024-06-06 00:00:00,16.6,42,73,10.0,0.0,0.0,0.0
2024-06-06 01:00:00,16.5,78,73,10.7,0.0,0.0,0.0
2024-06-06 02:00:00,16.4,57,72,12.7,0.0,0.0,0.0
2024-06-06 03:00:00,16.2,92,79,12.3,0.0,0.0,0.0
2024-06-06 04:00:00,15.6,95,83,11.0,0.0,0.0,0.0
2024-06-06 05:00:00,15.5,26,84,10.0,0.0,0.0,6.7
2024-06-06 06:00:00,15.8,0,86,11.4,0.0,0.0,97.6
2024-06-06 07:00:00,17.1,11,81,9.9,0.0,0.0,241.5
2024-06-06 08:00:00,18.4,0,74,10.0,0.0,0.0,391.4
2024-06-06 09:00:00,19.7,5,67,10.2,0.0,0.0,555.3
2024-06-06 10:00:00,20.7,0,61,10.2,0.0,0.0,685.8
2024-06-06 11:00:00,21.6,9,59,11.3,0.0,0.0,790.5
2024-06-06 12:00:00,22.3,11,57,10.1,0.0,0.0,810.3
2024-06-06 13:00:00,22.8,9,56,9.0,0.0,0.0,822.9
2024-06-06 14:00:00,23.4,15,54,8.6,0.0,0.0,771.8
2024-06-06 15:00:00,23.3,33,47,6.9,0.0,0.0,621.2
2024-06-06 16:00:00,23.5,40,48,6.8,0.1,0.0,582.1
2024-06-06 17:00:00,23.3,15,52,5.6,0.0,0.0,401.9
2024-06-06 18:00:00,23.2,74,54,5.9,0.0,0.0,317.2
2024-06-06 19:00:00,19.5,91,76,2.7,1.7,0.0,144.2
2024-06-06 20:00:00,19.4,98,78,3.8,0.0,0.0,52.2
2024-06-06 21:00:00,18.0,81,88,4.9,0.0,0.0,0.0
2024-06-06 22:00:00,16.8,100,91,5.4,0.7,0.0,0.0
2024-06-06 23:00:00,16.7,100,95,2.6,5.7,0.0,0.0
2024-06-07 00:00:00,16.6,5,94,5.9,0.4,0.0,0.0
2024-06-07 01:00:00,15.8,55,95,16.2,0.2,0.0,0.0
2024-06-07 02:00:00,15.6,3,89,11.1,0.1,0.0,0.0
2024-06-07 03:00:00,15.3,100,98,7.2,0.0,0.0,0.0
2024-06-07 04:00:00,15.0,100,99,8.0,0.0,0.0,0.0
2024-06-07 05:00:00,14.8,100,99,7.7,0.0,0.0,13.0
2024-06-07 06:00:00,14.8,100,98,7.2,0.0,0.0,51.1
2024-06-07 07:00:00,15.0,100,98,6.6,0.0,0.0,100.7
2024-06-07 08:00:00,15.8,100,93,9.4,0.0,0.0,128.5
2024-06-07 09:00:00,17.4,35,86,4.9,0.0,0.0,282.1
2024-06-07 10:00:00,20.2,26,75,7.4,0.0,0.0,672.8
2024-06-07 11:00:00,21.8,17,62,10.9,0.0,0.0,723.3
2024-06-07 12:00:00,22.8,34,58,11.3,0.0,0.0,807.2
2024-06-07 13:00:00,23.3,13,57,8.9,0.0,0.0,791.9
2024-06-07 14:00:00,23.8,87,53,8.8,0.0,0.0,808.1
2024-06-07 15:00:00,23.4,32,49,15.5,0.0,0.0,684.3
2024-06-07 16:00:00,23.2,25,53,13.7,0.1,0.0,531.2
2024-06-07 17:00:00,21.2,28,64,17.6,0.4,0.0,386.0
2024-06-07 18:00:00,21.3,12,62,10.7,0.0,0.0,311.5
2024-06-07 19:00:00,20.5,16,65,8.9,0.0,0.0,182.1
2024-06-07 20:00:00,19.3,26,78,3.7,0.0,0.0,59.6
2024-06-07 21:00:00,17.8,26,80,5.8,0.0,0.0,0.0
2024-06-07 22:00:00,16.5,24,85,7.1,0.0,0.0,0.0
2024-06-07 23:00:00,16.5,25,80,9.5,0.0,0.0,0.0
2024-06-08 00:00:00,15.8,49,74,10.2,0.0,0.0,0.0
2024-06-08 01:00:00,14.7,36,79,6.2,0.1,0.0,0.0
2024-06-08 02:00:00,14.2,7,82,7.4,0.0,0.0,0.0
2024-06-08 03:00:00,14.4,29,84,7.6,0.0,0.0,0.0
2024-06-08 04:00:00,13.4,42,90,5.9,0.1,0.0,0.0
2024-06-08 05:00:00,13.5,45,91,6.4,0.1,0.0,12.7
2024-06-08 06:00:00,14.2,35,89,7.1,0.0,0.0,80.6
2024-06-08 07:00:00,15.6,7,84,7.5,0.0,0.0,220.5
2024-06-08 08:00:00,17.6,2,73,9.9,0.0,0.0,406.5
2024-06-08 09:00:00,19.1,0,62,11.1,0.0,0.0,566.3
2024-06-08 10:00:00,20.1,26,58,9.8,0.0,0.0,686.8
2024-06-08 11:00:00,20.7,23,56,8.7,0.0,0.0,674.0
2024-06-08 12:00:00,21.6,13,53,9.4,0.0,0.0,764.2
2024-06-08 13:00:00,22.3,21,49,6.3,0.0,0.0,810.0
2024-06-08 14:00:00,22.9,30,47,4.3,0.1,0.0,750.5
2024-06-08 15:00:00,23.8,21,45,9.1,0.0,0.0,764.5
2024-06-08 16:00:00,23.9,23,42,7.9,0.0,0.0,616.7
2024-06-08 17:00:00,24.1,35,41,6.0,0.0,0.0,482.7
2024-06-08 18:00:00,24.3,97,39,9.4,0.0,0.0,277.9
2024-06-08 19:00:00,23.3,60,50,10.1,0.0,0.0,170.1
2024-06-08 20:00:00,21.5,100,57,12.8,0.0,0.0,62.3
2024-06-08 21:00:00,20.1,100,60,14.0,0.0,0.0,0.0
2024-06-08 22:00:00,19.6,100,60,15.3,0.0,0.0,0.0
2024-06-08 23:00:00,19.6,100,58,14.4,0.0,0.0,0.0
2024-06-09 00:00:00,17.3,88,80,16.1,2.1,0.0,0.0
2024-06-09 01:00:00,17.4,63,83,14.7,0.0,0.0,0.0
2024-06-09 02:00:00,16.8,100,86,11.0,0.0,0.0,0.0
2024-06-09 03:00:00,17.8,100,87,16.7,0.3,0.0,0.0
2024-06-09 04:00:00,18.1,100,82,17.9,0.0,0.0,0.0
2024-06-09 05:00:00,17.8,100,84,14.9,0.0,0.0,6.3
2024-06-09 06:00:00,17.6,100,88,12.4,0.0,0.0,68.9
2024-06-09 07:00:00,17.5,100,91,11.0,0.1,0.0,32.2
2024-06-09 08:00:00,18.0,85,88,12.7,0.2,0.0,74.2
2024-06-09 09:00:00,19.1,81,74,11.9,0.0,0.0,283.1
2024-06-09 10:00:00,20.4,84,66,12.8,0.0,0.0,572.3
2024-06-09 11:00:00,21.7,25,55,12.8,0.0,0.0,652.0
2024-06-09 12:00:00,22.8,33,49,11.9,0.0,0.0,802.2
2024-06-09 13:00:00,23.0,22,48,9.7,0.0,0.0,773.0
2024-06-09 14:00:00,23.5,97,46,8.4,0.0,0.0,775.0
2024-06-09 15:00:00,23.8,99,42,9.5,0.0,0.0,704.5
2024-06-09 16:00:00,23.7,100,39,10.1,0.0,0.0,572.3
2024-06-09 17:00:00,23.3,99,40,5.1,0.0,0.0,408.6
2024-06-09 18:00:00,23.1,81,42,3.3,0.0,0.0,291.6
2024-06-09 19:00:00,22.8,80,44,5.3,0.0,0.0,176.5
2024-06-09 20:00:00,20.8,99,65,5.8,0.0,0.0,59.8
2024-06-09 21:00:00,20.0,100,59,6.3,0.0,0.0,0.0
2024-06-09 22:00:00,19.6,92,62,8.2,0.0,0.0,0.0
2024-06-09 23:00:00,18.4,96,65,8.9,0.0,0.0,0.0
2024-06-10 00:00:00,18.6,89,67,13.5,0.0,0.0,0.0
2024-06-10 01:00:00,17.5,60,78,7.9,0.2,0.0,0.0
2024-06-10 02:00:00,16.5,99,89,11.5,0.1,0.0,0.0
2024-06-10 03:00:00,17.3,99,83,9.1,0.1,0.0,0.0
2024-06-10 04:00:00,16.1,100,93,4.2,4.0,0.0,0.0
2024-06-10 05:00:00,16.3,100,93,1.1,0.1,0.0,6.2
2024-06-10 06:00:00,16.6,100,94,4.8,0.1,0.0,63.8
2024-06-10 07:00:00,17.5,100,88,12.9,0.1,0.0,82.5
2024-06-10 08:00:00,17.8,100,89,16.8,0.3,0.0,121.3
2024-06-10 09:00:00,18.6,100,84,18.1,0.1,0.0,230.5
2024-06-10 10:00:00,19.4,100,78,16.3,0.0,0.0,302.4
2024-06-10 11:00:00,20.2,100,72,14.4,0.0,0.0,392.7
2024-06-10 12:00:00,21.8,89,66,14.9,0.0,0.0,688.5
2024-06-10 13:00:00,22.0,100,63,15.0,0.0,0.0,604.8
2024-06-10 14:00:00,21.0,99,67,14.6,0.0,0.0,277.0
2024-06-10 15:00:00,19.4,100,81,12.6,0.3,0.0,443.0
2024-06-10 16:00:00,18.3,100,86,7.6,0.8,0.0,143.8
2024-06-10 17:00:00,18.6,100,82,10.9,0.2,0.0,135.1
2024-06-10 18:00:00,18.8,100,79,12.7,0.1,0.0,206.1
2024-06-10 19:00:00,17.9,100,81,14.0,0.1,0.0,92.6
2024-06-10 20:00:00,17.0,100,86,12.0,0.1,0.0,19.6
2024-06-10 21:00:00,16.2,98,88,8.6,0.1,0.0,0.0
2024-06-10 22:00:00,15.3,21,91,6.3,0.0,0.0,0.0
2024-06-10 23:00:00,14.3,34,94,5.6,0.0,0.0,0.0
2024-06-11 00:00:00,13.6,36,96,5.1,0.0,0.0,0.0
2024-06-11 01:00:00,13.0,20,96,6.4,0.0,0.0,0.0
2024-06-11 02:00:00,12.7,6,96,3.4,0.0,0.0,0.0
2024-06-11 03:00:00,12.6,97,100,7.5,0.0,0.0,0.0
2024-06-11 04:00:00,12.2,100,100,5.4,0.0,0.0,0.0
2024-06-11 05:00:00,12.7,100,99,9.5,0.0,0.0,12.2
2024-06-11 06:00:00,13.8,100,98,9.2,0.0,0.0,73.5
2024-06-11 07:00:00,15.1,100,97,10.9,0.0,0.0,179.0
2024-06-11 08:00:00,17.0,100,87,11.4,0.0,0.0,257.9
2024-06-11 09:00:00,18.1,100,82,10.7,0.0,0.0,361.4
2024-06-11 10:00:00,19.6,73,72,11.2,0.0,0.0,521.6
2024-06-11 11:00:00,21.4,95,58,13.1,0.0,0.0,784.3
2024-06-11 12:00:00,21.6,100,50,17.7,0.1,0.0,674.2
2024-06-11 13:00:00,19.8,96,57,19.3,0.3,0.0,413.6
2024-06-11 14:00:00,20.4,57,56,20.2,0.0,0.0,497.2
2024-06-11 15:00:00,20.7,72,50,20.0,0.0,0.0,707.6
2024-06-11 16:00:00,19.9,32,51,22.2,0.0,0.0,453.8
2024-06-11 17:00:00,19.2,31,46,23.8,0.0,0.0,464.4
2024-06-11 18:00:00,17.9,7,47,22.7,0.0,0.0,306.4
2024-06-11 19:00:00,16.9,2,47,20.6,0.0,0.0,201.0
2024-06-11 20:00:00,15.8,2,51,13.9,0.0,0.0,70.0
2024-06-11 21:00:00,13.9,3,57,6.9,0.0,0.0,0.0
2024-06-11 22:00:00,12.5,8,64,6.4,0.0,0.0,0.0
2024-06-11 23:00:00,11.6,5,68,6.9,0.0,0.0,0.0
2024-06-12 00:00:00,11.4,16,70,7.6,0.0,0.0,0.0
2024-06-12 01:00:00,12.7,43,62,1.9,0.0,0.0,0.0
2024-06-12 02:00:00,12.4,100,63,2.3,0.0,0.0,0.0
2024-06-12 03:00:00,10.7,66,80,3.4,0.0,0.0,0.0
2024-06-12 04:00:00,9.9,100,85,4.9,0.0,0.0,0.0
2024-06-12 05:00:00,10.5,100,85,3.5,0.0,0.0,6.0
2024-06-12 06:00:00,11.3,100,80,3.1,0.0,0.0,22.8
2024-06-12 07:00:00,11.6,100,80,5.0,0.0,0.0,37.3
2024-06-12 08:00:00,12.2,100,75,2.9,0.1,0.0,71.8
2024-06-12 09:00:00,12.9,100,70,4.5,0.1,0.0,126.4
2024-06-12 10:00:00,13.4,100,65,2.7,0.2,0.0,158.7
2024-06-12 11:00:00,13.3,100,65,4.1,0.2,0.0,140.7
2024-06-12 12:00:00,13.7,100,64,6.6,0.1,0.0,214.2
2024-06-12 13:00:00,13.8,100,64,7.2,0.1,0.0,209.3
2024-06-12 14:00:00,13.4,100,68,7.2,0.3,0.0,144.9
2024-06-12 15:00:00,13.0,100,70,1.1,0.1,0.0,186.2
2024-06-12 16:00:00,13.3,97,68,1.1,0.0,0.0,192.1
2024-06-12 17:00:00,13.7,41,64,4.1,0.0,0.0,222.0
2024-06-12 18:00:00,14.2,34,60,4.7,0.0,0.0,325.3
2024-06-12 19:00:00,13.9,11,59,4.3,0.0,0.0,181.9
2024-06-12 20:00:00,13.0,7,79,2.9,0.0,0.0,66.8
2024-06-12 21:00:00,11.4,11,76,5.0,0.0,0.0,0.0
2024-06-12 22:00:00,12.2,2,72,3.2,0.0,0.0,0.0
2024-06-12 23:00:00,10.4,24,80,4.0,0.0,0.0,0.0
2024-06-13 00:00:00,10.0,37,81,3.2,0.0,0.0,0.0
2024-06-13 01:00:00,10.4,41,80,1.8,0.0,0.0,0.0
2024-06-13 02:00:00,10.1,99,82,3.6,0.0,0.0,0.0
2024-06-13 03:00:00,8.0,100,92,4.1,0.0,0.0,0.0
2024-06-13 04:00:00,7.9,88,93,4.3,0.0,0.0,0.0
2024-06-13 05:00:00,8.2,98,94,3.9,0.0,0.0,11.9
2024-06-13 06:00:00,9.9,86,91,6.9,0.0,0.0,52.1
2024-06-13 07:00:00,11.5,100,83,5.8,0.0,0.0,177.6
2024-06-13 08:00:00,11.9,100,78,9.8,0.5,0.0,148.4
2024-06-13 09:00:00,11.7,100,77,8.7,0.3,0.0,114.1
2024-06-13 10:00:00,11.2,100,85,8.6,0.8,0.0,62.6
2024-06-13 11:00:00,11.7,100,86,8.9,0.6,0.0,118.7
2024-06-13 12:00:00,12.0,100,87,8.4,0.7,0.0,149.6
2024-06-13 13:00:00,12.4,100,87,8.9,0.5,0.0,171.3
2024-06-13 14:00:00,13.4,100,82,8.1,0.2,0.0,221.2
2024-06-13 15:00:00,13.9,100,73,8.3,0.0,0.0,277.0
2024-06-13 16:00:00,14.5,100,67,8.0,0.0,0.0,311.9
2024-06-13 17:00:00,15.4,100,60,9.7,0.0,0.0,476.3
2024-06-13 18:00:00,15.2,58,59,9.2,0.0,0.0,337.3
2024-06-13 19:00:00,14.8,8,58,7.6,0.0,0.0,202.2
2024-06-13 20:00:00,13.3,4,78,5.0,0.0,0.0,73.1
2024-06-13 21:00:00,11.9,0,73,6.6,0.0,0.0,0.0
2024-06-13 22:00:00,11.6,0,73,6.1,0.0,0.0,0.0
2024-06-13 23:00:00,9.5,0,83,7.6,0.0,0.0,0.0
2024-06-14 00:00:00,8.4,0,88,8.2,0.0,0.0,0.0
2024-06-14 01:00:00,7.5,0,92,8.7,0.0,0.0,0.0
2024-06-14 02:00:00,7.2,0,94,7.7,0.0,0.0,0.0
2024-06-14 03:00:00,6.2,3,97,8.3,0.0,0.0,0.0
2024-06-14 04:00:00,6.6,0,98,7.1,0.0,0.0,0.0
2024-06-14 05:00:00,7.1,7,98,6.6,0.0,0.0,17.8
2024-06-14 06:00:00,8.1,33,98,4.8,0.0,0.0,104.2
2024-06-14 07:00:00,10.9,7,90,2.9,0.0,0.0,234.2
2024-06-14 08:00:00,13.4,97,78,3.3,0.0,0.0,407.4
2024-06-14 09:00:00,14.9,100,66,4.3,0.0,0.0,557.3
2024-06-14 10:00:00,16.0,100,58,6.2,0.0,0.0,655.5
2024-06-14 11:00:00,17.1,100,54,6.8,0.0,0.0,734.0
2024-06-14 12:00:00,17.8,100,50,6.3,0.0,0.0,673.3
2024-06-14 13:00:00,18.3,100,48,7.3,0.0,0.0,579.0
2024-06-14 14:00:00,18.1,100,48,7.8,0.0,0.0,342.7
2024-06-14 15:00:00,19.1,100,48,4.4,0.0,0.0,495.8
2024-06-14 16:00:00,19.5,100,46,5.9,0.0,0.0,407.6
2024-06-14 17:00:00,19.5,100,45,6.6,0.0,0.0,329.6
2024-06-14 18:00:00,19.1,100,46,4.4,0.0,0.0,146.2
2024-06-14 19:00:00,18.8,100,51,4.8,0.0,0.0,83.0
2024-06-14 20:00:00,17.4,59,62,9.7,0.0,0.0,37.6
2024-06-14 21:00:00,15.3,77,69,9.0,0.0,0.0,0.0
2024-06-14 22:00:00,14.7,88,71,10.7,0.0,0.0,0.0
2024-06-14 23:00:00,14.0,13,74,11.1,0.0,0.0,0.0
2024-06-15 00:00:00,13.0,2,78,10.5,0.0,0.0,0.0
2024-06-15 01:00:00,12.3,15,81,9.7,0.0,0.0,0.0
2024-06-15 02:00:00,11.7,0,84,9.7,0.0,0.0,0.0
2024-06-15 03:00:00,11.2,24,90,8.9,0.0,0.0,0.0
2024-06-15 04:00:00,11.0,100,91,9.5,0.0,0.0,0.0
2024-06-15 05:00:00,11.0,98,89,9.7,0.0,0.0,17.7
2024-06-15 06:00:00,12.4,53,82,12.3,0.0,0.0,97.6
2024-06-15 07:00:00,14.6,34,76,11.8,0.0,0.0,248.4
2024-06-15 08:00:00,17.1,13,67,12.6,0.0,0.0,413.3
2024-06-15 09:00:00,19.3,34,56,14.7,0.0,0.0,568.5
2024-06-15 10:00:00,20.8,82,50,14.2,0.0,0.0,702.0
2024-06-15 11:00:00,21.9,97,47,14.0,0.0,0.0,776.0
2024-06-15 12:00:00,22.9,12,47,15.8,0.0,0.0,829.1
2024-06-15 13:00:00,23.9,70,45,14.5,0.0,0.0,875.6
2024-06-15 14:00:00,24.7,36,42,15.2,0.0,0.0,835.2
2024-06-15 15:00:00,25.4,32,41,12.3,0.0,0.0,766.3
2024-06-15 16:00:00,25.3,31,40,14.5,0.0,0.0,615.7
2024-06-15 17:00:00,25.0,30,41,12.7,0.0,0.0,478.4
2024-06-15 18:00:00,24.6,37,42,10.5,0.0,0.0,295.1
2024-06-15 19:00:00,23.8,85,49,8.1,0.0,0.0,169.2
2024-06-15 20:00:00,21.9,98,58,8.1,0.0,0.0,62.7
2024-06-15 21:00:00,19.9,98,64,7.9,0.0,0.0,0.0
2024-06-15 22:00:00,19.1,100,64,8.8,0.0,0.0,0.0
2024-06-15 23:00:00,18.0,83,66,7.9,0.0,0.0,0.0
2024-06-16 00:00:00,16.0,81,77,8.5,0.0,0.0,0.0
2024-06-16 01:00:00,15.6,96,81,7.2,0.0,0.0,0.0
2024-06-16 02:00:00,14.4,100,89,7.3,0.0,0.0,0.0
2024-06-16 03:00:00,16.2,100,85,7.9,0.0,0.0,0.0
2024-06-16 04:00:00,16.4,100,85,7.6,0.0,0.0,0.0
2024-06-16 05:00:00,15.9,100,89,10.2,0.0,0.0,11.8
2024-06-16 06:00:00,16.3,100,88,8.9,0.0,0.0,53.7
2024-06-16 07:00:00,17.1,100,86,9.7,0.2,0.0,166.0
2024-06-16 08:00:00,17.4,100,85,11.1,0.1,0.0,162.5
2024-06-16 09:00:00,17.7,100,84,12.4,0.1,0.0,193.6
2024-06-16 10:00:00,17.3,100,87,12.4,0.6,0.0,140.4
2024-06-16 11:00:00,17.2,100,88,12.8,0.6,0.0,199.5
2024-06-16 12:00:00,17.0,100,92,12.8,1.2,0.0,196.8
2024-06-16 13:00:00,17.4,100,88,12.3,0.6,0.0,246.5
2024-06-16 14:00:00,17.6,100,84,11.8,0.1,0.0,185.1
2024-06-16 15:00:00,18.0,100,82,7.8,1.0,0.0,317.2
2024-06-16 16:00:00,18.3,64,76,6.2,0.1,0.0,133.8
2024-06-16 17:00:00,19.5,15,68,5.7,0.0,0.0,362.9
2024-06-16 18:00:00,19.9,29,63,4.8,0.0,0.0,315.7
2024-06-16 19:00:00,19.8,25,61,4.5,0.0,0.0,189.6
2024-06-16 20:00:00,18.3,13,75,3.7,0.0,0.0,72.1
2024-06-16 21:00:00,15.4,1,88,7.9,0.0,0.0,0.0
2024-06-16 22:00:00,14.7,1,90,7.1,0.0,0.0,0.0
2024-06-16 23:00:00,13.4,0,95,8.4,0.0,0.0,0.0
2024-06-17 00:00:00,13.0,0,96,8.3,0.0,0.0,0.0
2024-06-17 01:00:00,12.6,0,96,8.4,0.0,0.0,0.0
2024-06-17 02:00:00,11.9,0,97,9.7,0.0,0.0,0.0
2024-06-17 03:00:00,11.9,0,97,8.4,0.0,0.0,0.0
2024-06-17 04:00:00,11.5,1,95,9.2,0.0,0.0,0.0
2024-06-17 05:00:00,12.0,0,92,8.2,0.0,0.0,17.7
2024-06-17 06:00:00,14.5,0,82,8.4,0.0,0.0,104.1
2024-06-17 07:00:00,16.8,0,75,8.0,0.0,0.0,245.8
2024-06-17 08:00:00,18.8,0,72,7.2,0.0,0.0,406.2
2024-06-17 09:00:00,20.6,0,68,7.6,0.0,0.0,559.6
2024-06-17 10:00:00,22.3,26,61,8.7,0.0,0.0,692.4
2024-06-17 11:00:00,23.3,19,52,8.9,0.0,0.0,727.8
2024-06-17 12:00:00,24.3,27,47,10.4,0.0,0.0,801.6
2024-06-17 13:00:00,25.1,28,45,11.6,0.0,0.0,849.6
2024-06-17 14:00:00,25.7,90,43,12.8,0.0,0.0,817.8
2024-06-17 15:00:00,25.6,19,42,9.7,0.0,0.0,688.1
2024-06-17 16:00:00,25.8,29,42,11.2,0.0,0.0,604.8
2024-06-17 17:00:00,25.7,28,43,12.6,0.0,0.0,478.6
2024-06-17 18:00:00,25.3,36,45,12.8,0.0,0.0,341.3
2024-06-17 19:00:00,24.5,100,50,11.6,0.0,0.0,184.3
2024-06-17 20:00:00,22.6,40,61,7.4,0.0,0.0,45.3
2024-06-17 21:00:00,20.4,73,69,7.0,0.0,0.0,0.0
2024-06-17 22:00:00,18.3,100,78,9.3,0.0,0.0,0.0
2024-06-17 23:00:00,17.5,81,81,9.2,0.0,0.0,0.0
2024-06-18 00:00:00,17.1,10,83,6.1,0.0,0.0,0.0
2024-06-18 01:00:00,16.8,77,86,8.3,0.0,0.0,0.0
2024-06-18 02:00:00,16.7,100,87,7.3,0.0,0.0,0.0
2024-06-18 03:00:00,16.6,100,87,7.8,0.0,0.0,0.0
2024-06-18 04:00:00,16.7,99,86,11.3,0.0,0.0,0.0
2024-06-18 05:00:00,16.1,99,89,7.4,0.0,0.0,11.9
2024-06-18 06:00:00,17.3,95,85,7.3,0.0,0.0,60.2
2024-06-18 07:00:00,18.7,15,81,7.0,0.0,0.0,140.3
2024-06-18 08:00:00,20.8,4,73,7.4,0.0,0.0,382.7
2024-06-18 09:00:00,22.6,3,67,8.0,0.0,0.0,550.7
2024-06-18 10:00:00,24.5,24,57,10.3,0.0,0.0,676.2
2024-06-18 11:00:00,25.8,99,53,13.4,0.0,0.0,782.5
2024-06-18 12:00:00,26.6,32,51,15.6,0.0,0.0,798.5
2024-06-18 13:00:00,26.9,59,51,16.1,0.1,0.0,847.7
2024-06-18 14:00:00,27.3,90,51,15.9,0.2,0.0,765.9
2024-06-18 15:00:00,26.8,87,54,10.9,0.0,0.0,632.7
2024-06-18 16:00:00,26.5,92,53,15.8,0.6,0.0,607.7
2024-06-18 17:00:00,26.0,85,59,11.2,0.4,0.0,409.7
2024-06-18 18:00:00,27.0,9,45,12.1,0.0,0.0,304.8
2024-06-18 19:00:00,26.4,99,50,11.4,0.0,0.0,194.5
2024-06-18 20:00:00,24.7,96,61,8.0,0.0,0.0,63.3
2024-06-18 21:00:00,22.7,100,70,9.0,0.0,0.0,0.0
2024-06-18 22:00:00,22.0,99,71,13.4,0.0,0.0,0.0
2024-06-18 23:00:00,21.1,5,76,12.5,0.0,0.0,0.0
2024-06-19 00:00:00,21.0,80,73,15.2,0.0,0.0,0.0
2024-06-19 01:00:00,20.9,100,73,15.9,0.0,0.0,0.0
2024-06-19 02:00:00,20.4,100,74,13.4,0.0,0.0,0.0
2024-06-19 03:00:00,20.2,97,78,12.2,0.0,0.0,0.0
2024-06-19 04:00:00,19.6,85,79,9.7,0.0,0.0,0.0
2024-06-19 05:00:00,19.3,97,80,8.0,0.0,0.0,17.9
2024-06-19 06:00:00,20.5,96,77,5.1,0.0,0.0,94.5
2024-06-19 07:00:00,22.4,100,70,5.2,0.0,0.0,235.6
2024-06-19 08:00:00,24.5,82,63,11.7,0.0,0.0,369.8
2024-06-19 09:00:00,26.3,78,57,17.3,0.0,0.0,539.5
2024-06-19 10:00:00,27.7,96,54,19.7,0.0,0.0,681.7
2024-06-19 11:00:00,28.6,89,54,19.0,0.0,0.0,772.1
2024-06-19 12:00:00,29.4,81,50,18.8,0.0,0.0,835.5
2024-06-19 13:00:00,30.2,99,47,18.4,0.0,0.0,821.7
2024-06-19 14:00:00,30.7,100,44,20.7,0.0,0.0,803.2
2024-06-19 15:00:00,31.3,93,33,14.2,0.0,0.0,646.2
2024-06-19 16:00:00,26.9,71,52,25.4,0.0,0.0,341.0
2024-06-19 17:00:00,26.8,98,50,10.8,0.0,0.0,390.0
2024-06-19 18:00:00,26.5,24,52,5.5,0.0,0.0,201.9
2024-06-19 19:00:00,26.2,33,53,11.9,0.0,0.0,179.9
2024-06-19 20:00:00,25.2,14,59,11.5,0.0,0.0,63.4
2024-06-19 21:00:00,22.1,34,72,22.5,0.0,0.0,0.0
2024-06-19 22:00:00,20.2,71,80,21.1,0.0,0.0,0.0
2024-06-19 23:00:00,18.9,100,81,21.7,0.2,0.0,0.0
2024-06-20 00:00:00,18.1,100,90,19.6,5.4,0.0,0.0
2024-06-20 01:00:00,17.0,100,87,17.3,0.3,0.0,0.0
2024-06-20 02:00:00,16.1,97,88,15.5,0.0,0.0,0.0
2024-06-20 03:00:00,15.0,100,83,12.7,0.0,0.0,0.0
2024-06-20 04:00:00,14.5,15,86,10.9,0.0,0.0,0.0
2024-06-20 05:00:00,13.6,7,93,6.7,0.0,0.0,12.0
2024-06-20 06:00:00,13.8,30,90,9.2,0.0,0.0,104.4
2024-06-20 07:00:00,14.4,17,82,9.1,0.0,0.0,226.7
2024-06-20 08:00:00,15.6,14,72,9.4,0.0,0.0,392.3
2024-06-20 09:00:00,17.1,88,60,8.8,0.0,0.0,550.8
2024-06-20 10:00:00,18.3,100,51,5.8,0.0,0.0,592.1
2024-06-20 11:00:00,19.2,100,47,3.6,0.0,0.0,639.8
2024-06-20 12:00:00,20.4,95,43,4.0,0.0,0.0,775.1
2024-06-20 13:00:00,21.4,81,43,4.4,0.0,0.0,889.9
2024-06-20 14:00:00,22.1,93,42,4.1,0.0,0.0,862.0
2024-06-20 15:00:00,22.3,8,45,5.1,0.0,0.0,746.6
2024-06-20 16:00:00,22.6,26,44,5.8,0.0,0.0,666.3
2024-06-20 17:00:00,22.6,74,43,6.0,0.0,0.0,521.9
2024-06-20 18:00:00,22.4,15,41,6.7,0.0,0.0,362.9
2024-06-20 19:00:00,22.1,100,40,7.1,0.0,0.0,211.1
2024-06-20 20:00:00,20.9,98,50,4.5,0.0,0.0,67.2
2024-06-20 21:00:00,19.0,100,59,8.9,0.0,0.0,0.0
2024-06-20 22:00:00,18.7,100,60,11.0,0.0,0.0,0.0
2024-06-20 23:00:00,18.0,99,60,8.5,0.0,0.0,0.0
2024-06-21 00:00:00,17.5,99,61,9.4,0.0,0.0,0.0
2024-06-21 01:00:00,16.7,100,64,9.1,0.0,0.0,0.0
2024-06-21 02:00:00,16.1,90,66,8.3,0.0,0.0,0.0
2024-06-21 03:00:00,15.4,100,73,10.0,0.0,0.0,0.0
2024-06-21 04:00:00,16.0,33,71,11.6,0.0,0.0,0.0
2024-06-21 05:00:00,15.6,54,74,9.7,0.0,0.0,12.1
2024-06-21 06:00:00,16.5,17,72,6.5,0.0,0.0,86.6
2024-06-21 07:00:00,18.2,19,67,6.2,0.0,0.0,234.5
2024-06-21 08:00:00,20.6,5,61,6.3,0.0,0.0,385.3
2024-06-21 09:00:00,23.1,20,55,5.6,0.0,0.0,548.6
2024-06-21 10:00:00,25.1,43,52,7.5,0.0,0.0,678.6
2024-06-21 11:00:00,26.0,100,55,9.4,0.0,0.0,666.1
2024-06-21 12:00:00,26.9,15,57,9.8,0.0,0.0,672.6
2024-06-21 13:00:00,28.8,100,53,12.6,0.0,0.0,833.9
2024-06-21 14:00:00,28.6,90,54,11.9,0.0,0.0,406.6
2024-06-21 15:00:00,30.1,100,49,9.1,0.0,0.0,629.1
2024-06-21 16:00:00,30.0,100,49,8.3,0.0,0.0,501.9
2024-06-21 17:00:00,29.7,100,52,9.9,0.0,0.0,323.8
2024-06-21 18:00:00,29.3,100,53,11.6,0.3,0.0,298.2
2024-06-21 19:00:00,28.7,100,56,12.0,0.0,0.0,180.0
2024-06-21 20:00:00,27.3,100,61,10.6,0.0,0.0,59.9
2024-06-21 21:00:00,25.8,100,66,10.5,0.0,0.0,0.0
2024-06-21 22:00:00,25.0,100,67,10.8,0.0,0.0,0.0
2024-06-21 23:00:00,24.1,100,70,12.3,0.1,0.0,0.0
2024-06-22 00:00:00,23.1,100,78,10.3,0.5,0.0,0.0
2024-06-22 01:00:00,22.4,100,86,11.5,0.3,0.0,0.0
2024-06-22 02:00:00,22.4,100,85,15.3,0.0,0.0,0.0
2024-06-22 03:00:00,20.8,100,93,3.6,0.1,0.0,0.0
2024-06-22 04:00:00,20.6,100,94,5.9,0.0,0.0,0.0
2024-06-22 05:00:00,20.5,100,94,14.4,0.1,0.0,6.1
2024-06-22 06:00:00,20.7,100,86,9.8,0.0,0.0,44.2
2024-06-22 07:00:00,21.3,94,78,12.6,0.0,0.0,161.1
2024-06-22 08:00:00,22.0,84,75,14.7,0.0,0.0,330.0
2024-06-22 09:00:00,23.5,21,68,12.9,0.0,0.0,506.2
2024-06-22 10:00:00,24.8,83,61,17.6,0.0,0.0,589.0
2024-06-22 11:00:00,24.5,61,62,17.7,0.3,0.0,626.2
2024-06-22 12:00:00,25.4,83,56,15.6,0.2,0.0,695.2
2024-06-22 13:00:00,25.9,21,53,15.0,0.0,0.0,625.4
2024-06-22 14:00:00,26.9,18,50,16.8,0.0,0.0,795.6
2024-06-22 15:00:00,24.2,18,60,15.3,0.2,0.0,725.7
2024-06-22 16:00:00,24.8,23,50,15.2,0.0,0.0,592.1
2024-06-22 17:00:00,25.3,3,45,17.6,0.0,0.0,455.6
2024-06-22 18:00:00,25.3,6,41,19.6,0.0,0.0,357.1
2024-06-22 19:00:00,22.7,6,56,18.9,0.0,0.0,204.2
2024-06-22 20:00:00,22.0,15,56,15.0,0.0,0.0,76.0
2024-06-22 21:00:00,20.6,41,62,13.9,0.0,0.0,0.0
2024-06-22 22:00:00,19.7,1,63,16.2,0.0,0.0,0.0
2024-06-22 23:00:00,18.4,0,67,13.2,0.0,0.0,0.0
2024-06-23 00:00:00,17.5,0,71,8.8,0.0,0.0,0.0
2024-06-23 01:00:00,15.9,9,79,8.0,0.0,0.0,0.0
2024-06-23 02:00:00,15.6,0,80,7.2,0.0,0.0,0.0
2024-06-23 03:00:00,14.7,98,82,6.0,0.0,0.0,0.0
2024-06-23 04:00:00,13.7,100,87,8.1,0.0,0.0,0.0
2024-06-23 05:00:00,13.9,98,86,5.6,0.0,0.0,18.6
2024-06-23 06:00:00,15.3,95,82,7.6,0.0,0.0,96.7
2024-06-23 07:00:00,17.1,9,75,8.4,0.0,0.0,239.9
2024-06-23 08:00:00,19.0,0,63,11.6,0.0,0.0,404.4
2024-06-23 09:00:00,20.6,0,55,12.6,0.0,0.0,558.9
2024-06-23 10:00:00,21.7,5,51,15.3,0.0,0.0,692.8
2024-06-23 11:00:00,23.0,34,45,16.9,0.0,0.0,793.3
2024-06-23 12:00:00,24.0,91,39,18.3,0.0,0.0,822.4
2024-06-23 13:00:00,24.3,99,37,19.1,0.0,0.0,757.8
2024-06-23 14:00:00,23.3,55,42,18.8,0.0,0.0,428.2
2024-06-23 15:00:00,23.9,76,40,16.6,0.0,0.0,478.1
2024-06-23 16:00:00,23.5,78,43,18.9,0.0,0.0,361.6
2024-06-23 17:00:00,23.9,99,42,17.1,0.0,0.0,375.9
2024-06-23 18:00:00,23.3,27,45,16.8,0.0,0.0,180.7
2024-06-23 19:00:00,23.2,6,44,16.2,0.0,0.0,162.2
2024-06-23 20:00:00,22.3,20,46,11.8,0.0,0.0,76.1
2024-06-23 21:00:00,20.6,18,51,9.3,0.0,0.0,0.0
2024-06-23 22:00:00,19.2,3,57,8.4,0.0,0.0,0.0
2024-06-23 23:00:00,18.3,4,61,10.2,0.0,0.0,0.0
2024-06-24 00:00:00,17.5,9,64,10.0,0.0,0.0,0.0
2024-06-24 01:00:00,16.9,5,67,11.3,0.0,0.0,0.0
2024-06-24 02:00:00,16.1,17,71,8.8,0.0,0.0,0.0
2024-06-24 03:00:00,15.2,3,79,7.1,0.0,0.0,0.0
2024-06-24 04:00:00,14.5,12,83,7.5,0.0,0.0,0.0
2024-06-24 05:00:00,14.1,16,85,7.6,0.0,0.0,12.6
2024-06-24 06:00:00,15.2,100,80,9.0,0.0,0.0,97.0
2024-06-24 07:00:00,16.7,98,71,9.4,0.0,0.0,167.8
2024-06-24 08:00:00,17.7,70,64,9.8,0.0,0.0,232.3
2024-06-24 09:00:00,18.9,31,59,11.5,0.0,0.0,392.1
2024-06-24 10:00:00,20.6,95,51,14.8,0.0,0.0,602.1
2024-06-24 11:00:00,21.4,100,46,14.3,0.0,0.0,648.4
2024-06-24 12:00:00,22.0,98,44,13.0,0.0,0.0,572.3
2024-06-24 13:00:00,22.2,41,42,12.1,0.0,0.0,458.1
2024-06-24 14:00:00,23.6,77,37,11.8,0.0,0.0,648.7
2024-06-24 15:00:00,23.0,100,41,9.5,0.0,0.0,460.0
2024-06-24 16:00:00,23.7,88,38,10.4,0.0,0.0,528.1
2024-06-24 17:00:00,23.3,41,39,11.6,0.0,0.0,310.4
2024-06-24 18:00:00,23.3,42,38,12.8,0.0,0.0,289.0
2024-06-24 19:00:00,22.3,68,41,15.3,0.0,0.0,169.2
2024-06-24 20:00:00,21.0,21,45,16.6,0.0,0.0,60.0
2024-06-24 21:00:00,19.1,6,54,15.8,0.0,0.0,0.0
2024-06-24 22:00:00,18.1,8,60,13.0,0.0,0.0,0.0
2024-06-24 23:00:00,17.0,8,66,8.9,0.0,0.0,0.0
2024-06-25 00:00:00,16.0,17,71,6.6,0.0,0.0,0.0
2024-06-25 01:00:00,15.3,7,76,5.9,0.0,0.0,0.0
2024-06-25 02:00:00,14.8,20,80,6.8,0.0,0.0,0.0
2024-06-25 03:00:00,14.6,28,84,7.9,0.0,0.0,0.0
2024-06-25 04:00:00,14.3,1,87,8.9,0.0,0.0,0.0
2024-06-25 05:00:00,14.2,0,89,10.2,0.0,0.0,12.9
2024-06-25 06:00:00,15.6,0,84,12.0,0.0,0.0,102.2
2024-06-25 07:00:00,17.7,3,76,12.1,0.0,0.0,242.8
2024-06-25 08:00:00,19.9,7,67,15.5,0.0,0.0,403.5
2024-06-25 09:00:00,21.4,73,59,19.4,0.0,0.0,551.3
2024-06-25 10:00:00,22.1,100,55,18.3,0.1,0.0,535.2
2024-06-25 11:00:00,22.6,100,52,18.1,0.0,0.0,439.3
2024-06-25 12:00:00,23.4,97,49,17.1,0.0,0.0,478.0
2024-06-25 13:00:00,24.9,42,43,15.2,0.0,0.0,651.7
2024-06-25 14:00:00,25.5,90,40,16.2,0.0,0.0,664.4
2024-06-25 15:00:00,24.8,91,44,18.0,0.0,0.0,581.4
2024-06-25 16:00:00,24.6,45,45,15.9,0.0,0.0,353.3
2024-06-25 17:00:00,24.9,100,44,17.8,0.0,0.0,425.2
2024-06-25 18:00:00,24.2,5,47,19.1,0.0,0.0,281.3
2024-06-25 19:00:00,23.6,4,51,19.1,0.0,0.0,197.3
2024-06-25 20:00:00,22.4,0,57,17.7,0.0,0.0,77.3
2024-06-25 21:00:00,20.9,0,63,14.8,0.0,0.0,0.0
2024-06-25 22:00:00,19.9,0,67,14.4,0.0,0.0,0.0
2024-06-25 23:00:00,19.3,0,68,15.0,0.0,0.0,0.0
2024-06-26 00:00:00,18.8,100,70,15.7,0.0,0.0,0.0
2024-06-26 01:00:00,18.5,98,71,16.1,0.0,0.0,0.0
2024-06-26 02:00:00,18.2,100,73,15.8,0.0,0.0,0.0
2024-06-26 03:00:00,17.4,47,81,15.6,0.0,0.0,0.0
2024-06-26 04:00:00,17.1,3,82,15.1,0.0,0.0,0.0
2024-06-26 05:00:00,17.0,26,83,15.0,0.0,0.0,13.2
2024-06-26 06:00:00,18.0,92,78,14.6,0.0,0.0,99.3
2024-06-26 07:00:00,19.7,94,71,15.5,0.0,0.0,232.7
2024-06-26 08:00:00,21.4,79,65,15.4,0.0,0.0,367.0
2024-06-26 09:00:00,23.2,100,58,14.5,0.0,0.0,525.6
2024-06-26 10:00:00,25.1,84,51,11.7,0.0,0.0,667.2
2024-06-26 11:00:00,26.6,100,47,9.0,0.0,0.0,772.6
2024-06-26 12:00:00,27.8,95,44,6.2,0.0,0.0,832.9
2024-06-26 13:00:00,28.9,58,40,6.9,0.0,0.0,849.2
2024-06-26 14:00:00,29.7,99,38,8.0,0.0,0.0,814.4
2024-06-26 15:00:00,29.5,100,39,7.1,0.0,0.0,725.9
2024-06-26 16:00:00,29.8,100,38,7.8,0.0,0.0,598.8
2024-06-26 17:00:00,29.7,100,38,10.4,0.0,0.0,475.5
2024-06-26 18:00:00,29.4,100,39,12.6,0.0,0.0,285.6
2024-06-26 19:00:00,28.5,100,41,14.6,0.0,0.0,152.9
2024-06-26 20:00:00,25.2,100,59,22.8,0.0,0.0,47.6
2024-06-26 21:00:00,23.5,100,66,8.8,0.0,0.0,0.0
2024-06-26 22:00:00,22.2,100,72,4.4,0.0,0.0,0.0
2024-06-26 23:00:00,21.0,100,78,4.0,0.0,0.0,0.0
2024-06-27 00:00:00,20.5,100,80,5.9,0.0,0.0,0.0
2024-06-27 01:00:00,19.4,100,86,5.2,0.0,0.0,0.0
2024-06-27 02:00:00,19.0,99,88,4.9,0.0,0.0,0.0
2024-06-27 03:00:00,19.0,85,91,7.6,0.0,0.0,0.0
2024-06-27 04:00:00,18.5,70,93,5.2,0.0,0.0,0.0
2024-06-27 05:00:00,18.5,92,93,8.0,0.0,0.0,13.6
2024-06-27 06:00:00,20.2,100,82,11.1,0.0,0.0,89.7
2024-06-27 07:00:00,22.0,100,74,6.7,0.0,0.0,213.5
2024-06-27 08:00:00,23.5,100,70,5.1,0.0,0.0,357.8
2024-06-27 09:00:00,25.1,100,65,4.8,0.0,0.0,515.7
2024-06-27 10:00:00,25.7,100,64,3.9,0.2,0.0,593.7
2024-06-27 11:00:00,26.1,100,64,3.6,0.3,0.0,564.5
2024-06-27 12:00:00,27.2,100,61,3.0,0.1,0.0,608.3
2024-06-27 13:00:00,27.9,100,58,2.6,0.0,0.0,610.7
2024-06-27 14:00:00,27.9,100,57,3.8,0.2,0.0,549.8
2024-06-27 15:00:00,26.0,98,58,11.2,0.1,0.0,447.6
2024-06-27 16:00:00,27.3,66,53,8.7,0.0,0.0,596.0
2024-06-27 17:00:00,27.4,23,53,4.6,0.0,0.0,459.4
2024-06-27 18:00:00,26.7,99,49,7.2,0.0,0.0,313.7
2024-06-27 19:00:00,26.4,91,53,9.1,0.0,0.0,154.4
2024-06-27 20:00:00,25.7,99,60,8.6,0.0,0.0,64.9
2024-06-27 21:00:00,24.1,100,70,5.4,0.0,0.0,0.0
2024-06-27 22:00:00,23.4,97,74,7.2,0.1,0.0,0.0
2024-06-27 23:00:00,22.6,32,77,5.5,0.0,0.0,0.0
2024-06-28 00:00:00,21.3,48,83,5.7,0.0,0.0,0.0
2024-06-28 01:00:00,20.0,85,86,5.9,0.0,0.0,0.0
2024-06-28 02:00:00,19.4,97,85,5.4,0.0,0.0,0.0
2024-06-28 03:00:00,19.4,100,93,9.4,0.0,0.0,0.0
2024-06-28 04:00:00,19.2,96,95,9.4,0.1,0.0,0.0
2024-06-28 05:00:00,18.5,89,96,4.4,0.6,0.0,14.0
2024-06-28 06:00:00,18.9,90,94,5.6,1.6,0.0,61.7
2024-06-28 07:00:00,20.5,100,89,7.1,0.0,0.0,190.4
2024-06-28 08:00:00,22.2,93,82,11.7,0.0,0.0,368.6
2024-06-28 09:00:00,23.8,32,72,14.1,0.0,0.0,503.5
2024-06-28 10:00:00,25.4,73,64,15.5,0.0,0.0,664.2
2024-06-28 11:00:00,26.8,4,58,15.3,0.0,0.0,772.8
2024-06-28 12:00:00,27.9,14,55,14.5,0.0,0.0,813.6
2024-06-28 13:00:00,28.8,6,51,14.3,0.0,0.0,833.3
2024-06-28 14:00:00,29.1,22,50,14.9,0.1,0.0,803.7
2024-06-28 15:00:00,27.7,70,56,6.9,0.0,0.0,480.2
2024-06-28 16:00:00,28.0,49,51,7.4,0.0,0.0,537.5
2024-06-28 17:00:00,27.5,55,52,3.3,0.0,0.0,423.5
2024-06-28 18:00:00,27.4,55,51,5.5,0.1,0.0,298.4
2024-06-28 19:00:00,27.5,22,49,7.2,0.0,0.0,185.6
2024-06-28 20:00:00,26.3,44,56,6.6,0.0,0.0,69.8
2024-06-28 21:00:00,23.8,22,70,6.5,0.0,0.0,0.0
2024-06-28 22:00:00,22.4,6,79,6.9,0.0,0.0,0.0
2024-06-28 23:00:00,21.4,26,84,6.1,0.0,0.0,0.0
2024-06-29 00:00:00,20.5,64,89,6.0,0.0,0.0,0.0
2024-06-29 01:00:00,20.0,17,91,6.4,0.0,0.0,0.0
2024-06-29 02:00:00,19.9,1,90,7.3,0.0,0.0,0.0
2024-06-29 03:00:00,18.7,0,89,7.9,0.0,0.0,0.0
2024-06-29 04:00:00,18.3,20,91,6.9,0.0,0.0,0.0
2024-06-29 05:00:00,18.6,96,91,6.8,0.0,0.0,14.4
2024-06-29 06:00:00,20.0,61,88,10.8,0.0,0.0,95.5
2024-06-29 07:00:00,21.5,94,81,10.2,0.0,0.0,229.6
2024-06-29 08:00:00,22.6,97,78,8.1,0.0,0.0,354.6
2024-06-29 09:00:00,24.3,96,70,9.8,0.0,0.0,522.7
2024-06-29 10:00:00,25.8,98,61,9.7,0.1,0.0,642.7
2024-06-29 11:00:00,26.8,36,54,6.2,0.1,0.0,625.7
2024-06-29 12:00:00,27.6,55,50,3.1,0.1,0.0,699.8
2024-06-29 13:00:00,28.4,23,48,3.1,0.1,0.0,746.1
2024-06-29 14:00:00,28.9,14,45,1.5,0.1,0.0,713.6
2024-06-29 15:00:00,30.1,14,41,3.6,0.0,0.0,705.9
2024-06-29 16:00:00,30.2,15,40,4.1,0.0,0.0,603.5
2024-06-29 17:00:00,30.2,40,39,3.3,0.0,0.0,481.8
2024-06-29 18:00:00,30.2,83,39,5.8,0.0,0.0,338.4
2024-06-29 19:00:00,30.0,78,40,4.9,0.0,0.0,188.6
2024-06-29 20:00:00,28.0,100,56,3.7,0.0,0.0,69.7
2024-06-29 21:00:00,25.4,38,59,6.9,0.0,0.0,0.0
2024-06-29 22:00:00,24.8,78,63,13.6,0.0,0.0,0.0
2024-06-29 23:00:00,24.2,93,68,15.9,0.0,0.0,0.0
2024-06-30 00:00:00,23.7,93,72,15.9,0.0,0.0,0.0
2024-06-30 01:00:00,23.0,70,77,15.3,0.0,0.0,0.0
2024-06-30 02:00:00,22.3,2,81,14.0,0.0,0.0,0.0
2024-06-30 03:00:00,22.3,0,83,14.3,0.0,0.0,0.0
2024-06-30 04:00:00,21.9,13,84,14.6,0.0,0.0,0.0
2024-06-30 05:00:00,21.6,39,85,14.3,0.0,0.0,15.0
2024-06-30 06:00:00,22.9,0,76,16.1,0.0,0.0,96.0
2024-06-30 07:00:00,24.7,32,70,15.3,0.0,0.0,236.4
2024-06-30 08:00:00,27.2,96,57,17.6,0.0,0.0,391.4
2024-06-30 09:00:00,28.8,95,50,21.5,0.0,0.0,540.8
2024-06-30 10:00:00,30.0,91,49,22.7,0.0,0.0,676.3
2024-06-30 11:00:00,31.4,9,42,25.6,0.0,0.0,775.1
2024-06-30 12:00:00,32.3,3,38,28.3,0.0,0.0,838.4
2024-06-30 13:00:00,32.9,46,38,29.8,0.0,0.0,852.5
2024-06-30 14:00:00,33.3,3,37,31.2,0.0,0.0,822.5
2024-06-30 15:00:00,32.4,92,37,34.9,0.9,0.0,756.6
2024-06-30 16:00:00,30.3,100,47,23.7,0.0,0.0,345.0
2024-06-30 17:00:00,30.5,100,47,24.9,0.0,0.0,245.8
2024-06-30 18:00:00,29.7,92,50,24.6,0.0,0.0,297.5
2024-06-30 19:00:00,27.3,100,59,17.6,2.0,0.0,193.2
2024-06-30 20:00:00,25.5,100,70,4.6,0.9,0.0,21.6
2024-06-30 21:00:00,23.8,100,81,3.9,0.0,0.0,0.0
2024-06-30 22:00:00,23.6,99,72,16.7,0.4,0.0,0.0
2024-06-30 23:00:00,21.8,100,81,16.0,1.1,0.0,0.0
2024-07-01 00:00:00,22.0,100,83,20.8,0.0,0.0,0.0
2024-07-01 01:00:00,21.1,100,85,14.5,0.2,0.0,0.0
2024-07-01 02:00:00,19.8,100,94,2.9,11.1,0.0,0.0
2024-07-01 03:00:00,19.0,100,96,11.9,0.0,0.0,0.0
2024-07-01 04:00:00,18.8,100,97,9.4,0.0,0.0,0.0
2024-07-01 05:00:00,18.7,60,97,8.9,0.0,0.0,7.8
2024-07-01 06:00:00,18.9,97,92,10.7,0.0,0.0,59.3
2024-07-01 07:00:00,19.3,100,89,11.5,0.0,0.0,146.9
2024-07-01 08:00:00,19.9,100,84,14.8,0.0,0.0,203.5
2024-07-01 09:00:00,20.4,100,80,17.3,0.1,0.0,294.1
2024-07-01 10:00:00,20.4,100,77,16.9,0.1,0.0,245.7
2024-07-01 11:00:00,20.3,100,75,16.1,1.2,0.0,279.8
2024-07-01 12:00:00,19.4,100,80,14.0,1.9,0.0,167.3
2024-07-01 13:00:00,19.7,96,76,15.6,0.2,0.0,287.9
2024-07-01 14:00:00,21.7,26,66,13.7,0.0,0.0,661.7
2024-07-01 15:00:00,21.6,100,64,10.5,0.0,0.0,574.9
2024-07-01 16:00:00,21.7,100,62,7.7,0.0,0.0,299.4
2024-07-01 17:00:00,21.9,100,61,9.2,0.0,0.0,273.6
2024-07-01 18:00:00,21.8,100,60,6.3,0.0,0.0,204.5
2024-07-01 19:00:00,21.7,100,59,6.6,0.0,0.0,155.0
2024-07-01 20:00:00,20.7,100,75,3.0,0.0,0.0,60.3
2024-07-01 21:00:00,20.8,96,65,1.8,0.0,0.0,0.0
2024-07-01 22:00:00,19.9,100,69,0.4,0.0,0.0,0.0
2024-07-01 23:00:00,18.7,100,75,6.6,0.0,0.0,0.0
2024-07-02 00:00:00,18.2,100,78,11.5,0.0,0.0,0.0
2024-07-02 01:00:00,17.1,100,87,11.6,0.2,0.0,0.0
2024-07-02 02:00:00,16.9,100,90,11.6,0.3,0.0,0.0
2024-07-02 03:00:00,16.2,77,92,14.5,0.1,0.0,0.0
2024-07-02 04:00:00,15.5,99,93,15.3,0.0,0.0,0.0
2024-07-02 05:00:00,15.2,100,92,16.3,0.0,0.0,8.2
2024-07-02 06:00:00,14.9,78,91,18.3,0.0,0.0,64.8
2024-07-02 07:00:00,15.0,100,87,21.4,0.1,0.0,148.5
2024-07-02 08:00:00,14.5,100,86,19.7,0.1,0.0,103.0
2024-07-02 09:00:00,14.5,90,80,19.6,0.1,0.0,77.5
2024-07-02 10:00:00,16.7,46,68,22.2,0.1,0.0,447.1
2024-07-02 11:00:00,17.9,69,61,22.1,0.2,0.0,648.1
2024-07-02 12:00:00,18.6,87,55,22.0,0.2,0.0,676.4
2024-07-02 13:00:00,19.8,99,49,22.3,0.0,0.0,718.2
2024-07-02 14:00:00,20.5,86,46,22.0,0.0,0.0,759.8
2024-07-02 15:00:00,20.8,34,43,22.8,0.0,0.0,712.7
2024-07-02 16:00:00,20.5,54,42,22.5,0.0,0.0,494.7
2024-07-02 17:00:00,20.1,91,42,22.7,0.0,0.0,404.6
2024-07-02 18:00:00,19.4,55,45,18.3,0.0,0.0,153.4
2024-07-02 19:00:00,19.0,16,47,19.9,0.0,0.0,172.8
2024-07-02 20:00:00,18.2,34,50,10.7,0.0,0.0,68.1
2024-07-02 21:00:00,17.0,16,55,6.9,0.0,0.0,0.0
2024-07-02 22:00:00,15.8,1,59,8.2,0.0,0.0,0.0
2024-07-02 23:00:00,15.3,2,62,11.6,0.0,0.0,0.0
2024-07-03 00:00:00,14.8,46,66,11.3,0.0,0.0,0.0
2024-07-03 01:00:00,14.4,84,68,10.2,0.0,0.0,0.0
2024-07-03 02:00:00,15.1,100,66,10.7,0.0,0.0,0.0
2024-07-03 03:00:00,14.8,100,75,11.3,0.0,0.0,0.0
2024-07-03 04:00:00,14.5,79,77,7.9,0.0,0.0,0.0
2024-07-03 05:00:00,13.7,4,82,5.7,0.0,0.0,8.6
2024-07-03 06:00:00,14.1,15,83,7.2,0.0,0.0,94.3
2024-07-03 07:00:00,15.6,45,74,9.4,0.0,0.0,225.6
2024-07-03 08:00:00,16.7,32,68,15.0,0.0,0.0,360.2
2024-07-03 09:00:00,17.6,87,64,14.1,0.0,0.0,478.5
2024-07-03 10:00:00,17.8,48,64,12.9,0.1,0.0,382.3
2024-07-03 11:00:00,18.8,58,60,12.4,0.2,0.0,534.5
2024-07-03 12:00:00,19.4,98,58,14.6,0.1,0.0,620.0
2024-07-03 13:00:00,18.5,100,62,14.3,0.1,0.0,376.2
2024-07-03 14:00:00,19.0,95,64,10.5,0.0,0.0,376.5
2024-07-03 15:00:00,17.5,100,72,11.2,0.0,0.0,243.0
2024-07-03 16:00:00,17.9,100,70,10.8,0.0,0.0,277.1
2024-07-03 17:00:00,18.2,100,68,10.8,0.0,0.0,245.8
2024-07-03 18:00:00,17.9,97,68,11.0,0.0,0.0,143.1
2024-07-03 19:00:00,17.9,98,65,10.0,0.0,0.0,133.8
2024-07-03 20:00:00,17.1,100,67,9.4,0.0,0.0,29.4
2024-07-03 21:00:00,16.6,100,69,6.2,0.0,0.0,0.0
2024-07-03 22:00:00,16.2,86,71,5.2,0.0,0.0,0.0
2024-07-03 23:00:00,15.0,22,79,4.2,0.0,0.0,0.0
2024-07-04 00:00:00,13.3,12,88,7.0,0.0,0.0,0.0
2024-07-04 01:00:00,12.8,9,91,6.6,0.0,0.0,0.0
2024-07-04 02:00:00,12.8,10,90,5.1,0.0,0.0,0.0
2024-07-04 03:00:00,11.9,16,97,8.6,0.0,0.0,0.0
2024-07-04 04:00:00,11.8,23,97,8.1,0.0,0.0,0.0
2024-07-04 05:00:00,13.0,44,94,5.0,0.0,0.0,9.1
2024-07-04 06:00:00,13.8,24,92,0.8,0.0,0.0,82.9
2024-07-04 07:00:00,15.4,5,87,2.1,0.0,0.0,220.8
2024-07-04 08:00:00,17.0,5,79,4.3,0.0,0.0,380.6
2024-07-04 09:00:00,18.5,18,71,7.9,0.0,0.0,533.8
2024-07-04 10:00:00,19.4,84,65,10.7,0.0,0.0,596.8
2024-07-04 11:00:00,19.6,87,62,12.5,0.0,0.0,494.6
2024-07-04 12:00:00,20.7,51,59,16.2,0.0,0.0,698.1
2024-07-04 13:00:00,21.5,100,55,17.8,0.1,0.0,699.3
2024-07-04 14:00:00,17.4,66,75,24.4,0.3,0.0,310.8
2024-07-04 15:00:00,19.6,100,64,15.9,0.1,0.0,556.8
2024-07-04 16:00:00,20.0,38,53,19.9,0.0,0.0,489.1
2024-07-04 17:00:00,19.6,22,53,18.0,0.1,0.0,399.1
2024-07-04 18:00:00,20.3,48,47,15.8,0.0,0.0,335.5
2024-07-04 19:00:00,20.4,49,44,13.7,0.0,0.0,180.4
2024-07-04 20:00:00,19.2,10,49,13.5,0.0,0.0,68.9
2024-07-04 21:00:00,17.9,18,53,14.8,0.0,0.0,0.0
2024-07-04 22:00:00,17.0,15,59,15.0,0.0,0.0,0.0
2024-07-04 23:00:00,16.4,10,62,13.8,0.0,0.0,0.0
2024-07-05 00:00:00,16.3,28,62,15.8,0.0,0.0,0.0
2024-07-05 01:00:00,15.8,22,66,13.2,0.0,0.0,0.0
2024-07-05 02:00:00,15.1,5,71,12.6,0.0,0.0,0.0
2024-07-05 03:00:00,14.4,100,86,16.2,0.0,0.0,0.0
2024-07-05 04:00:00,14.7,61,87,17.9,0.0,0.0,0.0
2024-07-05 05:00:00,13.5,93,93,15.5,0.0,0.0,9.7
2024-07-05 06:00:00,13.6,83,89,16.5,0.0,0.0,57.4
2024-07-05 07:00:00,14.1,37,84,12.3,0.0,0.0,153.1
2024-07-05 08:00:00,15.3,20,76,8.2,0.0,0.0,361.9
2024-07-05 09:00:00,16.6,31,67,8.6,0.0,0.0,539.6
2024-07-05 10:00:00,18.0,63,59,9.2,0.0,0.0,675.0
2024-07-05 11:00:00,19.3,3,49,10.1,0.0,0.0,796.8
2024-07-05 12:00:00,20.4,3,44,10.7,0.0,0.0,853.3
2024-07-05 13:00:00,21.3,35,43,12.3,0.0,0.0,857.9
2024-07-05 14:00:00,22.0,82,42,18.5,0.0,0.0,693.2
2024-07-05 15:00:00,22.1,100,42,16.9,0.0,0.0,471.6
2024-07-05 16:00:00,21.3,100,46,24.2,0.0,0.0,224.1
2024-07-05 17:00:00,21.2,95,47,19.0,0.0,0.0,139.9
2024-07-05 18:00:00,21.8,100,45,17.4,0.0,0.0,158.4
2024-07-05 19:00:00,21.6,30,48,12.2,0.0,0.0,83.1
2024-07-05 20:00:00,20.4,22,57,5.8,0.0,0.0,66.3
2024-07-05 21:00:00,17.9,96,66,8.3,0.0,0.0,0.0
2024-07-05 22:00:00,18.1,89,61,9.9,0.0,0.0,0.0
2024-07-05 23:00:00,17.6,50,62,9.2,0.0,0.0,0.0
2024-07-06 00:00:00,17.0,44,68,7.4,0.0,0.0,0.0
2024-07-06 01:00:00,16.7,65,74,8.9,0.0,0.0,0.0
2024-07-06 02:00:00,16.9,46,75,6.9,0.0,0.0,0.0
2024-07-06 03:00:00,16.6,2,74,2.9,0.0,0.0,0.0
2024-07-06 04:00:00,13.8,9,89,5.0,0.0,0.0,0.0
2024-07-06 05:00:00,13.9,1,92,5.6,0.0,0.0,10.3
2024-07-06 06:00:00,15.4,5,87,5.7,0.0,0.0,91.2
2024-07-06 07:00:00,18.3,7,78,7.9,0.0,0.0,228.1
2024-07-06 08:00:00,20.9,10,68,10.1,0.0,0.0,385.9
2024-07-06 09:00:00,23.2,12,60,10.9,0.0,0.0,529.7
2024-07-06 10:00:00,25.0,61,56,11.9,0.0,0.0,662.1
2024-07-06 11:00:00,26.9,61,51,19.8,0.0,0.0,756.9
2024-07-06 12:00:00,27.7,69,47,24.4,0.0,0.0,794.8
2024-07-06 13:00:00,28.7,40,42,25.4,0.0,0.0,792.7
2024-07-06 14:00:00,29.3,4,39,27.0,0.0,0.0,802.1
2024-07-06 15:00:00,29.6,11,35,28.3,0.0,0.0,758.6
2024-07-06 16:00:00,29.6,5,34,27.4,0.0,0.0,656.4
2024-07-06 17:00:00,29.3,1,34,26.7,0.0,0.0,515.6
2024-07-06 18:00:00,29.1,1,35,24.3,0.0,0.0,363.4
2024-07-06 19:00:00,27.9,22,40,22.6,0.0,0.0,204.1
2024-07-06 20:00:00,26.5,70,43,17.7,0.0,0.0,72.7
2024-07-06 21:00:00,25.1,35,46,17.3,0.0,0.0,0.0
2024-07-06 22:00:00,24.0,21,49,18.9,0.0,0.0,0.0
2024-07-06 23:00:00,23.1,100,52,19.2,0.0,0.0,0.0
2024-07-07 00:00:00,22.6,27,53,19.2,0.0,0.0,0.0
2024-07-07 01:00:00,22.4,5,51,18.6,0.0,0.0,0.0
2024-07-07 02:00:00,21.6,41,52,14.3,0.0,0.0,0.0
2024-07-07 03:00:00,21.1,50,58,8.3,0.0,0.0,0.0
2024-07-07 04:00:00,19.7,34,68,5.9,0.1,0.0,0.0
2024-07-07 05:00:00,18.5,40,77,6.2,0.0,0.0,11.1
2024-07-07 06:00:00,19.6,100,76,13.2,0.0,0.0,79.6
2024-07-07 07:00:00,19.3,93,83,16.3,0.2,0.0,86.7
2024-07-07 08:00:00,19.7,100,77,13.2,0.1,0.0,221.1
2024-07-07 09:00:00,19.9,100,75,10.3,0.0,0.0,207.0
2024-07-07 10:00:00,20.0,100,75,11.9,0.0,0.0,232.0
2024-07-07 11:00:00,20.3,100,73,10.7,0.0,0.0,235.9
2024-07-07 12:00:00,21.1,100,69,10.0,0.0,0.0,308.1
2024-07-07 13:00:00,21.4,100,68,12.1,0.0,0.0,294.0
2024-07-07 14:00:00,22.8,100,62,10.9,0.0,0.0,482.4
2024-07-07 15:00:00,21.0,71,71,17.7,0.1,0.0,438.1
2024-07-07 16:00:00,21.5,72,67,15.2,0.0,0.0,506.7
2024-07-07 17:00:00,20.6,99,71,13.3,0.2,0.0,296.7
2024-07-07 18:00:00,20.2,99,73,11.8,0.2,0.0,146.3
2024-07-07 19:00:00,20.0,83,74,12.0,0.0,0.0,121.7
2024-07-07 20:00:00,19.4,99,76,11.2,0.0,0.0,42.8
2024-07-07 21:00:00,18.4,95,80,10.2,0.0,0.0,0.0
2024-07-07 22:00:00,17.7,69,83,9.7,0.0,0.0,0.0
2024-07-07 23:00:00,17.2,99,84,9.7,0.0,0.0,0.0
2024-07-08 00:00:00,17.2,97,83,8.9,0.0,0.0,0.0
2024-07-08 01:00:00,16.8,99,84,10.5,0.2,0.0,0.0
2024-07-08 02:00:00,16.2,98,85,10.5,0.1,0.0,0.0
2024-07-08 03:00:00,16.1,58,89,9.4,0.4,0.0,0.0
2024-07-08 04:00:00,16.4,55,87,10.7,0.0,0.0,0.0
2024-07-08 05:00:00,16.0,70,89,8.6,0.0,0.0,0.0
2024-07-08 06:00:00,16.6,17,87,8.6,0.0,0.0,55.4
2024-07-08 07:00:00,17.7,42,84,6.7,0.0,0.0,173.7
2024-07-08 08:00:00,19.2,49,81,8.0,0.0,0.0,349.7
2024-07-08 09:00:00,20.9,100,76,7.9,0.0,0.0,511.0
2024-07-08 10:00:00,22.0,99,71,10.2,0.1,0.0,483.6
2024-07-08 11:00:00,22.3,98,69,10.0,0.0,0.0,351.7
2024-07-08 12:00:00,23.0,96,67,7.9,0.4,0.0,515.6
2024-07-08 13:00:00,24.0,47,63,4.6,0.4,0.0,649.3
2024-07-08 14:00:00,24.8,66,61,6.0,0.3,0.0,670.7
2024-07-08 15:00:00,23.4,66,71,9.7,0.0,0.0,511.8
2024-07-08 16:00:00,24.3,64,64,7.2,0.3,0.0,568.0
2024-07-08 17:00:00,24.4,37,63,5.8,0.1,0.0,339.7
2024-07-08 18:00:00,24.6,22,61,8.4,0.0,0.0,284.0
2024-07-08 19:00:00,24.5,27,61,8.7,0.0,0.0,181.3
2024-07-08 20:00:00,23.5,11,66,7.0,0.0,0.0,61.8
2024-07-08 21:00:00,21.6,26,75,6.0,0.0,0.0,0.0
2024-07-08 22:00:00,21.0,24,79,6.8,0.0,0.0,0.0
2024-07-08 23:00:00,20.3,6,84,6.9,0.0,0.0,0.0
2024-07-09 00:00:00,19.5,13,90,6.5,0.0,0.0,0.0
2024-07-09 01:00:00,19.0,5,93,7.4,0.0,0.0,0.0
2024-07-09 02:00:00,18.7,13,94,8.0,0.0,0.0,0.0
2024-07-09 03:00:00,18.3,1,95,8.1,0.0,0.0,0.0
2024-07-09 04:00:00,18.0,15,95,7.3,0.0,0.0,0.0
2024-07-09 05:00:00,17.9,48,95,7.8,0.0,0.0,0.0
2024-07-09 06:00:00,18.7,1,93,10.6,0.0,0.0,79.3
2024-07-09 07:00:00,20.1,9,90,9.6,0.0,0.0,211.0
2024-07-09 08:00:00,21.9,30,84,11.5,0.0,0.0,369.0
2024-07-09 09:00:00,23.8,76,75,13.9,0.0,0.0,473.0
2024-07-09 10:00:00,25.1,61,67,14.6,0.1,0.0,476.1
2024-07-09 11:00:00,26.2,52,61,14.7,0.1,0.0,657.3
2024-07-09 12:00:00,27.1,33,59,12.1,0.2,0.0,713.9
2024-07-09 13:00:00,27.9,44,57,9.7,0.1,0.0,764.8
2024-07-09 14:00:00,28.2,56,56,7.6,0.0,0.0,659.9
2024-07-09 15:00:00,29.5,61,50,11.4,0.0,0.0,668.6
2024-07-09 16:00:00,28.7,28,51,14.8,0.0,0.0,495.4
2024-07-09 17:00:00,28.7,42,53,12.1,0.0,0.0,404.2
2024-07-09 18:00:00,28.3,29,55,12.9,0.0,0.0,291.5
2024-07-09 19:00:00,27.9,47,57,12.4,0.0,0.0,177.2
2024-07-09 20:00:00,26.5,21,65,11.3,0.0,0.0,66.3
2024-07-09 21:00:00,24.7,19,73,9.9,0.0,0.0,0.0
2024-07-09 22:00:00,23.6,5,80,9.9,0.0,0.0,0.0
2024-07-09 23:00:00,22.8,2,84,11.5,0.0,0.0,0.0
2024-07-10 00:00:00,22.4,2,84,12.0,0.0,0.0,0.0
2024-07-10 01:00:00,22.0,1,84,10.7,0.0,0.0,0.0
2024-07-10 02:00:00,21.5,1,86,10.4,0.0,0.0,0.0
2024-07-10 03:00:00,21.9,0,89,10.7,0.0,0.0,0.0
2024-07-10 04:00:00,21.4,1,92,10.7,0.0,0.0,0.0
2024-07-10 05:00:00,21.0,0,93,9.0,0.0,0.0,0.0
2024-07-10 06:00:00,21.8,0,89,11.4,0.0,0.0,83.8
2024-07-10 07:00:00,23.6,0,83,9.3,0.0,0.0,215.4
2024-07-10 08:00:00,25.7,0,76,9.4,0.0,0.0,370.6
2024-07-10 09:00:00,27.8,0,67,9.8,0.0,0.0,523.9
2024-07-10 10:00:00,29.7,0,57,9.7,0.0,0.0,658.5
2024-07-10 11:00:00,31.2,13,47,7.9,0.0,0.0,761.7
2024-07-10 12:00:00,32.1,28,41,7.7,0.0,0.0,772.6
2024-07-10 13:00:00,32.9,39,37,9.7,0.0,0.0,767.8
2024-07-10 14:00:00,32.7,85,31,13.3,0.0,0.0,618.8
2024-07-10 15:00:00,30.2,99,51,23.4,0.0,0.0,368.3
2024-07-10 16:00:00,32.5,13,39,14.3,0.0,0.0,489.8
2024-07-10 17:00:00,33.1,50,35,13.3,0.0,0.0,471.2
2024-07-10 18:00:00,32.5,45,37,15.0,0.0,0.0,342.4
2024-07-10 19:00:00,31.1,63,47,9.8,0.0,0.0,138.3
2024-07-10 20:00:00,29.1,83,59,5.1,0.0,0.0,53.5
2024-07-10 21:00:00,27.3,41,62,5.9,0.0,0.0,0.0
2024-07-10 22:00:00,25.8,89,71,5.9,0.0,0.0,0.0
2024-07-10 23:00:00,23.9,100,79,19.6,0.8,0.0,0.0
2024-07-11 00:00:00,22.8,99,80,3.0,0.0,0.0,0.0
2024-07-11 01:00:00,21.8,32,87,7.2,0.0,0.0,0.0
2024-07-11 02:00:00,22.3,4,81,9.1,0.0,0.0,0.0
2024-07-11 03:00:00,21.2,100,86,14.9,0.0,0.0,0.0
2024-07-11 04:00:00,20.4,97,90,8.3,0.0,0.0,0.0
2024-07-11 05:00:00,20.2,98,92,10.3,1.3,0.0,0.0
2024-07-11 06:00:00,20.7,98,91,11.4,0.0,0.0,64.5
2024-07-11 07:00:00,21.6,100,87,8.0,0.0,0.0,178.8
2024-07-11 08:00:00,22.2,98,85,5.7,0.0,0.0,178.9
2024-07-11 09:00:00,24.9,18,73,6.9,0.0,0.0,419.3
2024-07-11 10:00:00,27.3,6,62,5.9,0.0,0.0,628.3
2024-07-11 11:00:00,28.9,10,53,4.5,0.0,0.0,750.2
2024-07-11 12:00:00,30.0,43,48,6.5,0.0,0.0,806.6
2024-07-11 13:00:00,30.7,28,47,8.3,0.0,0.0,796.0
2024-07-11 14:00:00,30.7,24,48,7.3,0.0,0.0,735.5
2024-07-11 15:00:00,25.6,88,67,3.8,0.7,0.0,163.6
2024-07-11 16:00:00,24.6,74,77,12.2,0.3,0.0,406.1
2024-07-11 17:00:00,26.3,21,66,6.2,0.0,0.0,369.9
2024-07-11 18:00:00,26.9,13,61,4.0,0.0,0.0,335.4
2024-07-11 19:00:00,26.7,16,59,5.8,0.0,0.0,189.0
2024-07-11 20:00:00,26.0,24,63,4.3,0.0,0.0,63.2
2024-07-11 21:00:00,23.8,13,76,6.6,0.0,0.0,0.0
2024-07-11 22:00:00,22.7,3,82,5.9,0.0,0.0,0.0
2024-07-11 23:00:00,22.0,56,89,6.1,0.0,0.0,0.0
2024-07-12 00:00:00,21.2,15,93,6.6,0.0,0.0,0.0
2024-07-12 01:00:00,20.6,19,95,5.3,0.0,0.0,0.0
2024-07-12 02:00:00,20.1,57,96,5.1,0.0,0.0,0.0
2024-07-12 03:00:00,18.7,86,98,6.8,0.0,0.0,0.0
2024-07-12 04:00:00,18.7,49,98,5.7,0.0,0.0,0.0
2024-07-12 05:00:00,18.4,92,98,6.3,0.0,0.0,0.0
2024-07-12 06:00:00,19.8,93,95,6.6,0.0,0.0,70.8
2024-07-12 07:00:00,21.6,100,87,6.6,0.0,0.0,199.2
2024-07-12 08:00:00,23.6,94,80,8.0,0.0,0.0,331.9
2024-07-12 09:00:00,25.3,94,73,8.0,0.0,0.0,462.4
2024-07-12 10:00:00,26.9,99,65,10.2,0.0,0.0,628.5
2024-07-12 11:00:00,28.4,99,56,12.1,0.0,0.0,727.2
2024-07-12 12:00:00,29.7,99,49,12.4,0.0,0.0,776.8
2024-07-12 13:00:00,30.3,96,45,14.2,0.0,0.0,607.3
2024-07-12 14:00:00,30.7,78,43,16.6,0.0,0.0,588.4
2024-07-12 15:00:00,30.0,99,50,15.1,0.0,0.0,495.4
2024-07-12 16:00:00,29.9,100,53,14.0,0.1,0.0,523.1
2024-07-12 17:00:00,30.2,100,48,16.8,0.0,0.0,358.2
2024-07-12 18:00:00,30.0,100,47,17.0,0.0,0.0,297.8
2024-07-12 19:00:00,28.9,100,55,16.4,0.0,0.0,128.7
2024-07-12 20:00:00,27.8,100,60,11.7,0.0,0.0,55.7
2024-07-12 21:00:00,26.7,100,64,10.4,0.0,0.0,0.0
2024-07-12 22:00:00,25.3,100,69,6.9,0.0,0.0,0.0
2024-07-12 23:00:00,23.1,100,80,18.2,0.5,0.0,0.0
2024-07-13 00:00:00,22.3,100,88,8.7,0.9,0.0,0.0
2024-07-13 01:00:00,22.2,100,87,9.8,0.5,0.0,0.0
2024-07-13 02:00:00,21.1,100,94,6.1,0.1,0.0,0.0
2024-07-13 03:00:00,19.0,100,94,4.3,0.0,0.0,0.0
2024-07-13 04:00:00,19.5,100,93,9.8,0.0,0.0,0.0
2024-07-13 05:00:00,19.5,86,93,8.6,0.0,0.0,0.0
2024-07-13 06:00:00,20.0,12,93,8.9,0.0,0.0,75.5
2024-07-13 07:00:00,20.9,40,89,12.8,0.0,0.0,179.7
2024-07-13 08:00:00,21.8,58,85,10.5,0.0,0.0,295.2
2024-07-13 09:00:00,22.6,28,81,10.0,0.1,0.0,398.3
2024-07-13 10:00:00,23.6,14,73,8.2,0.2,0.0,567.9
2024-07-13 11:00:00,24.9,15,64,8.6,0.0,0.0,706.2
2024-07-13 12:00:00,25.9,17,60,10.8,0.0,0.0,786.2
2024-07-13 13:00:00,26.5,29,57,13.7,0.0,0.0,796.0
2024-07-13 14:00:00,25.2,37,63,17.1,0.2,0.0,722.7
2024-07-13 15:00:00,24.7,89,63,10.1,0.1,0.0,579.5
2024-07-13 16:00:00,25.0,99,62,10.0,0.1,0.0,563.9
2024-07-13 17:00:00,24.8,23,63,9.1,0.0,0.0,455.6
2024-07-13 18:00:00,24.9,29,63,7.8,0.0,0.0,317.1
2024-07-13 19:00:00,24.4,27,63,8.9,0.0,0.0,178.4
2024-07-13 20:00:00,23.2,100,73,4.0,0.0,0.0,60.0
2024-07-13 21:00:00,21.5,45,80,5.8,0.0,0.0,0.0
2024-07-13 22:00:00,21.0,18,78,8.8,0.0,0.0,0.0
2024-07-13 23:00:00,20.1,99,78,10.7,0.0,0.0,0.0
2024-07-14 00:00:00,19.4,100,85,11.4,8.2,0.0,0.0
2024-07-14 01:00:00,19.1,100,89,12.6,2.8,0.0,0.0
2024-07-14 02:00:00,18.9,100,92,12.4,8.7,0.0,0.0
2024-07-14 03:00:00,19.0,100,91,16.7,0.8,0.0,0.0
2024-07-14 04:00:00,18.7,100,91,13.5,0.1,0.0,0.0
2024-07-14 05:00:00,17.9,100,93,16.6,0.6,0.0,0.0
2024-07-14 06:00:00,17.8,100,92,18.2,0.2,0.0,21.1
2024-07-14 07:00:00,17.8,100,89,17.1,0.0,0.0,60.1
2024-07-14 08:00:00,18.2,100,88,17.4,0.0,0.0,123.2
2024-07-14 09:00:00,19.1,100,85,15.5,0.0,0.0,251.8
2024-07-14 10:00:00,20.1,100,79,13.2,0.0,0.0,372.6
2024-07-14 11:00:00,20.9,100,76,11.0,0.0,0.0,317.3
2024-07-14 12:00:00,21.9,100,73,8.2,0.0,0.0,338.1
2024-07-14 13:00:00,22.5,100,73,6.9,0.2,0.0,388.5
2024-07-14 14:00:00,23.0,64,72,8.9,0.0,0.0,455.0
2024-07-14 15:00:00,24.9,100,63,9.4,0.0,0.0,612.0
2024-07-14 16:00:00,24.8,67,64,10.5,0.0,0.0,467.2
2024-07-14 17:00:00,24.2,19,66,12.6,0.0,0.0,237.1
2024-07-14 18:00:00,24.4,83,66,11.4,0.0,0.0,310.1
2024-07-14 19:00:00,24.3,99,68,8.0,0.0,0.0,173.5
2024-07-14 20:00:00,23.3,83,76,5.9,0.0,0.0,54.9
2024-07-14 21:00:00,21.5,30,81,9.2,0.0,0.0,0.0
2024-07-14 22:00:00,20.6,43,83,8.7,0.0,0.0,0.0
2024-07-14 23:00:00,19.9,100,86,9.3,0.0,0.0,0.0
2024-07-15 00:00:00,19.7,98,87,7.6,0.0,0.0,0.0
2024-07-15 01:00:00,19.1,100,92,5.8,0.0,0.0,0.0
2024-07-15 02:00:00,18.8,100,95,5.4,0.0,0.0,0.0
2024-07-15 03:00:00,18.5,95,98,8.1,0.0,0.0,0.0
2024-07-15 04:00:00,19.1,98,97,7.9,0.0,0.0,0.0
2024-07-15 05:00:00,19.2,63,97,7.5,0.0,0.0,0.0
2024-07-15 06:00:00,19.6,100,98,4.8,0.0,0.0,66.1
2024-07-15 07:00:00,20.2,100,97,4.3,0.0,0.0,76.3
2024-07-15 08:00:00,21.7,90,91,4.3,0.0,0.0,213.2
2024-07-15 09:00:00,23.5,17,81,1.8,0.0,0.0,453.0
2024-07-15 10:00:00,24.8,7,74,2.1,0.0,0.0,634.5
2024-07-15 11:00:00,26.1,1,62,1.1,0.0,0.0,758.2
2024-07-15 12:00:00,27.0,2,56,1.5,0.0,0.0,825.4
2024-07-15 13:00:00,27.6,46,53,1.8,0.0,0.0,846.3
2024-07-15 14:00:00,28.0,96,52,1.6,0.0,0.0,817.8
2024-07-15 15:00:00,28.7,25,53,1.5,0.0,0.0,717.1
2024-07-15 16:00:00,28.9,42,52,2.9,0.0,0.0,614.7
2024-07-15 17:00:00,28.9,21,52,3.1,0.0,0.0,473.2
2024-07-15 18:00:00,28.6,43,54,4.7,0.0,0.0,331.9
2024-07-15 19:00:00,27.6,5,61,7.0,0.0,0.0,187.7
2024-07-15 20:00:00,25.6,7,69,6.1,0.0,0.0,61.8
2024-07-15 21:00:00,23.6,6,72,6.6,0.0,0.0,0.0
2024-07-15 22:00:00,23.2,40,72,9.2,0.0,0.0,0.0
2024-07-15 23:00:00,22.5,30,77,8.5,0.0,0.0,0.0
2024-07-16 00:00:00,22.2,7,79,9.1,0.0,0.0,0.0
2024-07-16 01:00:00,22.2,5,76,10.4,0.0,0.0,0.0
2024-07-16 02:00:00,21.9,0,79,10.9,0.0,0.0,0.0
2024-07-16 03:00:00,21.6,0,86,11.3,0.0,0.0,0.0
2024-07-16 04:00:00,21.2,0,91,11.2,0.0,0.0,0.0
2024-07-16 05:00:00,20.9,0,93,10.1,0.0,0.0,0.0
2024-07-16 06:00:00,21.6,8,90,11.2,0.0,0.0,75.1
2024-07-16 07:00:00,23.4,41,85,10.0,0.0,0.0,197.3
2024-07-16 08:00:00,24.5,54,79,8.9,0.4,0.0,279.3
2024-07-16 09:00:00,25.1,86,78,4.8,1.9,0.0,335.7
2024-07-16 10:00:00,26.5,45,71,1.8,0.5,0.0,417.4
2024-07-16 11:00:00,28.3,100,63,2.8,0.0,0.0,584.3
2024-07-16 12:00:00,24.8,100,79,2.7,4.4,0.0,286.8
2024-07-16 13:00:00,26.5,100,75,5.5,0.1,0.0,567.2
2024-07-16 14:00:00,27.6,99,67,13.0,0.9,0.0,685.4
2024-07-16 15:00:00,28.5,80,55,7.6,0.0,0.0,531.6
2024-07-16 16:00:00,25.2,100,70,16.3,0.1,0.0,325.9
2024-07-16 17:00:00,24.8,100,76,11.5,0.0,0.0,277.2
2024-07-16 18:00:00,24.5,93,78,13.0,0.0,0.0,241.1
2024-07-16 19:00:00,23.9,97,82,15.9,0.0,0.0,146.1
2024-07-16 20:00:00,23.2,99,85,11.2,0.0,0.0,51.6
2024-07-16 21:00:00,22.1,15,91,8.8,0.0,0.0,0.0
2024-07-16 22:00:00,21.5,4,93,9.4,0.0,0.0,0.0
2024-07-16 23:00:00,20.9,3,95,8.3,0.0,0.0,0.0
2024-07-17 00:00:00,20.4,9,95,5.8,0.0,0.0,0.0
2024-07-17 01:00:00,19.9,2,97,6.2,0.0,0.0,0.0
2024-07-17 02:00:00,19.6,0,97,7.1,0.0,0.0,0.0
2024-07-17 03:00:00,19.6,14,92,7.2,0.0,0.0,0.0
2024-07-17 04:00:00,20.8,100,87,3.3,0.0,0.0,0.0
2024-07-17 05:00:00,20.0,93,90,5.4,0.0,0.0,0.0
2024-07-17 06:00:00,20.3,100,91,3.0,0.0,0.0,62.3
2024-07-17 07:00:00,21.6,92,88,3.4,0.0,0.0,164.2
2024-07-17 08:00:00,22.8,89,80,6.4,0.0,0.0,339.7
2024-07-17 09:00:00,23.8,100,69,10.7,0.0,0.0,467.1
2024-07-17 10:00:00,24.6,90,63,10.1,0.0,0.0,527.3
2024-07-17 11:00:00,25.5,61,59,9.4,0.0,0.0,676.2
2024-07-17 12:00:00,26.3,10,56,9.4,0.0,0.0,803.0
2024-07-17 13:00:00,27.0,12,54,10.2,0.0,0.0,823.3
2024-07-17 14:00:00,27.3,44,53,12.3,0.0,0.0,765.8
2024-07-17 15:00:00,26.8,54,49,14.0,0.0,0.0,710.3
2024-07-17 16:00:00,26.7,94,48,15.8,0.0,0.0,604.3
2024-07-17 17:00:00,24.1,98,58,18.1,0.6,0.0,318.2
2024-07-17 18:00:00,23.0,90,63,11.9,0.6,0.0,186.8
2024-07-17 19:00:00,22.1,84,70,15.7,0.0,0.0,95.4
2024-07-17 20:00:00,20.2,100,76,18.7,0.0,0.0,32.0
2024-07-17 21:00:00,19.2,99,79,19.8,0.1,0.0,0.0
2024-07-17 22:00:00,18.5,96,84,15.1,2.3,0.0,0.0
2024-07-17 23:00:00,18.4,98,85,9.7,0.9,0.0,0.0
2024-07-18 00:00:00,18.3,68,82,9.7,0.1,0.0,0.0
2024-07-18 01:00:00,18.0,89,81,6.0,0.0,0.0,0.0
2024-07-18 02:00:00,17.6,53,84,3.0,0.0,0.0,0.0
2024-07-18 03:00:00,17.5,1,91,6.8,0.0,0.0,0.0
2024-07-18 04:00:00,16.9,2,92,5.6,0.0,0.0,0.0
2024-07-18 05:00:00,16.9,0,91,5.6,0.0,0.0,0.0
2024-07-18 06:00:00,17.6,1,91,3.7,0.0,0.0,71.7
2024-07-18 07:00:00,18.8,6,87,4.6,0.0,0.0,198.5
2024-07-18 08:00:00,20.2,4,81,3.6,0.0,0.0,354.5
2024-07-18 09:00:00,21.8,11,73,4.7,0.0,0.0,512.7
2024-07-18 10:00:00,22.9,19,65,5.1,0.2,0.0,609.1
2024-07-18 11:00:00,23.6,27,60,5.4,0.1,0.0,669.0
2024-07-18 12:00:00,24.2,77,58,5.6,0.2,0.0,746.5
2024-07-18 13:00:00,24.6,94,57,7.4,0.2,0.0,737.0
2024-07-18 14:00:00,24.8,69,56,9.0,0.1,0.0,621.6
2024-07-18 15:00:00,25.7,66,49,9.3,0.0,0.0,608.9
2024-07-18 16:00:00,25.2,75,52,10.0,0.0,0.0,490.9
2024-07-18 17:00:00,25.1,34,52,8.8,0.0,0.0,396.6
2024-07-18 18:00:00,25.1,27,51,7.1,0.0,0.0,309.9
2024-07-18 19:00:00,24.7,72,53,6.4,0.0,0.0,166.7
2024-07-18 20:00:00,23.4,98,64,4.3,0.0,0.0,54.9
2024-07-18 21:00:00,21.4,100,73,7.1,0.0,0.0,0.0
2024-07-18 22:00:00,21.4,99,71,4.7,0.0,0.0,0.0
2024-07-18 23:00:00,21.3,85,65,11.2,0.0,0.0,0.0
2024-07-19 00:00:00,20.2,87,62,14.3,0.0,0.0,0.0
2024-07-19 01:00:00,19.1,99,65,12.9,0.0,0.0,0.0
2024-07-19 02:00:00,18.4,100,68,12.5,0.0,0.0,0.0
2024-07-19 03:00:00,18.3,98,73,12.7,0.0,0.0,0.0
2024-07-19 04:00:00,17.8,100,75,11.2,0.0,0.0,0.0
2024-07-19 05:00:00,17.5,100,77,10.0,0.0,0.0,0.0
2024-07-19 06:00:00,18.0,100,77,8.1,0.0,0.0,48.1
2024-07-19 07:00:00,19.0,100,75,6.0,0.0,0.0,143.6
2024-07-19 08:00:00,20.2,100,72,6.3,0.0,0.0,262.3
2024-07-19 09:00:00,21.6,100,67,6.3,0.0,0.0,394.1
2024-07-19 10:00:00,23.0,100,60,7.6,0.0,0.0,537.5
2024-07-19 11:00:00,24.0,100,55,7.3,0.0,0.0,655.4
2024-07-19 12:00:00,24.7,100,53,6.4,0.0,0.0,654.0
2024-07-19 13:00:00,25.0,99,51,7.9,0.0,0.0,581.4
2024-07-19 14:00:00,25.4,38,49,8.9,0.0,0.0,678.5
2024-07-19 15:00:00,26.3,35,45,10.2,0.0,0.0,659.5
2024-07-19 16:00:00,26.3,32,43,9.9,0.0,0.0,544.6
2024-07-19 17:00:00,26.2,52,43,10.1,0.0,0.0,449.1
2024-07-19 18:00:00,25.7,38,44,9.2,0.0,0.0,298.7
2024-07-19 19:00:00,25.2,12,49,7.4,0.0,0.0,165.6
2024-07-19 20:00:00,23.4,26,57,7.4,0.0,0.0,53.7
2024-07-19 21:00:00,21.7,28,62,8.1,0.0,0.0,0.0
2024-07-19 22:00:00,20.7,88,65,8.6,0.0,0.0,0.0
2024-07-19 23:00:00,19.9,93,65,10.1,0.0,0.0,0.0
2024-07-20 00:00:00,19.7,57,62,11.2,0.0,0.0,0.0
2024-07-20 01:00:00,18.7,44,67,9.1,0.0,0.0,0.0
2024-07-20 02:00:00,17.9,7,74,8.1,0.0,0.0,0.0
2024-07-20 03:00:00,17.2,53,86,7.3,0.0,0.0,0.0
2024-07-20 04:00:00,16.6,100,87,12.0,0.0,0.0,0.0
2024-07-20 05:00:00,16.6,4,83,10.6,0.0,0.0,0.0
2024-07-20 06:00:00,17.2,93,80,12.0,0.0,0.0,70.5
2024-07-20 07:00:00,18.9,100,77,9.7,0.0,0.0,201.2
2024-07-20 08:00:00,20.7,100,72,9.4,0.0,0.0,337.4
2024-07-20 09:00:00,22.6,100,66,9.6,0.0,0.0,491.8
2024-07-20 10:00:00,23.9,100,59,10.7,0.0,0.0,609.5
2024-07-20 11:00:00,24.9,100,52,10.9,0.0,0.0,642.9
2024-07-20 12:00:00,25.7,100,48,10.8,0.0,0.0,728.2
2024-07-20 13:00:00,26.1,100,45,11.3,0.0,0.0,719.0
2024-07-20 14:00:00,26.2,100,44,11.7,0.0,0.0,615.7
2024-07-20 15:00:00,25.9,100,44,10.5,0.0,0.0,475.0
2024-07-20 16:00:00,26.1,100,42,9.8,0.0,0.0,413.7
2024-07-20 17:00:00,26.0,100,39,10.7,0.0,0.0,309.7
2024-07-20 18:00:00,25.9,100,39,9.8,0.0,0.0,232.6
2024-07-20 19:00:00,24.9,100,50,6.8,0.0,0.0,106.8
2024-07-20 20:00:00,23.6,100,57,6.2,0.0,0.0,32.5
2024-07-20 21:00:00,21.9,100,62,6.3,0.0,0.0,0.0
2024-07-20 22:00:00,21.3,100,63,5.8,0.0,0.0,0.0
2024-07-20 23:00:00,20.3,98,68,6.6,0.0,0.0,0.0
2024-07-21 00:00:00,19.6,99,72,7.1,0.0,0.0,0.0
2024-07-21 01:00:00,18.9,99,74,6.9,0.0,0.0,0.0
2024-07-21 02:00:00,17.8,100,77,7.0,0.0,0.0,0.0
2024-07-21 03:00:00,16.6,100,85,7.6,0.0,0.0,0.0
2024-07-21 04:00:00,17.2,100,82,6.1,0.0,0.0,0.0
2024-07-21 05:00:00,17.2,100,82,5.2,0.0,0.0,0.0
2024-07-21 06:00:00,18.1,100,79,8.2,0.0,0.0,45.8
2024-07-21 07:00:00,19.8,100,74,9.3,0.0,0.0,136.4
2024-07-21 08:00:00,21.6,100,68,8.9,0.0,0.0,276.3
2024-07-21 09:00:00,23.5,100,59,9.7,0.0,0.0,420.7
2024-07-21 10:00:00,24.7,98,55,8.9,0.0,0.0,520.5
2024-07-21 11:00:00,25.9,90,51,7.4,0.0,0.0,695.8
2024-07-21 12:00:00,26.5,96,49,6.8,0.0,0.0,671.7
2024-07-21 13:00:00,27.2,42,45,5.1,0.0,0.0,734.0
2024-07-21 14:00:00,27.8,56,42,5.8,0.0,0.0,653.9
2024-07-21 15:00:00,28.4,38,36,9.3,0.0,0.0,645.0
2024-07-21 16:00:00,28.5,7,35,10.8,0.0,0.0,581.4
2024-07-21 17:00:00,28.0,9,35,10.5,0.0,0.0,447.8
2024-07-21 18:00:00,27.5,16,37,5.7,0.0,0.0,301.4
2024-07-21 19:00:00,27.1,28,43,5.4,0.0,0.0,159.4
2024-07-21 20:00:00,25.0,10,63,5.0,0.0,0.0,45.9
2024-07-21 21:00:00,22.8,1,67,6.4,0.0,0.0,0.0
2024-07-21 22:00:00,22.0,0,66,8.4,0.0,0.0,0.0
2024-07-21 23:00:00,21.4,0,68,9.5,0.0,0.0,0.0
2024-07-22 00:00:00,20.8,0,71,9.2,0.0,0.0,0.0
2024-07-22 01:00:00,20.2,0,75,8.4,0.0,0.0,0.0
2024-07-22 02:00:00,18.8,0,83,7.6,0.0,0.0,0.0
2024-07-22 03:00:00,18.2,0,90,6.1,0.0,0.0,0.0
2024-07-22 04:00:00,17.3,0,93,7.4,0.0,0.0,0.0
2024-07-22 05:00:00,18.7,0,88,2.9,0.0,0.0,0.0
2024-07-22 06:00:00,18.5,5,90,2.9,0.0,0.0,67.0
2024-07-22 07:00:00,20.7,1,82,7.6,0.0,0.0,195.9
2024-07-22 08:00:00,23.0,3,73,7.8,0.0,0.0,355.2
2024-07-22 09:00:00,24.8,6,66,7.0,0.0,0.0,511.8
2024-07-22 10:00:00,26.3,72,59,5.6,0.0,0.0,642.7
2024-07-22 11:00:00,27.3,74,50,3.1,0.0,0.0,725.5
2024-07-22 12:00:00,28.0,61,45,1.8,0.0,0.0,755.1
2024-07-22 13:00:00,28.7,42,43,1.1,0.0,0.0,762.2
2024-07-22 14:00:00,29.3,34,41,1.4,0.0,0.0,791.1
2024-07-22 15:00:00,29.9,42,37,8.9,0.0,0.0,696.5
2024-07-22 16:00:00,30.3,21,34,6.9,0.0,0.0,588.6
2024-07-22 17:00:00,28.9,100,41,15.5,0.0,0.0,442.2
2024-07-22 18:00:00,27.1,93,51,18.0,0.0,0.0,243.9
2024-07-22 19:00:00,26.3,100,52,20.7,0.0,0.0,154.4
2024-07-22 20:00:00,24.4,100,58,17.1,0.0,0.0,33.6
2024-07-22 21:00:00,23.3,100,66,15.5,0.0,0.0,0.0
2024-07-22 22:00:00,22.6,99,76,13.8,0.0,0.0,0.0
2024-07-22 23:00:00,21.5,93,83,12.7,0.0,0.0,0.0
2024-07-23 00:00:00,20.9,100,84,11.6,0.0,0.0,0.0
2024-07-23 01:00:00,20.4,70,87,7.1,0.2,0.0,0.0
2024-07-23 02:00:00,19.7,47,91,11.5,1.0,0.0,0.0
2024-07-23 03:00:00,19.6,37,89,10.5,0.0,0.0,0.0
2024-07-23 04:00:00,18.8,23,91,10.4,0.0,0.0,0.0
2024-07-23 05:00:00,18.0,16,93,7.1,0.0,0.0,0.0
2024-07-23 06:00:00,18.2,18,92,10.0,0.0,0.0,57.1
2024-07-23 07:00:00,19.1,30,85,13.5,0.0,0.0,160.9
2024-07-23 08:00:00,20.1,21,79,12.7,0.0,0.0,273.4
2024-07-23 09:00:00,21.3,34,71,13.6,0.0,0.0,471.2
2024-07-23 10:00:00,22.1,35,65,13.6,0.0,0.0,610.3
2024-07-23 11:00:00,22.8,88,61,13.5,0.0,0.0,685.5
2024-07-23 12:00:00,23.5,100,57,14.8,0.0,0.0,750.0
2024-07-23 13:00:00,24.1,96,53,15.8,0.0,0.0,705.0
2024-07-23 14:00:00,24.8,89,49,15.8,0.0,0.0,732.3
2024-07-23 15:00:00,25.0,100,45,14.6,0.0,0.0,483.3
2024-07-23 16:00:00,24.9,100,46,13.6,0.0,0.0,472.6
2024-07-23 17:00:00,24.4,100,48,11.5,0.0,0.0,263.7
2024-07-23 18:00:00,24.5,88,46,10.0,0.0,0.0,232.7
2024-07-23 19:00:00,24.1,36,47,10.7,0.0,0.0,148.7
2024-07-23 20:00:00,22.5,12,57,5.2,0.0,0.0,44.9
2024-07-23 21:00:00,20.4,6,66,7.9,0.0,0.0,0.0
2024-07-23 22:00:00,19.5,5,70,6.2,0.0,0.0,0.0
2024-07-23 23:00:00,19.4,1,71,5.9,0.0,0.0,0.0
2024-07-24 00:00:00,18.5,1,74,7.1,0.0,0.0,0.0
2024-07-24 01:00:00,18.1,16,75,6.1,0.0,0.0,0.0
2024-07-24 02:00:00,17.5,100,78,5.5,0.0,0.0,0.0
2024-07-24 03:00:00,16.1,100,89,6.2,0.0,0.0,0.0
2024-07-24 04:00:00,15.6,99,91,9.0,0.0,0.0,0.0
2024-07-24 05:00:00,17.0,100,83,5.2,0.0,0.0,0.0
2024-07-24 06:00:00,17.3,100,84,1.1,0.0,0.0,51.5
2024-07-24 07:00:00,18.6,99,80,5.4,0.0,0.0,95.3
2024-07-24 08:00:00,19.0,100,77,15.9,0.3,0.0,227.8
2024-07-24 09:00:00,17.6,100,90,10.6,4.1,0.0,150.0
2024-07-24 10:00:00,17.3,100,91,10.2,1.7,0.0,40.3
2024-07-24 11:00:00,17.5,99,91,9.0,1.5,0.0,59.2
2024-07-24 12:00:00,19.5,98,83,9.4,1.5,0.0,407.5
2024-07-24 13:00:00,20.6,100,79,11.0,0.5,0.0,518.2
2024-07-24 14:00:00,21.6,100,69,13.8,0.6,0.0,486.2
2024-07-24 15:00:00,21.2,99,68,12.4,0.0,0.0,518.6
2024-07-24 16:00:00,22.0,76,63,14.7,0.0,0.0,516.9
2024-07-24 17:00:00,19.5,86,74,14.8,2.5,0.0,448.8
2024-07-24 18:00:00,19.7,9,73,16.3,0.1,0.0,229.9
2024-07-24 19:00:00,19.5,54,71,18.1,0.6,0.0,161.0
2024-07-24 20:00:00,18.6,13,79,12.5,0.0,0.0,35.5
2024-07-24 21:00:00,17.4,8,86,10.6,0.0,0.0,0.0
2024-07-24 22:00:00,16.8,71,88,11.5,0.3,0.0,0.0
2024-07-24 23:00:00,16.5,59,90,7.3,0.1,0.0,0.0
2024-07-25 00:00:00,16.0,98,93,7.6,0.1,0.0,0.0
2024-07-25 01:00:00,15.9,100,93,10.5,0.0,0.0,0.0
2024-07-25 02:00:00,15.6,100,92,13.1,0.0,0.0,0.0
2024-07-25 03:00:00,15.0,55,94,11.5,0.0,0.0,0.0
2024-07-25 04:00:00,14.6,43,96,9.3,0.1,0.0,0.0
2024-07-25 05:00:00,14.5,100,96,13.9,0.2,0.0,0.0
2024-07-25 06:00:00,14.9,83,93,16.1,0.0,0.0,38.4
2024-07-25 07:00:00,15.4,100,91,18.4,0.0,0.0,128.9
2024-07-25 08:00:00,16.6,38,82,18.7,0.0,0.0,218.4
2024-07-25 09:00:00,18.0,16,73,16.3,0.0,0.0,384.4
2024-07-25 10:00:00,19.5,13,61,17.3,0.0,0.0,612.9
2024-07-25 11:00:00,20.5,15,54,17.1,0.0,0.0,723.9
2024-07-25 12:00:00,21.1,24,50,16.6,0.1,0.0,761.5
2024-07-25 13:00:00,21.7,32,48,15.5,0.0,0.0,733.1
2024-07-25 14:00:00,22.2,29,46,15.1,0.0,0.0,720.4
2024-07-25 15:00:00,22.5,12,43,15.1,0.0,0.0,698.0
2024-07-25 16:00:00,22.5,17,44,15.9,0.0,0.0,600.1
2024-07-25 17:00:00,22.0,21,45,15.6,0.0,0.0,455.6
2024-07-25 18:00:00,21.8,45,46,14.4,0.0,0.0,310.9
2024-07-25 19:00:00,21.1,82,47,13.8,0.0,0.0,147.7
2024-07-25 20:00:00,20.0,27,55,10.2,0.0,0.0,37.3
2024-07-25 21:00:00,18.2,45,61,9.2,0.0,0.0,0.0
2024-07-25 22:00:00,16.9,100,67,7.7,0.0,0.0,0.0
2024-07-25 23:00:00,15.6,100,75,6.5,0.0,0.0,0.0
2024-07-26 00:00:00,14.6,94,81,7.9,0.0,0.0,0.0
2024-07-26 01:00:00,14.1,53,84,8.2,0.0,0.0,0.0
2024-07-26 02:00:00,13.4,3,86,8.4,0.0,0.0,0.0
2024-07-26 03:00:00,13.0,35,90,8.7,0.0,0.0,0.0
2024-07-26 04:00:00,14.4,25,85,1.6,0.0,0.0,0.0
2024-07-26 05:00:00,12.3,43,93,3.7,0.0,0.0,0.0
2024-07-26 06:00:00,13.5,21,92,2.4,0.0,0.0,59.1
2024-07-26 07:00:00,15.8,35,85,2.9,0.0,0.0,189.4
2024-07-26 08:00:00,18.3,35,70,2.6,0.0,0.0,350.0
2024-07-26 09:00:00,20.0,3,58,1.4,0.0,0.0,508.7
2024-07-26 10:00:00,21.3,64,50,2.2,0.0,0.0,657.9
2024-07-26 11:00:00,22.0,17,47,3.3,0.0,0.0,713.5
2024-07-26 12:00:00,22.9,78,44,4.6,0.0,0.0,792.5
2024-07-26 13:00:00,23.5,37,43,2.9,0.0,0.0,828.5
2024-07-26 14:00:00,24.2,60,42,3.6,0.0,0.0,801.7
2024-07-26 15:00:00,24.4,7,41,5.4,0.0,0.0,733.2
2024-07-26 16:00:00,24.7,1,40,6.6,0.0,0.0,630.4
2024-07-26 17:00:00,24.9,11,39,6.1,0.0,0.0,493.6
2024-07-26 18:00:00,25.0,100,39,4.3,0.0,0.0,330.6
2024-07-26 19:00:00,24.0,100,45,6.4,0.0,0.0,110.8
2024-07-26 20:00:00,22.2,100,51,11.2,0.0,0.0,19.5
2024-07-26 21:00:00,21.6,100,45,10.7,0.0,0.0,0.0
2024-07-26 22:00:00,21.0,100,48,5.8,0.0,0.0,0.0
2024-07-26 23:00:00,20.5,100,52,7.6,0.0,0.0,0.0
2024-07-27 00:00:00,20.5,100,47,9.7,0.0,0.0,0.0
2024-07-27 01:00:00,20.4,100,43,10.7,0.0,0.0,0.0
2024-07-27 02:00:00,20.1,82,43,10.7,0.0,0.0,0.0
2024-07-27 03:00:00,17.2,0,68,6.6,0.0,0.0,0.0
2024-07-27 04:00:00,16.8,48,71,6.8,0.0,0.0,0.0
2024-07-27 05:00:00,16.4,4,77,6.9,0.0,0.0,0.0
2024-07-27 06:00:00,17.2,23,80,8.4,0.0,0.0,55.7
2024-07-27 07:00:00,19.7,31,73,9.4,0.0,0.0,180.5
2024-07-27 08:00:00,22.3,83,64,7.6,0.0,0.0,338.4
2024-07-27 09:00:00,24.5,95,53,9.0,0.0,0.0,487.5
2024-07-27 10:00:00,26.3,100,43,10.9,0.0,0.0,614.5
2024-07-27 11:00:00,27.0,100,42,10.8,0.0,0.0,584.7
2024-07-27 12:00:00,28.1,22,39,11.1,0.0,0.0,721.5
2024-07-27 13:00:00,29.1,97,37,12.5,0.0,0.0,814.5
2024-07-27 14:00:00,30.1,100,34,12.9,0.0,0.0,764.4
2024-07-27 15:00:00,30.2,88,34,14.5,0.0,0.0,438.1
2024-07-27 16:00:00,30.0,79,35,14.7,0.0,0.0,314.6
2024-07-27 17:00:00,29.8,99,37,13.2,0.0,0.0,321.7
2024-07-27 18:00:00,29.6,99,39,13.2,0.1,0.0,219.0
2024-07-27 19:00:00,28.0,60,52,8.0,0.2,0.0,103.0
2024-07-27 20:00:00,26.2,50,66,5.5,0.0,0.0,31.8
2024-07-27 21:00:00,24.6,86,64,4.9,0.0,0.0,0.0
2024-07-27 22:00:00,23.9,57,66,4.9,0.0,0.0,0.0
2024-07-27 23:00:00,23.8,99,64,10.8,0.0,0.0,0.0
2024-07-28 00:00:00,23.3,80,60,13.0,0.0,0.0,0.0
2024-07-28 01:00:00,23.4,26,56,14.1,0.0,0.0,0.0
2024-07-28 02:00:00,23.4,85,55,15.0,0.0,0.0,0.0
2024-07-28 03:00:00,23.2,100,60,15.6,0.8,0.0,0.0
2024-07-28 04:00:00,22.1,100,68,9.4,0.0,0.0,0.0
2024-07-28 05:00:00,21.2,100,72,10.3,0.0,0.0,0.0
2024-07-28 06:00:00,22.4,100,61,15.6,0.0,0.0,44.3
2024-07-28 07:00:00,23.8,100,53,19.2,0.0,0.0,102.6
2024-07-28 08:00:00,24.7,100,52,23.0,0.0,0.0,170.7
2024-07-28 09:00:00,25.1,100,51,25.4,0.0,0.0,223.4
2024-07-28 10:00:00,24.4,96,64,26.1,1.4,0.0,402.9
2024-07-28 11:00:00,22.3,97,81,17.7,3.4,0.0,315.1
2024-07-28 12:00:00,22.4,100,76,29.6,3.4,0.0,449.9
2024-07-28 13:00:00,22.7,100,74,28.6,0.2,0.0,306.3
2024-07-28 14:00:00,23.4,43,56,30.8,0.0,0.0,403.7
2024-07-28 15:00:00,18.9,18,73,26.0,0.3,0.0,124.1
2024-07-28 16:00:00,21.3,34,59,28.8,0.0,0.0,540.2
2024-07-28 17:00:00,20.9,13,58,29.1,0.0,0.0,421.0
2024-07-28 18:00:00,20.5,5,53,26.0,0.0,0.0,312.9
2024-07-28 19:00:00,19.6,1,56,19.6,0.0,0.0,162.3
2024-07-28 20:00:00,18.7,5,61,15.8,0.0,0.0,39.8
2024-07-28 21:00:00,17.4,0,68,12.5,0.0,0.0,0.0
2024-07-28 22:00:00,16.5,0,72,11.2,0.0,0.0,0.0
2024-07-28 23:00:00,16.0,0,74,13.7,0.0,0.0,0.0
2024-07-29 00:00:00,15.7,0,72,13.7,0.0,0.0,0.0
2024-07-29 01:00:00,14.9,0,75,10.2,0.0,0.0,0.0
2024-07-29 02:00:00,14.2,0,79,9.8,0.0,0.0,0.0
2024-07-29 03:00:00,13.4,0,83,10.8,0.0,0.0,0.0
2024-07-29 04:00:00,13.2,0,83,12.2,0.0,0.0,0.0
2024-07-29 05:00:00,13.0,1,85,12.7,0.0,0.0,0.0
2024-07-29 06:00:00,13.4,0,84,13.6,0.0,0.0,53.6
2024-07-29 07:00:00,14.8,0,80,13.0,0.0,0.0,180.8
2024-07-29 08:00:00,16.4,0,73,16.2,0.0,0.0,343.2
2024-07-29 09:00:00,18.0,0,67,19.3,0.0,0.0,505.3
2024-07-29 10:00:00,19.3,8,56,25.1,0.0,0.0,647.8
2024-07-29 11:00:00,20.5,39,50,26.6,0.0,0.0,735.1
2024-07-29 12:00:00,21.3,56,44,25.6,0.0,0.0,744.3
2024-07-29 13:00:00,21.7,5,44,24.7,0.0,0.0,726.1
2024-07-29 14:00:00,22.4,68,40,25.5,0.0,0.0,751.5
2024-07-29 15:00:00,22.0,41,42,22.7,0.0,0.0,530.5
2024-07-29 16:00:00,22.3,47,40,22.7,0.0,0.0,538.2
2024-07-29 17:00:00,22.1,41,39,21.7,0.0,0.0,414.4
2024-07-29 18:00:00,21.7,81,40,20.2,0.0,0.0,275.0
2024-07-29 19:00:00,20.9,72,42,17.4,0.0,0.0,152.1
2024-07-29 20:00:00,19.6,74,46,14.5,0.0,0.0,31.0
2024-07-29 21:00:00,18.4,2,51,12.2,0.0,0.0,0.0
2024-07-29 22:00:00,17.0,1,56,10.2,0.0,0.0,0.0
2024-07-29 23:00:00,16.0,0,62,9.2,0.0,0.0,0.0
2024-07-30 00:00:00,15.3,0,66,8.7,0.0,0.0,0.0
2024-07-30 01:00:00,14.6,5,71,7.9,0.0,0.0,0.0
2024-07-30 02:00:00,14.1,1,74,8.1,0.0,0.0,0.0
2024-07-30 03:00:00,13.7,17,80,8.0,0.0,0.0,0.0
2024-07-30 04:00:00,13.0,2,85,6.9,0.0,0.0,0.0
2024-07-30 05:00:00,12.3,1,90,6.1,0.0,0.0,0.0
2024-07-30 06:00:00,12.7,0,89,6.4,0.0,0.0,52.5
2024-07-30 07:00:00,14.5,0,82,7.3,0.0,0.0,178.9
2024-07-30 08:00:00,16.5,1,75,7.1,0.0,0.0,340.1
2024-07-30 09:00:00,18.3,0,66,6.9,0.0,0.0,501.2
2024-07-30 10:00:00,19.8,0,57,9.0,0.0,0.0,645.9
2024-07-30 11:00:00,21.0,0,52,9.4,0.0,0.0,755.4
2024-07-30 12:00:00,22.0,2,48,10.8,0.0,0.0,824.7
2024-07-30 13:00:00,22.8,1,45,9.7,0.0,0.0,841.6
2024-07-30 14:00:00,23.4,3,43,10.3,0.0,0.0,814.2
2024-07-30 15:00:00,24.0,0,40,10.9,0.0,0.0,742.1
2024-07-30 16:00:00,24.2,0,39,9.7,0.0,0.0,627.6
2024-07-30 17:00:00,24.2,0,39,9.4,0.0,0.0,485.9
2024-07-30 18:00:00,24.0,0,39,9.0,0.0,0.0,326.1
2024-07-30 19:00:00,23.4,0,41,6.8,0.0,0.0,167.6
2024-07-30 20:00:00,20.6,0,61,7.3,0.0,0.0,36.6
2024-07-30 21:00:00,20.3,0,54,5.4,0.0,0.0,0.0
2024-07-30 22:00:00,20.3,2,53,2.6,0.0,0.0,0.0
2024-07-30 23:00:00,19.2,0,59,1.4,0.0,0.0,0.0
2024-07-31 00:00:00,17.1,0,67,5.4,0.0,0.0,0.0
2024-07-31 01:00:00,15.3,0,76,8.1,0.0,0.0,0.0
2024-07-31 02:00:00,14.7,0,80,8.4,0.0,0.0,0.0
2024-07-31 03:00:00,13.5,0,87,9.7,0.0,0.0,0.0
2024-07-31 04:00:00,13.3,0,87,8.9,0.0,0.0,0.0
2024-07-31 05:00:00,12.8,1,88,9.0,0.0,0.0,0.0
2024-07-31 06:00:00,14.3,2,82,5.4,0.0,0.0,51.3
2024-07-31 07:00:00,17.0,0,71,7.2,0.0,0.0,172.7
2024-07-31 08:00:00,19.8,0,63,5.1,0.0,0.0,332.1
2024-07-31 09:00:00,22.4,1,54,6.8,0.0,0.0,491.3
2024-07-31 10:00:00,24.6,1,46,9.0,0.0,0.0,629.8
2024-07-31 11:00:00,26.3,8,39,9.9,0.0,0.0,737.6
2024-07-31 12:00:00,27.6,41,33,9.4,0.0,0.0,803.2
2024-07-31 13:00:00,28.5,43,31,9.4,0.0,0.0,819.5
2024-07-31 14:00:00,29.1,95,30,10.7,0.0,0.0,792.5
2024-07-31 15:00:00,29.3,100,29,11.6,0.0,0.0,706.7
2024-07-31 16:00:00,29.5,100,29,10.6,0.0,0.0,568.2
2024-07-31 17:00:00,29.2,100,30,10.4,0.0,0.0,401.4
2024-07-31 18:00:00,28.9,96,31,11.4,0.0,0.0,283.2
2024-07-31 19:00:00,27.7,42,36,8.7,0.0,0.0,151.5
2024-07-31 20:00:00,24.6,18,49,7.0,0.0,0.0,31.5
2024-07-31 21:00:00,22.3,90,53,9.4,0.0,0.0,0.0
2024-07-31 22:00:00,21.9,99,51,8.4,0.0,0.0,0.0
2024-07-31 23:00:00,21.5,99,54,5.8,0.0,0.0,0.0
2024-08-01 00:00:00,21.0,98,59,6.0,0.0,0.0,0.0
2024-08-01 01:00:00,19.4,95,67,6.5,0.0,0.0,0.0
2024-08-01 02:00:00,18.4,99,71,6.6,0.0,0.0,0.0
2024-08-01 03:00:00,18.1,100,75,4.3,0.0,0.0,0.0
2024-08-01 04:00:00,18.0,100,75,5.0,0.0,0.0,0.0
2024-08-01 05:00:00,17.4,100,79,6.7,0.0,0.0,0.0
2024-08-01 06:00:00,18.3,100,74,4.2,0.0,0.0,26.5
2024-08-01 07:00:00,19.3,100,68,5.4,0.0,0.0,96.1
2024-08-01 08:00:00,20.4,100,65,5.2,0.0,0.0,124.0
2024-08-01 09:00:00,20.2,100,69,7.9,0.4,0.0,102.9
2024-08-01 10:00:00,21.3,100,65,2.1,0.1,0.0,205.6
2024-08-01 11:00:00,19.9,100,78,7.5,1.0,0.0,131.3
2024-08-01 12:00:00,19.5,100,87,12.4,1.8,0.0,128.7
2024-08-01 13:00:00,19.2,100,90,6.9,1.9,0.0,107.5
2024-08-01 14:00:00,19.8,100,85,4.8,0.4,0.0,146.9
2024-08-01 15:00:00,20.6,1,78,6.6,0.0,0.0,182.1
2024-08-01 16:00:00,22.3,2,69,10.6,0.0,0.0,508.8
2024-08-01 17:00:00,23.0,4,64,8.5,0.0,0.0,453.3
2024-08-01 18:00:00,23.2,0,63,5.9,0.0,0.0,301.8
2024-08-01 19:00:00,22.8,1,65,3.8,0.0,0.0,153.0
2024-08-01 20:00:00,22.1,3,68,1.3,0.0,0.0,29.9
2024-08-01 21:00:00,21.1,69,72,0.8,0.0,0.0,0.0
2024-08-01 22:00:00,20.3,43,77,1.8,0.0,0.0,0.0
2024-08-01 23:00:00,19.7,100,80,2.4,0.0,0.0,0.0
2024-08-02 00:00:00,19.1,73,83,3.6,0.0,0.0,0.0
2024-08-02 01:00:00,18.6,91,86,0.5,0.0,0.0,0.0
2024-08-02 02:00:00,17.9,100,90,1.9,0.0,0.0,0.0
2024-08-02 03:00:00,15.5,100,98,2.3,0.0,0.0,0.0
2024-08-02 04:00:00,15.0,100,99,3.9,0.0,0.0,0.0
2024-08-02 05:00:00,15.4,100,98,5.6,0.0,0.0,0.0
2024-08-02 06:00:00,15.9,100,98,6.1,0.0,0.0,33.5
2024-08-02 07:00:00,16.7,100,97,4.4,0.0,0.0,106.8
2024-08-02 08:00:00,18.6,97,91,3.4,0.0,0.0,212.8
2024-08-02 09:00:00,21.8,100,75,5.6,0.0,0.0,433.8
2024-08-02 10:00:00,23.9,100,64,7.6,0.0,0.0,554.8
2024-08-02 11:00:00,25.4,100,54,9.3,0.0,0.0,670.2
2024-08-02 12:00:00,26.3,100,47,9.0,0.0,0.0,705.5
2024-08-02 13:00:00,26.2,100,48,8.5,0.0,0.0,522.2
2024-08-02 14:00:00,25.9,100,50,8.8,0.0,0.0,347.7
2024-08-02 15:00:00,26.8,100,46,7.1,0.0,0.0,606.2
2024-08-02 16:00:00,26.5,100,46,7.0,0.0,0.0,414.5
2024-08-02 17:00:00,26.1,100,47,4.6,0.0,0.0,328.2
2024-08-02 18:00:00,25.8,100,49,8.4,0.0,0.0,172.1
2024-08-02 19:00:00,24.1,100,60,10.7,0.7,0.0,59.9
2024-08-02 20:00:00,22.1,100,73,8.3,0.0,0.0,9.3
2024-08-02 21:00:00,20.2,100,84,7.9,0.0,0.0,0.0
2024-08-02 22:00:00,19.5,100,87,1.1,0.2,0.0,0.0
2024-08-02 23:00:00,19.1,100,90,6.7,0.4,0.0,0.0
2024-08-03 00:00:00,18.4,100,94,4.3,0.4,0.0,0.0
2024-08-03 01:00:00,18.4,100,93,4.3,0.9,0.0,0.0
2024-08-03 02:00:00,18.3,100,94,6.3,2.2,0.0,0.0
2024-08-03 03:00:00,16.2,100,90,22.3,1.5,0.0,0.0
2024-08-03 04:00:00,15.4,100,88,20.9,0.5,0.0,0.0
2024-08-03 05:00:00,15.2,100,85,20.9,0.2,0.0,0.0
2024-08-03 06:00:00,14.9,100,90,18.9,0.9,0.0,9.5
2024-08-03 07:00:00,15.2,100,93,19.5,0.6,0.0,24.7
2024-08-03 08:00:00,15.1,100,93,18.9,0.1,0.0,32.0
2024-08-03 09:00:00,16.0,45,86,16.9,0.0,0.0,187.9
2024-08-03 10:00:00,17.8,44,73,17.3,0.0,0.0,470.8
2024-08-03 11:00:00,18.6,99,67,15.9,0.1,0.0,504.1
2024-08-03 12:00:00,19.0,100,67,14.2,0.0,0.0,443.9
2024-08-03 13:00:00,19.4,100,64,15.4,0.0,0.0,404.7
2024-08-03 14:00:00,19.7,100,59,15.3,0.0,0.0,408.4
2024-08-03 15:00:00,18.5,100,63,10.8,0.0,0.0,370.7
2024-08-03 16:00:00,18.5,100,67,7.8,0.0,0.0,310.0
2024-08-03 17:00:00,18.8,100,70,4.3,0.0,0.0,259.8
2024-08-03 18:00:00,18.8,100,71,2.3,0.0,0.0,171.8
2024-08-03 19:00:00,18.7,100,72,2.3,0.0,0.0,102.6
2024-08-03 20:00:00,18.2,13,75,0.5,0.0,0.0,22.4
2024-08-03 21:00:00,16.7,28,81,3.5,0.0,0.0,0.0
2024-08-03 22:00:00,15.0,12,90,5.7,0.0,0.0,0.0
2024-08-03 23:00:00,14.1,4,92,6.3,0.0,0.0,0.0
2024-08-04 00:00:00,13.8,0,92,6.1,0.0,0.0,0.0
2024-08-04 01:00:00,13.8,11,91,7.1,0.0,0.0,0.0
2024-08-04 02:00:00,14.2,62,89,7.0,0.0,0.0,0.0
2024-08-04 03:00:00,15.1,15,90,6.7,0.0,0.0,0.0
2024-08-04 04:00:00,13.7,0,95,6.8,0.0,0.0,0.0
2024-08-04 05:00:00,13.0,1,96,6.1,0.0,0.0,0.0
2024-08-04 06:00:00,13.7,2,93,6.0,0.0,0.0,39.3
2024-08-04 07:00:00,15.6,6,85,8.0,0.0,0.0,156.3
2024-08-04 08:00:00,17.9,63,78,6.5,0.0,0.0,316.1
2024-08-04 09:00:00,20.0,100,70,9.0,0.0,0.0,466.6
2024-08-04 10:00:00,21.5,100,62,11.1,0.0,0.0,591.5
2024-08-04 11:00:00,22.1,100,59,11.5,0.1,0.0,531.7
2024-08-04 12:00:00,22.8,100,55,10.8,0.1,0.0,570.7
2024-08-04 13:00:00,23.2,100,53,10.4,0.1,0.0,552.3
2024-08-04 14:00:00,23.4,100,53,9.6,0.0,0.0,459.2
2024-08-04 15:00:00,23.4,100,52,14.3,0.1,0.0,473.5
2024-08-04 16:00:00,21.9,100,66,18.1,0.0,0.0,326.4
2024-08-04 17:00:00,21.6,100,67,13.4,0.0,0.0,240.1
2024-08-04 18:00:00,21.0,94,69,12.2,0.2,0.0,195.4
2024-08-04 19:00:00,20.2,71,75,6.6,0.0,0.0,49.9
2024-08-04 20:00:00,19.2,46,83,4.9,0.0,0.0,17.6
2024-08-04 21:00:00,18.0,25,89,7.2,0.0,0.0,0.0
2024-08-04 22:00:00,17.3,42,93,8.0,0.0,0.0,0.0
2024-08-04 23:00:00,16.9,79,95,8.6,0.0,0.0,0.0
2024-08-05 00:00:00,16.3,58,96,7.6,0.0,0.0,0.0
2024-08-05 01:00:00,15.7,55,97,7.0,0.0,0.0,0.0
2024-08-05 02:00:00,15.6,72,97,7.5,0.0,0.0,0.0
2024-08-05 03:00:00,15.6,93,96,9.5,0.3,0.0,0.0
2024-08-05 04:00:00,15.8,100,95,11.7,0.2,0.0,0.0
2024-08-05 05:00:00,15.6,99,97,11.9,0.1,0.0,0.0
2024-08-05 06:00:00,15.8,99,96,13.4,0.0,0.0,20.4
2024-08-05 07:00:00,16.8,100,91,16.8,0.0,0.0,89.7
2024-08-05 08:00:00,17.1,100,87,16.9,0.0,0.0,129.9
2024-08-05 09:00:00,17.3,100,86,15.4,0.0,0.0,179.0
2024-08-05 10:00:00,17.9,100,81,17.9,0.0,0.0,287.1
2024-08-05 11:00:00,17.6,100,76,22.3,0.1,0.0,258.5
2024-08-05 12:00:00,17.2,100,73,22.0,0.3,0.0,261.7
2024-08-05 13:00:00,16.8,100,74,22.1,0.4,0.0,242.0
2024-08-05 14:00:00,16.2,91,75,18.0,0.2,0.0,147.8
2024-08-05 15:00:00,18.3,27,58,16.6,0.0,0.0,506.7
2024-08-05 16:00:00,19.1,92,55,21.9,0.0,0.0,515.2
2024-08-05 17:00:00,17.2,42,70,19.6,0.0,0.0,264.6
2024-08-05 18:00:00,17.5,73,69,21.9,0.1,0.0,235.3
2024-08-05 19:00:00,16.3,98,79,21.7,0.3,0.0,75.8
2024-08-05 20:00:00,15.7,100,84,16.4,0.2,0.0,6.4
2024-08-05 21:00:00,15.6,100,85,16.3,0.1,0.0,0.0
2024-08-05 22:00:00,15.6,65,88,16.1,0.2,0.0,0.0
2024-08-05 23:00:00,15.5,70,90,15.3,0.0,0.0,0.0
2024-08-06 00:00:00,15.3,10,89,16.6,0.0,0.0,0.0
2024-08-06 01:00:00,14.8,4,88,17.5,0.0,0.0,0.0
2024-08-06 02:00:00,14.4,3,86,15.4,0.0,0.0,0.0
2024-08-06 03:00:00,14.0,4,87,11.7,0.0,0.0,0.0
2024-08-06 04:00:00,13.2,4,89,8.9,0.0,0.0,0.0
2024-08-06 05:00:00,12.6,0,91,8.7,0.0,0.0,0.0
2024-08-06 06:00:00,12.5,0,91,8.4,0.0,0.0,39.0
2024-08-06 07:00:00,13.7,0,87,7.9,0.0,0.0,155.4
2024-08-06 08:00:00,15.3,0,81,6.7,0.0,0.0,317.4
2024-08-06 09:00:00,16.9,0,74,7.1,0.0,0.0,480.1
2024-08-06 10:00:00,18.3,9,65,8.9,0.0,0.0,625.0
2024-08-06 11:00:00,19.4,19,60,10.2,0.0,0.0,725.9
2024-08-06 12:00:00,20.4,47,57,10.2,0.0,0.0,796.4
2024-08-06 13:00:00,21.1,41,54,9.7,0.0,0.0,815.4
2024-08-06 14:00:00,21.7,23,52,9.8,0.0,0.0,788.9
2024-08-06 15:00:00,22.9,63,43,8.3,0.0,0.0,618.8
2024-08-06 16:00:00,22.8,65,44,9.7,0.0,0.0,476.2
2024-08-06 17:00:00,22.3,62,46,9.4,0.0,0.0,333.1
2024-08-06 18:00:00,21.7,72,48,9.3,0.0,0.0,224.9
2024-08-06 19:00:00,20.6,1,56,9.3,0.0,0.0,105.6
2024-08-06 20:00:00,18.7,0,64,9.0,0.0,0.0,18.6
2024-08-06 21:00:00,17.3,1,68,8.9,0.0,0.0,0.0
2024-08-06 22:00:00,15.8,1,76,7.0,0.0,0.0,0.0
2024-08-06 23:00:00,15.0,0,81,6.6,0.0,0.0,0.0
2024-08-07 00:00:00,14.1,0,85,7.7,0.0,0.0,0.0
2024-08-07 01:00:00,13.9,3,86,6.5,0.0,0.0,0.0
2024-08-07 02:00:00,13.0,3,90,7.9,0.0,0.0,0.0
2024-08-07 03:00:00,12.7,0,92,9.3,0.0,0.0,0.0
2024-08-07 04:00:00,12.2,0,93,8.9,0.0,0.0,0.0
2024-08-07 05:00:00,11.9,0,93,8.2,0.0,0.0,0.0
2024-08-07 06:00:00,12.9,1,92,5.2,0.0,0.0,37.0
2024-08-07 07:00:00,15.1,1,85,6.4,0.0,0.0,153.6
2024-08-07 08:00:00,17.8,3,78,5.1,0.0,0.0,313.1
2024-08-07 09:00:00,20.2,90,66,7.0,0.0,0.0,471.4
2024-08-07 10:00:00,21.9,99,56,7.8,0.0,0.0,613.2
2024-08-07 11:00:00,23.1,60,51,7.1,0.0,0.0,707.0
2024-08-07 12:00:00,24.0,65,48,6.2,0.0,0.0,788.3
2024-08-07 13:00:00,25.1,100,45,7.4,0.0,0.0,799.3
2024-08-07 14:00:00,25.4,100,43,9.2,0.0,0.0,641.0
2024-08-07 15:00:00,25.6,100,45,9.6,0.0,0.0,514.9
2024-08-07 16:00:00,25.3,100,45,5.9,0.0,0.0,242.1
2024-08-07 17:00:00,25.8,100,44,2.7,0.0,0.0,309.8
2024-08-07 18:00:00,25.7,100,45,3.4,0.0,0.0,216.2
2024-08-07 19:00:00,24.5,8,56,7.1,0.0,0.0,103.5
2024-08-07 20:00:00,21.8,8,65,6.5,0.0,0.0,15.2
2024-08-07 21:00:00,20.7,7,67,8.1,0.0,0.0,0.0
2024-08-07 22:00:00,19.6,10,74,8.1,0.0,0.0,0.0
2024-08-07 23:00:00,18.9,14,75,7.5,0.0,0.0,0.0
2024-08-08 00:00:00,18.3,2,76,7.4,0.0,0.0,0.0
2024-08-08 01:00:00,17.7,42,79,6.3,0.0,0.0,0.0
2024-08-08 02:00:00,17.3,7,80,5.8,0.0,0.0,0.0
2024-08-08 03:00:00,17.4,75,90,8.0,0.0,0.0,0.0
2024-08-08 04:00:00,17.2,100,90,8.2,0.0,0.0,0.0
2024-08-08 05:00:00,17.3,100,88,7.1,0.0,0.0,0.0
2024-08-08 06:00:00,17.4,100,87,4.4,0.0,0.0,15.5
2024-08-08 07:00:00,18.3,100,83,8.1,0.0,0.0,51.1
2024-08-08 08:00:00,19.3,100,80,7.9,0.0,0.0,105.9
2024-08-08 09:00:00,20.7,100,74,6.5,0.0,0.0,229.0
2024-08-08 10:00:00,22.4,97,68,7.1,0.0,0.0,388.5
2024-08-08 11:00:00,24.2,0,62,10.3,0.0,0.0,592.7
2024-08-08 12:00:00,25.5,5,58,12.0,0.0,0.0,773.9
2024-08-08 13:00:00,26.0,8,56,10.2,0.0,0.0,773.2
2024-08-08 14:00:00,26.4,26,55,9.4,0.0,0.0,740.7
2024-08-08 15:00:00,26.7,51,51,8.3,0.0,0.0,619.4
2024-08-08 16:00:00,26.6,22,50,8.6,0.0,0.0,536.4
2024-08-08 17:00:00,26.4,100,53,12.6,0.2,0.0,393.0
2024-08-08 18:00:00,20.9,100,79,8.2,3.6,0.0,200.2
2024-08-08 19:00:00,21.6,100,78,16.1,0.0,0.0,50.0
2024-08-08 20:00:00,20.6,100,83,14.2,0.0,0.0,3.1
2024-08-08 21:00:00,19.7,100,87,13.5,0.1,0.0,0.0
2024-08-08 22:00:00,19.0,100,88,14.0,0.4,0.0,0.0
2024-08-08 23:00:00,18.6,100,92,12.8,1.8,0.0,0.0
2024-08-09 00:00:00,18.4,100,93,12.5,2.2,0.0,0.0
2024-08-09 01:00:00,18.0,100,93,13.5,0.4,0.0,0.0
2024-08-09 02:00:00,17.6,63,93,13.0,0.0,0.0,0.0
2024-08-09 03:00:00,17.3,26,93,12.0,0.0,0.0,0.0
2024-08-09 04:00:00,16.5,8,96,13.3,0.0,0.0,0.0
2024-08-09 05:00:00,15.9,1,96,10.2,0.0,0.0,0.0
2024-08-09 06:00:00,15.6,3,95,8.4,0.0,0.0,32.5
2024-08-09 07:00:00,16.5,100,91,12.2,0.0,0.0,139.3
2024-08-09 08:00:00,17.1,100,90,11.7,0.0,0.0,237.2
2024-08-09 09:00:00,18.1,100,85,11.5,0.0,0.0,299.5
2024-08-09 10:00:00,19.3,54,77,11.0,0.0,0.0,358.0
2024-08-09 11:00:00,20.5,55,69,11.6,0.0,0.0,590.7
2024-08-09 12:00:00,21.3,85,63,12.1,0.1,0.0,671.9
2024-08-09 13:00:00,21.9,58,59,11.9,0.0,0.0,578.3
2024-08-09 14:00:00,22.8,28,55,9.5,0.0,0.0,640.8
2024-08-09 15:00:00,23.2,42,48,11.8,0.0,0.0,633.4
2024-08-09 16:00:00,23.4,65,45,11.9,0.0,0.0,515.8
2024-08-09 17:00:00,23.3,100,46,13.1,0.0,0.0,411.0
2024-08-09 18:00:00,22.8,99,47,10.6,0.0,0.0,270.6
2024-08-09 19:00:00,22.0,100,56,5.4,0.0,0.0,123.4
2024-08-09 20:00:00,22.1,100,51,4.7,0.0,0.0,8.7
2024-08-09 21:00:00,20.4,100,60,2.3,0.0,0.0,0.0
2024-08-09 22:00:00,18.8,99,66,4.3,0.0,0.0,0.0
2024-08-09 23:00:00,18.7,100,67,8.0,0.0,0.0,0.0
2024-08-10 00:00:00,18.5,96,67,10.1,0.0,0.0,0.0
2024-08-10 01:00:00,18.8,6,63,9.8,0.0,0.0,0.0
2024-08-10 02:00:00,18.0,1,68,10.1,0.0,0.0,0.0
2024-08-10 03:00:00,17.9,23,79,11.0,0.0,0.0,0.0
2024-08-10 04:00:00,17.5,25,81,10.5,0.0,0.0,0.0
2024-08-10 05:00:00,17.0,44,84,8.6,0.0,0.0,0.0
2024-08-10 06:00:00,17.0,43,85,6.2,0.0,0.0,25.6
2024-08-10 07:00:00,18.5,18,82,7.2,0.0,0.0,109.9
2024-08-10 08:00:00,20.6,56,76,8.7,0.0,0.0,271.5
2024-08-10 09:00:00,21.2,50,76,11.7,0.1,0.0,340.2
2024-08-10 10:00:00,22.0,40,75,12.8,0.1,0.0,428.5
2024-08-10 11:00:00,23.1,94,72,11.9,0.0,0.0,565.4
2024-08-10 12:00:00,24.0,40,67,13.6,0.1,0.0,702.9
2024-08-10 13:00:00,24.3,31,66,14.3,0.1,0.0,688.8
2024-08-10 14:00:00,24.7,21,62,15.3,0.2,0.0,634.8
2024-08-10 15:00:00,25.6,8,52,16.8,0.0,0.0,641.8
2024-08-10 16:00:00,25.7,14,49,16.3,0.0,0.0,549.5
2024-08-10 17:00:00,25.4,38,48,15.9,0.0,0.0,400.0
2024-08-10 18:00:00,25.0,33,49,13.2,0.0,0.0,223.6
2024-08-10 19:00:00,23.6,16,59,9.3,0.0,0.0,108.0
2024-08-10 20:00:00,21.8,7,66,9.0,0.0,0.0,7.8
2024-08-10 21:00:00,20.2,0,73,5.8,0.0,0.0,0.0
2024-08-10 22:00:00,18.7,2,80,5.4,0.0,0.0,0.0
2024-08-10 23:00:00,18.2,4,83,4.8,0.0,0.0,0.0
2024-08-11 00:00:00,17.8,20,84,6.0,0.0,0.0,0.0
2024-08-11 01:00:00,17.7,46,84,6.6,0.0,0.0,0.0
2024-08-11 02:00:00,17.8,80,83,6.6,0.0,0.0,0.0
2024-08-11 03:00:00,17.4,14,88,6.3,0.0,0.0,0.0
2024-08-11 04:00:00,17.5,10,86,6.8,0.0,0.0,0.0
2024-08-11 05:00:00,17.3,7,87,7.6,0.0,0.0,0.0
2024-08-11 06:00:00,17.3,1,89,9.8,0.0,0.0,27.0
2024-08-11 07:00:00,18.7,1,85,11.3,0.0,0.0,137.1
2024-08-11 08:00:00,20.7,94,78,10.0,0.0,0.0,294.7
2024-08-11 09:00:00,22.2,29,68,11.0,0.0,0.0,365.9
2024-08-11 10:00:00,23.7,10,60,13.6,0.0,0.0,556.2
2024-08-11 11:00:00,24.8,27,53,15.8,0.0,0.0,693.9
2024-08-11 12:00:00,25.4,100,51,17.9,0.0,0.0,681.3
2024-08-11 13:00:00,24.1,65,56,18.3,0.0,0.0,335.3
2024-08-11 14:00:00,24.7,2,54,16.3,0.0,0.0,483.1
2024-08-11 15:00:00,26.4,85,47,21.6,0.0,0.0,690.0
2024-08-11 16:00:00,25.2,98,50,20.7,0.0,0.0,334.2
2024-08-11 17:00:00,24.9,24,51,18.6,0.0,0.0,222.5
2024-08-11 18:00:00,24.0,3,56,19.3,0.0,0.0,248.1
2024-08-11 19:00:00,22.8,14,61,16.3,0.0,0.0,118.6
2024-08-11 20:00:00,21.3,4,66,12.4,0.0,0.0,5.5
2024-08-11 21:00:00,19.7,6,73,8.3,0.0,0.0,0.0
2024-08-11 22:00:00,18.2,0,80,5.7,0.0,0.0,0.0
2024-08-11 23:00:00,16.9,1,86,7.7,0.0,0.0,0.0
2024-08-12 00:00:00,17.9,0,80,3.3,0.0,0.0,0.0
2024-08-12 01:00:00,17.5,0,82,0.8,0.0,0.0,0.0
2024-08-12 02:00:00,16.9,0,84,1.3,0.0,0.0,0.0
2024-08-12 03:00:00,13.6,0,94,7.4,0.0,0.0,0.0
2024-08-12 04:00:00,13.0,0,94,7.4,0.0,0.0,0.0
2024-08-12 05:00:00,12.6,0,94,6.9,0.0,0.0,0.0
2024-08-12 06:00:00,12.9,0,93,5.2,0.0,0.0,28.6
2024-08-12 07:00:00,15.2,0,83,5.9,0.0,0.0,141.4
2024-08-12 08:00:00,17.8,0,74,3.4,0.0,0.0,301.7
2024-08-12 09:00:00,20.2,0,63,2.4,0.0,0.0,464.6
2024-08-12 10:00:00,21.8,0,51,2.2,0.0,0.0,608.2
2024-08-12 11:00:00,22.8,0,48,3.2,0.0,0.0,718.5
2024-08-12 12:00:00,23.6,0,46,2.0,0.0,0.0,786.5
2024-08-12 13:00:00,24.3,0,45,1.3,0.0,0.0,805.1
2024-08-12 14:00:00,24.9,16,43,1.6,0.0,0.0,775.4
2024-08-12 15:00:00,25.6,26,37,2.3,0.0,0.0,699.2
2024-08-12 16:00:00,25.9,27,35,5.0,0.0,0.0,583.6
2024-08-12 17:00:00,25.7,33,34,6.3,0.0,0.0,439.2
2024-08-12 18:00:00,25.2,13,37,5.1,0.0,0.0,279.0
2024-08-12 19:00:00,23.8,27,63,2.1,0.0,0.0,121.5
2024-08-12 20:00:00,21.6,13,57,6.5,0.0,0.0,3.3
2024-08-12 21:00:00,19.6,0,64,7.1,0.0,0.0,0.0
2024-08-12 22:00:00,19.0,5,65,7.8,0.0,0.0,0.0
2024-08-12 23:00:00,18.4,94,65,8.6,0.0,0.0,0.0
2024-08-13 00:00:00,17.8,36,69,8.2,0.0,0.0,0.0
2024-08-13 01:00:00,17.1,17,72,8.4,0.0,0.0,0.0
2024-08-13 02:00:00,16.5,63,75,8.8,0.0,0.0,0.0
2024-08-13 03:00:00,14.6,8,87,7.6,0.0,0.0,0.0
2024-08-13 04:00:00,15.1,0,85,8.8,0.0,0.0,0.0
2024-08-13 05:00:00,15.1,0,84,8.4,0.0,0.0,0.0
2024-08-13 06:00:00,15.3,0,81,9.7,0.0,0.0,25.3
2024-08-13 07:00:00,17.3,0,71,11.0,0.0,0.0,138.0
2024-08-13 08:00:00,19.6,0,65,8.7,0.0,0.0,298.7
2024-08-13 09:00:00,21.8,0,58,8.8,0.0,0.0,461.6
2024-08-13 10:00:00,23.5,7,51,9.2,0.0,0.0,604.1
2024-08-13 11:00:00,24.7,17,47,9.0,0.0,0.0,712.3
2024-08-13 12:00:00,25.6,4,43,8.0,0.0,0.0,776.3
2024-08-13 13:00:00,26.3,0,41,7.6,0.0,0.0,794.0
2024-08-13 14:00:00,26.9,0,39,8.4,0.0,0.0,764.5
2024-08-13 15:00:00,27.4,0,34,10.0,0.0,0.0,691.4
2024-08-13 16:00:00,27.4,0,34,12.2,0.0,0.0,575.9
2024-08-13 17:00:00,26.8,0,35,15.0,0.0,0.0,431.7
2024-08-13 18:00:00,25.9,0,36,15.6,0.0,0.0,271.7
2024-08-13 19:00:00,24.6,0,41,13.0,0.0,0.0,117.7
2024-08-13 20:00:00,22.4,0,49,13.2,0.0,0.0,0.7
2024-08-13 21:00:00,20.9,0,55,12.6,0.0,0.0,0.0
2024-08-13 22:00:00,19.9,0,59,14.8,0.0,0.0,0.0
2024-08-13 23:00:00,19.1,0,59,16.6,0.0,0.0,0.0
2024-08-14 00:00:00,18.5,0,61,17.3,0.0,0.0,0.0
2024-08-14 01:00:00,17.9,0,62,17.3,0.0,0.0,0.0
2024-08-14 02:00:00,17.6,0,60,18.0,0.0,0.0,0.0
2024-08-14 03:00:00,17.4,0,59,18.8,0.0,0.0,0.0
2024-08-14 04:00:00,16.6,0,64,19.1,0.0,0.0,0.0
2024-08-14 05:00:00,16.4,0,65,18.8,0.0,0.0,0.0
2024-08-14 06:00:00,16.5,0,65,19.8,0.0,0.0,27.0
2024-08-14 07:00:00,17.8,0,61,20.2,0.0,0.0,137.8
2024-08-14 08:00:00,19.9,0,56,18.1,0.0,0.0,298.2
2024-08-14 09:00:00,22.0,0,51,20.4,0.0,0.0,458.6
2024-08-14 10:00:00,24.3,0,43,21.5,0.0,0.0,601.1
2024-08-14 11:00:00,26.1,0,37,20.9,0.0,0.0,709.3
2024-08-14 12:00:00,27.4,0,36,20.0,0.0,0.0,773.3
2024-08-14 13:00:00,28.4,0,37,18.4,0.0,0.0,789.0
2024-08-14 14:00:00,29.0,0,37,17.6,0.0,0.0,754.5
2024-08-14 15:00:00,29.8,0,33,16.8,0.0,0.0,678.7
2024-08-14 16:00:00,29.6,0,34,18.9,0.0,0.0,559.9
2024-08-14 17:00:00,29.3,0,36,18.3,0.0,0.0,413.6
2024-08-14 18:00:00,28.4,3,38,19.2,0.0,0.0,258.9
2024-08-14 19:00:00,26.9,5,43,17.7,0.0,0.0,106.6
2024-08-14 20:00:00,24.9,1,47,16.1,0.0,0.0,0.0
2024-08-14 21:00:00,23.5,1,50,16.3,0.0,0.0,0.0
2024-08-14 22:00:00,22.8,3,52,16.5,0.0,0.0,0.0
2024-08-14 23:00:00,22.2,4,55,14.7,0.0,0.0,0.0
2024-08-15 00:00:00,21.7,3,58,12.8,0.0,0.0,0.0
2024-08-15 01:00:00,21.0,1,61,11.9,0.0,0.0,0.0
2024-08-15 02:00:00,20.4,75,65,12.1,0.0,0.0,0.0
2024-08-15 03:00:00,19.8,59,75,11.9,0.0,0.0,0.0
2024-08-15 04:00:00,19.2,86,78,11.3,0.0,0.0,0.0
2024-08-15 05:00:00,18.7,38,81,10.0,0.0,0.0,0.0
2024-08-15 06:00:00,18.4,46,83,6.2,0.0,0.0,23.1
2024-08-15 07:00:00,19.8,45,78,7.6,0.0,0.0,107.3
2024-08-15 08:00:00,22.4,95,70,5.9,0.0,0.0,207.8
2024-08-15 09:00:00,25.1,98,61,4.8,0.0,0.0,320.0
2024-08-15 10:00:00,27.7,84,54,9.4,0.0,0.0,533.1
2024-08-15 11:00:00,29.6,98,48,13.0,0.0,0.0,660.7
2024-08-15 12:00:00,30.9,100,44,14.4,0.0,0.0,671.3
2024-08-15 13:00:00,31.5,99,42,12.2,0.0,0.0,671.5
2024-08-15 14:00:00,31.6,95,42,10.7,0.0,0.0,647.9
2024-08-15 15:00:00,28.2,73,58,8.5,0.4,0.0,596.9
2024-08-15 16:00:00,27.7,93,58,10.5,0.0,0.0,357.1
2024-08-15 17:00:00,27.6,94,59,10.2,0.0,0.0,259.7
2024-08-15 18:00:00,27.7,100,58,8.2,0.0,0.0,184.3
2024-08-15 19:00:00,24.8,100,74,2.2,3.7,0.0,44.9
2024-08-15 20:00:00,23.7,86,84,2.1,0.1,0.0,0.0
2024-08-15 21:00:00,22.3,96,94,4.7,0.0,0.0,0.0
2024-08-15 22:00:00,22.0,48,93,4.8,0.0,0.0,0.0
2024-08-15 23:00:00,21.2,3,94,5.8,0.0,0.0,0.0
2024-08-16 00:00:00,20.7,2,95,6.1,0.0,0.0,0.0
2024-08-16 01:00:00,20.1,7,96,6.8,0.0,0.0,0.0
2024-08-16 02:00:00,19.6,6,97,6.5,0.0,0.0,0.0
2024-08-16 03:00:00,19.8,0,90,5.9,0.0,0.0,0.0
2024-08-16 04:00:00,19.1,0,92,4.7,0.0,0.0,0.0
2024-08-16 05:00:00,19.4,15,89,6.5,0.0,0.0,0.0
2024-08-16 06:00:00,19.3,1,90,4.8,0.0,0.0,18.7
2024-08-16 07:00:00,21.0,0,84,8.1,0.0,0.0,119.8
2024-08-16 08:00:00,23.3,8,75,7.0,0.0,0.0,271.9
2024-08-16 09:00:00,24.9,0,70,6.9,0.0,0.0,429.5
2024-08-16 10:00:00,26.4,0,63,7.1,0.0,0.0,570.9
2024-08-16 11:00:00,27.6,2,57,7.0,0.0,0.0,676.8
2024-08-16 12:00:00,28.5,6,53,7.1,0.0,0.0,730.1
2024-08-16 13:00:00,29.4,5,49,7.9,0.0,0.0,741.7
2024-08-16 14:00:00,29.9,9,47,7.9,0.0,0.0,697.5
2024-08-16 15:00:00,30.1,12,39,8.1,0.0,0.0,609.9
2024-08-16 16:00:00,30.2,15,39,9.0,0.0,0.0,503.2
2024-08-16 17:00:00,29.9,30,41,9.3,0.0,0.0,366.4
2024-08-16 18:00:00,29.3,21,44,5.3,0.0,0.0,222.9
2024-08-16 19:00:00,28.4,7,48,4.7,0.0,0.0,93.3
2024-08-16 20:00:00,25.9,10,60,8.2,0.0,0.0,0.0
2024-08-16 21:00:00,24.3,3,66,9.9,0.0,0.0,0.0
2024-08-16 22:00:00,23.3,3,69,6.1,0.0,0.0,0.0
2024-08-16 23:00:00,22.8,2,71,7.0,0.0,0.0,0.0
2024-08-17 00:00:00,22.5,1,72,7.8,0.0,0.0,0.0
2024-08-17 01:00:00,22.0,2,73,7.1,0.0,0.0,0.0
2024-08-17 02:00:00,21.6,0,74,7.0,0.0,0.0,0.0
2024-08-17 03:00:00,20.8,19,82,5.9,0.0,0.0,0.0
2024-08-17 04:00:00,20.3,1,85,7.6,0.0,0.0,0.0
2024-08-17 05:00:00,20.2,3,84,5.2,0.0,0.0,0.0
2024-08-17 06:00:00,20.2,27,85,3.8,0.0,0.0,20.2
2024-08-17 07:00:00,21.5,21,80,3.8,0.0,0.0,108.0
2024-08-17 08:00:00,23.7,41,71,7.5,0.0,0.0,242.1
2024-08-17 09:00:00,26.1,6,61,4.1,0.0,0.0,396.3
2024-08-17 10:00:00,28.4,1,51,5.8,0.0,0.0,560.2
2024-08-17 11:00:00,30.0,3,44,7.4,0.0,0.0,678.0
2024-08-17 12:00:00,31.0,6,40,8.6,0.0,0.0,738.4
2024-08-17 13:00:00,31.7,8,37,8.4,0.0,0.0,745.7
2024-08-17 14:00:00,32.1,13,37,8.0,0.0,0.0,710.1
2024-08-17 15:00:00,30.1,52,45,6.9,0.0,0.0,621.9
2024-08-17 16:00:00,30.1,50,46,12.3,0.0,0.0,472.7
2024-08-17 17:00:00,25.6,100,69,6.1,1.6,0.0,236.3
2024-08-17 18:00:00,26.1,99,68,5.8,0.0,0.0,107.5
2024-08-17 19:00:00,25.5,100,71,6.4,0.0,0.0,71.8
2024-08-17 20:00:00,23.6,100,79,7.4,0.0,0.0,0.0
2024-08-17 21:00:00,22.4,100,85,6.4,0.0,0.0,0.0
2024-08-17 22:00:00,22.0,100,86,5.6,0.0,0.0,0.0
2024-08-17 23:00:00,21.7,72,88,5.2,0.0,0.0,0.0
2024-08-18 00:00:00,20.8,31,92,5.1,0.0,0.0,0.0
2024-08-18 01:00:00,20.5,12,93,4.3,0.0,0.0,0.0
2024-08-18 02:00:00,19.9,3,95,5.5,0.0,0.0,0.0
2024-08-18 03:00:00,20.3,100,97,7.6,0.3,0.0,0.0
2024-08-18 04:00:00,19.9,99,96,8.2,0.7,0.0,0.0
2024-08-18 05:00:00,19.6,100,95,8.4,0.0,0.0,0.0
2024-08-18 06:00:00,19.1,100,97,5.4,0.0,0.0,7.3
2024-08-18 07:00:00,20.0,100,95,5.2,0.0,0.0,61.3
2024-08-18 08:00:00,20.7,100,91,4.6,0.0,0.0,143.1
2024-08-18 09:00:00,21.7,100,87,5.4,0.0,0.0,246.6
2024-08-18 10:00:00,23.2,82,78,9.5,0.0,0.0,364.1
2024-08-18 11:00:00,24.9,96,68,10.8,0.0,0.0,590.0
2024-08-18 12:00:00,25.4,99,63,10.8,0.0,0.0,389.9
2024-08-18 13:00:00,26.5,33,61,10.3,0.0,0.0,567.0
2024-08-18 14:00:00,26.8,32,62,7.5,0.0,0.0,563.4
2024-08-18 15:00:00,27.3,90,61,8.4,0.0,0.0,595.1
2024-08-18 16:00:00,26.3,56,65,3.8,0.1,0.0,382.8
2024-08-18 17:00:00,26.7,50,64,0.7,0.0,0.0,311.5
2024-08-18 18:00:00,26.9,26,63,2.5,0.0,0.0,224.5
2024-08-18 19:00:00,26.0,35,68,5.8,0.0,0.0,85.3
2024-08-18 20:00:00,22.1,100,87,12.6,5.6,0.0,0.0
2024-08-18 21:00:00,21.1,97,95,10.8,0.5,0.0,0.0
2024-08-18 22:00:00,20.6,47,96,2.2,0.1,0.0,0.0
2024-08-18 23:00:00,20.4,94,96,11.2,0.0,0.0,0.0
2024-08-19 00:00:00,20.1,97,95,4.3,0.0,0.0,0.0
2024-08-19 01:00:00,19.9,9,96,6.0,0.1,0.0,0.0
2024-08-19 02:00:00,20.3,66,91,4.0,0.0,0.0,0.0
2024-08-19 03:00:00,19.8,94,95,5.8,0.0,0.0,0.0
2024-08-19 04:00:00,19.5,95,96,5.8,0.0,0.0,0.0
2024-08-19 05:00:00,18.7,100,97,5.0,0.0,0.0,0.0
2024-08-19 06:00:00,18.9,100,96,3.8,0.0,0.0,8.1
2024-08-19 07:00:00,19.7,55,91,6.4,0.0,0.0,70.5
2024-08-19 08:00:00,20.8,19,87,10.3,0.0,0.0,235.8
2024-08-19 09:00:00,22.4,28,81,11.0,0.0,0.0,411.2
2024-08-19 10:00:00,23.8,76,75,12.2,0.0,0.0,539.9
2024-08-19 11:00:00,24.9,70,68,12.6,0.0,0.0,576.3
2024-08-19 12:00:00,25.2,100,66,12.6,0.0,0.0,493.0
2024-08-19 13:00:00,25.4,87,66,13.7,0.0,0.0,455.6
2024-08-19 14:00:00,25.8,44,64,16.0,0.0,0.0,600.4
2024-08-19 15:00:00,24.4,100,68,19.1,0.1,0.0,506.8
2024-08-19 16:00:00,23.4,100,73,19.6,0.0,0.0,200.8
2024-08-19 17:00:00,23.3,43,71,18.4,0.0,0.0,181.1
2024-08-19 18:00:00,23.3,68,69,20.9,0.0,0.0,184.2
2024-08-19 19:00:00,21.9,99,75,18.7,0.0,0.0,68.0
2024-08-19 20:00:00,21.1,75,78,15.2,0.0,0.0,0.0
2024-08-19 21:00:00,20.3,36,81,14.8,0.0,0.0,0.0
2024-08-19 22:00:00,19.3,93,85,12.4,0.0,0.0,0.0
2024-08-19 23:00:00,18.7,100,89,10.4,0.0,0.0,0.0
2024-08-20 00:00:00,18.3,100,91,10.1,0.0,0.0,0.0
2024-08-20 01:00:00,18.0,90,92,8.6,0.0,0.0,0.0
2024-08-20 02:00:00,17.2,78,94,5.1,0.0,0.0,0.0
2024-08-20 03:00:00,18.4,100,86,7.6,0.0,0.0,0.0
2024-08-20 04:00:00,18.1,100,87,9.5,0.0,0.0,0.0
2024-08-20 05:00:00,17.9,14,87,9.8,0.0,0.0,0.0
2024-08-20 06:00:00,17.2,4,91,8.0,0.0,0.0,8.9
2024-08-20 07:00:00,17.5,11,87,9.7,0.0,0.0,107.1
2024-08-20 08:00:00,18.2,50,81,10.7,0.0,0.0,249.3
2024-08-20 09:00:00,19.1,0,76,6.5,0.0,0.0,388.3
2024-08-20 10:00:00,20.5,42,70,7.4,0.0,0.0,541.3
2024-08-20 11:00:00,22.0,8,64,8.5,0.0,0.0,652.0
2024-08-20 12:00:00,23.2,17,61,8.6,0.0,0.0,734.4
2024-08-20 13:00:00,24.7,100,57,7.9,0.0,0.0,698.3
2024-08-20 14:00:00,24.9,98,58,10.7,0.0,0.0,453.8
2024-08-20 15:00:00,25.6,96,54,10.7,0.0,0.0,608.8
2024-08-20 16:00:00,25.0,93,57,11.0,0.0,0.0,396.7
2024-08-20 17:00:00,24.6,80,60,10.4,0.0,0.0,280.2
2024-08-20 18:00:00,24.1,12,62,11.0,0.0,0.0,179.6
2024-08-20 19:00:00,22.7,12,69,12.0,0.0,0.0,82.2
2024-08-20 20:00:00,21.3,13,76,11.0,0.0,0.0,0.0
2024-08-20 21:00:00,20.4,99,80,12.2,0.0,0.0,0.0
2024-08-20 22:00:00,19.8,100,82,11.0,0.0,0.0,0.0
2024-08-20 23:00:00,19.3,100,83,9.4,0.0,0.0,0.0
2024-08-21 00:00:00,18.9,71,84,8.0,0.0,0.0,0.0
2024-08-21 01:00:00,18.4,79,87,6.6,0.0,0.0,0.0
2024-08-21 02:00:00,18.1,80,88,7.4,0.0,0.0,0.0
2024-08-21 03:00:00,18.0,33,92,9.8,0.0,0.0,0.0
2024-08-21 04:00:00,17.8,1,94,10.1,0.0,0.0,0.0
2024-08-21 05:00:00,17.6,8,96,9.5,0.0,0.0,0.0
2024-08-21 06:00:00,17.1,71,97,4.6,0.0,0.0,10.1
2024-08-21 07:00:00,18.4,12,93,7.2,0.0,0.0,91.4
2024-08-21 08:00:00,20.4,71,86,8.5,0.0,0.0,246.2
2024-08-21 09:00:00,21.7,100,83,5.4,2.5,0.0,374.8
2024-08-21 10:00:00,22.6,100,81,10.9,0.0,0.0,336.0
2024-08-21 11:00:00,22.8,100,80,13.0,0.2,0.0,223.4
2024-08-21 12:00:00,21.7,100,81,18.8,1.7,0.0,267.2
2024-08-21 13:00:00,21.4,100,85,12.7,1.3,0.0,234.8
2024-08-21 14:00:00,21.2,100,83,22.7,0.8,0.0,237.1
2024-08-21 15:00:00,21.4,100,75,15.6,0.1,0.0,290.5
2024-08-21 16:00:00,21.2,100,70,19.4,0.0,0.0,239.7
2024-08-21 17:00:00,20.3,100,74,16.5,0.2,0.0,82.9
2024-08-21 18:00:00,20.8,100,72,16.4,0.0,0.0,96.5
2024-08-21 19:00:00,20.5,94,73,13.1,0.0,0.0,58.7
2024-08-21 20:00:00,19.1,11,74,12.3,0.0,0.0,0.0
2024-08-21 21:00:00,18.2,12,76,11.3,0.0,0.0,0.0
2024-08-21 22:00:00,17.2,15,78,9.9,0.0,0.0,0.0
2024-08-21 23:00:00,16.3,4,81,9.2,0.0,0.0,0.0
2024-08-22 00:00:00,15.5,1,82,9.6,0.0,0.0,0.0
2024-08-22 01:00:00,14.5,100,81,7.7,0.0,0.0,0.0
2024-08-22 02:00:00,14.0,90,79,6.5,0.0,0.0,0.0
2024-08-22 03:00:00,13.6,22,81,7.4,0.0,0.0,0.0
2024-08-22 04:00:00,12.7,88,84,7.5,0.0,0.0,0.0
2024-08-22 05:00:00,12.3,100,86,6.6,0.0,0.0,0.0
2024-08-22 06:00:00,12.7,100,83,7.3,0.0,0.0,11.5
2024-08-22 07:00:00,13.7,100,80,10.3,0.0,0.0,71.8
2024-08-22 08:00:00,14.8,100,76,6.8,0.0,0.0,115.1
2024-08-22 09:00:00,15.9,100,73,2.5,0.0,0.0,191.7
2024-08-22 10:00:00,16.8,100,70,4.3,0.0,0.0,237.8
2024-08-22 11:00:00,18.2,100,64,5.1,0.0,0.0,427.8
2024-08-22 12:00:00,19.4,100,54,5.5,0.0,0.0,593.2
2024-08-22 13:00:00,20.3,100,50,6.6,0.0,0.0,665.1
2024-08-22 14:00:00,20.4,100,48,8.3,0.0,0.0,504.3
2024-08-22 15:00:00,20.5,99,48,7.9,0.0,0.0,339.6
2024-08-22 16:00:00,20.9,100,48,6.6,0.0,0.0,361.4
2024-08-22 17:00:00,20.9,98,46,5.3,0.0,0.0,309.4
2024-08-22 18:00:00,20.6,99,47,2.2,0.0,0.0,189.9
2024-08-22 19:00:00,19.2,99,69,3.7,0.0,0.0,71.2
2024-08-22 20:00:00,16.7,99,69,7.2,0.0,0.0,0.0
2024-08-22 21:00:00,16.3,59,68,8.5,0.0,0.0,0.0
2024-08-22 22:00:00,15.9,9,66,9.8,0.0,0.0,0.0
2024-08-22 23:00:00,15.4,22,65,9.7,0.0,0.0,0.0
2024-08-23 00:00:00,15.1,20,66,11.5,0.0,0.0,0.0
2024-08-23 01:00:00,14.6,16,71,10.5,0.0,0.0,0.0
2024-08-23 02:00:00,14.1,76,76,9.9,0.0,0.0,0.0
2024-08-23 03:00:00,13.3,0,85,7.8,0.0,0.0,0.0
2024-08-23 04:00:00,13.0,0,88,6.8,0.0,0.0,0.0
2024-08-23 05:00:00,13.1,29,85,8.6,0.0,0.0,0.0
2024-08-23 06:00:00,13.2,90,83,8.7,0.0,0.0,13.4
2024-08-23 07:00:00,14.8,24,77,10.1,0.0,0.0,97.8
2024-08-23 08:00:00,17.2,100,72,8.3,0.0,0.0,260.8
2024-08-23 09:00:00,19.5,100,65,9.1,0.0,0.0,395.6
2024-08-23 10:00:00,21.5,100,56,12.6,0.0,0.0,509.0
2024-08-23 11:00:00,23.0,100,51,14.4,0.0,0.0,579.1
2024-08-23 12:00:00,24.2,100,49,15.0,0.0,0.0,704.7
2024-08-23 13:00:00,24.9,100,50,14.2,0.0,0.0,659.0
2024-08-23 14:00:00,25.4,100,50,13.5,0.0,0.0,561.7
2024-08-23 15:00:00,26.3,73,46,14.8,0.0,0.0,636.2
2024-08-23 16:00:00,26.7,75,43,14.6,0.0,0.0,530.3
2024-08-23 17:00:00,26.7,30,41,13.8,0.0,0.0,384.6
2024-08-23 18:00:00,25.7,20,49,8.9,0.0,0.0,227.9
2024-08-23 19:00:00,23.1,98,63,7.0,0.0,0.0,77.8
2024-08-23 20:00:00,20.7,98,66,8.4,0.0,0.0,0.0
2024-08-23 21:00:00,20.0,98,70,8.5,0.0,0.0,0.0
2024-08-23 22:00:00,19.4,98,74,9.5,0.0,0.0,0.0
2024-08-23 23:00:00,19.2,98,73,10.7,0.0,0.0,0.0
2024-08-24 00:00:00,19.1,50,72,11.4,0.0,0.0,0.0
2024-08-24 01:00:00,18.6,0,75,10.5,0.0,0.0,0.0
2024-08-24 02:00:00,17.9,0,79,8.6,0.0,0.0,0.0
2024-08-24 03:00:00,17.8,16,82,9.5,0.0,0.0,0.0
2024-08-24 04:00:00,17.6,21,84,9.4,0.0,0.0,0.0
2024-08-24 05:00:00,17.2,51,86,7.9,0.0,0.0,0.0
2024-08-24 06:00:00,16.4,27,89,8.8,0.0,0.0,0.0
2024-08-24 07:00:00,18.7,0,82,7.6,0.0,0.0,104.9
2024-08-24 08:00:00,21.2,0,77,6.1,0.0,0.0,257.8
2024-08-24 09:00:00,23.4,0,70,5.8,0.0,0.0,417.3
2024-08-24 10:00:00,25.4,0,63,7.3,0.0,0.0,558.1
2024-08-24 11:00:00,27.0,0,58,8.9,0.0,0.0,666.5
2024-08-24 12:00:00,28.1,0,55,10.3,0.0,0.0,731.5
2024-08-24 13:00:00,28.9,0,53,10.5,0.0,0.0,749.2
2024-08-24 14:00:00,29.5,0,51,9.6,0.0,0.0,716.6
2024-08-24 15:00:00,30.1,0,47,8.6,0.0,0.0,641.5
2024-08-24 16:00:00,30.5,0,46,8.3,0.0,0.0,523.4
2024-08-24 17:00:00,30.5,0,45,6.9,0.0,0.0,377.0
2024-08-24 18:00:00,30.0,0,51,2.9,0.0,0.0,218.4
2024-08-24 19:00:00,27.3,2,70,5.4,0.0,0.0,71.1
2024-08-24 20:00:00,24.9,0,69,8.9,0.0,0.0,0.0
2024-08-24 21:00:00,24.2,0,67,11.5,0.0,0.0,0.0
2024-08-24 22:00:00,23.2,0,70,11.3,0.0,0.0,0.0
2024-08-24 23:00:00,22.1,0,76,9.1,0.0,0.0,0.0
2024-08-25 00:00:00,21.3,0,78,9.2,0.0,0.0,0.0
2024-08-25 01:00:00,21.0,16,78,10.1,0.0,0.0,0.0
2024-08-25 02:00:00,20.6,62,78,11.0,0.0,0.0,0.0
2024-08-25 03:00:00,20.6,88,75,11.5,0.0,0.0,0.0
2024-08-25 04:00:00,20.4,50,73,12.4,0.0,0.0,0.0
2024-08-25 05:00:00,20.2,94,70,12.5,0.0,0.0,0.0
2024-08-25 06:00:00,19.8,94,69,11.8,0.0,0.0,0.0
2024-08-25 07:00:00,20.8,70,67,11.9,0.0,0.0,90.2
2024-08-25 08:00:00,23.5,74,61,11.5,0.0,0.0,244.3
2024-08-25 09:00:00,25.8,32,56,7.2,0.0,0.0,401.4
2024-08-25 10:00:00,27.3,75,50,10.7,0.0,0.0,548.4
2024-08-25 11:00:00,28.5,22,48,15.3,0.0,0.0,635.8
2024-08-25 12:00:00,29.7,16,47,17.7,0.0,0.0,713.0
2024-08-25 13:00:00,30.0,19,50,17.2,0.0,0.0,735.1
2024-08-25 14:00:00,29.1,56,51,21.1,0.2,0.0,640.3
2024-08-25 15:00:00,29.1,37,47,21.3,0.0,0.0,555.3
2024-08-25 16:00:00,28.3,76,50,22.3,0.0,0.0,485.7
2024-08-25 17:00:00,27.2,62,54,22.2,0.0,0.0,347.1
2024-08-25 18:00:00,26.4,74,55,20.3,0.0,0.0,183.4
2024-08-25 19:00:00,24.4,20,60,20.6,0.0,0.0,57.9
2024-08-25 20:00:00,23.0,28,63,18.3,0.0,0.0,0.0
2024-08-25 21:00:00,22.0,13,65,17.6,0.0,0.0,0.0
2024-08-25 22:00:00,21.1,10,66,14.8,0.0,0.0,0.0
2024-08-25 23:00:00,20.3,10,68,13.6,0.0,0.0,0.0
2024-08-26 00:00:00,19.3,9,71,12.4,0.0,0.0,0.0
2024-08-26 01:00:00,18.5,10,72,11.6,0.0,0.0,0.0
2024-08-26 02:00:00,17.9,24,75,11.5,0.0,0.0,0.0
2024-08-26 03:00:00,17.5,98,78,10.4,0.1,0.0,0.0
2024-08-26 04:00:00,17.6,100,76,14.1,0.0,0.0,0.0
2024-08-26 05:00:00,17.4,99,76,14.6,0.0,0.0,0.0
2024-08-26 06:00:00,17.0,100,77,16.3,0.0,0.0,0.0
2024-08-26 07:00:00,17.7,100,76,17.4,0.0,0.0,41.3
2024-08-26 08:00:00,18.2,100,76,14.0,0.0,0.0,90.5
2024-08-26 09:00:00,18.6,100,76,13.1,0.0,0.0,125.8
2024-08-26 10:00:00,19.3,100,74,11.3,0.1,0.0,210.6
2024-08-26 11:00:00,19.8,100,68,13.1,0.0,0.0,216.3
2024-08-26 12:00:00,20.7,100,61,12.0,0.0,0.0,243.5
2024-08-26 13:00:00,21.8,100,56,14.2,0.0,0.0,409.1
2024-08-26 14:00:00,22.0,93,57,15.0,0.0,0.0,365.4
2024-08-26 15:00:00,23.7,88,55,15.3,0.0,0.0,553.0
2024-08-26 16:00:00,23.9,92,55,17.1,0.0,0.0,467.0
2024-08-26 17:00:00,23.2,90,56,17.7,0.0,0.0,301.1
2024-08-26 18:00:00,22.7,97,57,16.6,0.0,0.0,194.8
2024-08-26 19:00:00,21.6,99,62,14.7,0.0,0.0,52.1
2024-08-26 20:00:00,20.5,82,64,16.2,0.0,0.0,0.0
2024-08-26 21:00:00,19.8,63,65,17.1,0.0,0.0,0.0
2024-08-26 22:00:00,19.0,23,65,16.5,0.0,0.0,0.0
2024-08-26 23:00:00,18.1,9,66,15.8,0.0,0.0,0.0
2024-08-27 00:00:00,17.5,27,68,14.4,0.0,0.0,0.0
2024-08-27 01:00:00,17.0,94,70,14.5,0.0,0.0,0.0
2024-08-27 02:00:00,16.7,90,72,14.3,0.0,0.0,0.0
2024-08-27 03:00:00,16.7,96,73,14.1,0.0,0.0,0.0
2024-08-27 04:00:00,16.3,100,76,12.4,0.0,0.0,0.0
2024-08-27 05:00:00,16.2,100,75,11.9,0.0,0.0,0.0
2024-08-27 06:00:00,16.3,100,74,10.5,0.0,0.0,0.0
2024-08-27 07:00:00,16.8,100,72,9.0,0.0,0.0,42.2
2024-08-27 08:00:00,17.5,100,72,9.5,0.0,0.0,100.0
2024-08-27 09:00:00,18.3,100,72,8.4,0.0,0.0,164.8
2024-08-27 10:00:00,19.2,100,71,8.1,0.0,0.0,238.5
2024-08-27 11:00:00,21.0,100,67,9.1,0.0,0.0,414.5
2024-08-27 12:00:00,23.1,75,63,10.7,0.0,0.0,657.4
2024-08-27 13:00:00,24.3,52,60,13.5,0.0,0.0,716.9
2024-08-27 14:00:00,24.6,53,58,14.3,0.0,0.0,646.8
2024-08-27 15:00:00,25.4,100,56,16.3,0.0,0.0,522.5
2024-08-27 16:00:00,25.4,100,56,14.8,0.0,0.0,231.0
2024-08-27 17:00:00,25.3,100,55,15.4,0.0,0.0,149.4
2024-08-27 18:00:00,24.7,99,57,16.1,0.0,0.0,93.1
2024-08-27 19:00:00,23.9,100,58,14.3,0.0,0.0,25.1
2024-08-27 20:00:00,23.2,95,60,13.0,0.0,0.0,0.0
2024-08-27 21:00:00,22.0,100,65,14.8,0.0,0.0,0.0
2024-08-27 22:00:00,21.8,27,67,13.8,0.0,0.0,0.0
2024-08-27 23:00:00,20.4,37,73,11.5,0.0,0.0,0.0
2024-08-28 00:00:00,19.6,55,76,11.5,0.0,0.0,0.0
2024-08-28 01:00:00,19.3,73,76,11.9,0.0,0.0,0.0
2024-08-28 02:00:00,18.8,57,78,12.2,0.0,0.0,0.0
2024-08-28 03:00:00,19.6,27,80,15.1,0.0,0.0,0.0
2024-08-28 04:00:00,19.1,3,90,11.6,0.0,0.0,0.0
2024-08-28 05:00:00,18.6,24,95,12.3,0.0,0.0,0.0
2024-08-28 06:00:00,18.3,36,96,11.0,0.0,0.0,0.0
2024-08-28 07:00:00,19.1,27,93,14.0,0.0,0.0,88.2
2024-08-28 08:00:00,20.6,100,86,17.0,0.0,0.0,221.9
2024-08-28 09:00:00,22.4,97,79,15.7,0.0,0.0,373.6
2024-08-28 10:00:00,24.1,97,72,16.1,0.0,0.0,509.5
2024-08-28 11:00:00,25.7,85,67,16.2,0.0,0.0,614.0
2024-08-28 12:00:00,27.1,96,61,17.1,0.0,0.0,672.9
2024-08-28 13:00:00,28.0,96,55,16.2,0.0,0.0,688.7
2024-08-28 14:00:00,28.5,27,51,14.6,0.0,0.0,645.6
2024-08-28 15:00:00,29.8,46,42,13.8,0.0,0.0,538.2
2024-08-28 16:00:00,29.6,53,42,14.4,0.0,0.0,442.5
2024-08-28 17:00:00,28.9,50,43,15.9,0.0,0.0,304.1
2024-08-28 18:00:00,28.0,51,48,14.8,0.0,0.0,182.9
2024-08-28 19:00:00,26.3,65,55,11.9,0.0,0.0,49.5
2024-08-28 20:00:00,24.8,87,59,13.3,0.0,0.0,0.0
2024-08-28 21:00:00,24.0,64,61,15.1,0.0,0.0,0.0
2024-08-28 22:00:00,23.5,28,62,14.1,0.0,0.0,0.0
2024-08-28 23:00:00,22.5,37,67,13.3,0.0,0.0,0.0
2024-08-29 00:00:00,21.9,49,69,12.3,0.0,0.0,0.0
2024-08-29 01:00:00,21.3,24,71,12.7,0.0,0.0,0.0
2024-08-29 02:00:00,20.9,36,73,12.7,0.0,0.0,0.0
2024-08-29 03:00:00,20.9,2,77,13.0,0.0,0.0,0.0
2024-08-29 04:00:00,20.3,1,81,11.5,0.0,0.0,0.0
2024-08-29 05:00:00,19.8,1,83,10.1,0.0,0.0,0.0
2024-08-29 06:00:00,19.3,11,85,9.4,0.0,0.0,0.0
2024-08-29 07:00:00,20.4,5,80,11.6,0.0,0.0,88.3
2024-08-29 08:00:00,22.4,2,74,10.9,0.0,0.0,233.4
2024-08-29 09:00:00,24.8,10,64,12.0,0.0,0.0,393.0
2024-08-29 10:00:00,26.9,16,56,12.9,0.0,0.0,533.2
2024-08-29 11:00:00,28.6,24,43,16.0,0.0,0.0,642.9
2024-08-29 12:00:00,29.3,44,39,16.2,0.0,0.0,707.0
2024-08-29 13:00:00,29.8,68,37,15.3,0.0,0.0,723.7
2024-08-29 14:00:00,30.0,100,36,14.8,0.0,0.0,688.2
2024-08-29 15:00:00,30.6,83,33,12.7,0.0,0.0,604.8
2024-08-29 16:00:00,30.6,27,34,11.7,0.0,0.0,490.8
2024-08-29 17:00:00,29.9,14,37,14.5,0.0,0.0,345.1
2024-08-29 18:00:00,28.6,28,43,16.2,0.0,0.0,186.3
2024-08-29 19:00:00,26.8,6,49,15.7,0.0,0.0,47.3
2024-08-29 20:00:00,25.3,4,53,14.5,0.0,0.0,0.0
2024-08-29 21:00:00,24.3,4,56,11.9,0.0,0.0,0.0
2024-08-29 22:00:00,23.3,0,59,10.0,0.0,0.0,0.0
2024-08-29 23:00:00,22.5,0,60,9.8,0.0,0.0,0.0
2024-08-30 00:00:00,21.7,0,62,9.4,0.0,0.0,0.0
2024-08-30 01:00:00,21.0,0,65,9.4,0.0,0.0,0.0
2024-08-30 02:00:00,20.3,0,68,9.1,0.0,0.0,0.0
2024-08-30 03:00:00,19.3,0,76,8.8,0.0,0.0,0.0
2024-08-30 04:00:00,19.2,1,76,10.9,0.0,0.0,0.0
2024-08-30 05:00:00,18.9,1,77,10.1,0.0,0.0,0.0
2024-08-30 06:00:00,18.3,78,81,7.6,0.0,0.0,0.0
2024-08-30 07:00:00,19.6,31,77,9.0,0.0,0.0,86.4
2024-08-30 08:00:00,22.1,13,70,7.7,0.0,0.0,234.3
2024-08-30 09:00:00,24.2,7,64,6.3,0.0,0.0,396.0
2024-08-30 10:00:00,26.2,44,57,8.3,0.0,0.0,534.6
2024-08-30 11:00:00,27.8,36,49,8.8,0.0,0.0,642.0
2024-08-30 12:00:00,28.7,4,45,6.7,0.0,0.0,701.9
2024-08-30 13:00:00,29.5,6,42,6.0,0.0,0.0,698.5
2024-08-30 14:00:00,30.1,20,39,5.8,0.0,0.0,652.9
2024-08-30 15:00:00,31.0,7,33,3.3,0.0,0.0,559.2
2024-08-30 16:00:00,31.1,17,32,3.2,0.0,0.0,452.3
2024-08-30 17:00:00,30.9,13,32,6.6,0.0,0.0,317.1
2024-08-30 18:00:00,29.7,6,37,13.7,0.0,0.0,179.2
2024-08-30 19:00:00,27.8,6,41,19.6,0.0,0.0,45.0
2024-08-30 20:00:00,26.5,9,43,15.1,0.0,0.0,0.0
2024-08-30 21:00:00,25.3,5,46,12.7,0.0,0.0,0.0
2024-08-30 22:00:00,23.9,3,50,10.1,0.0,0.0,0.0
2024-08-30 23:00:00,22.9,2,52,9.1,0.0,0.0,0.0
2024-08-31 00:00:00,22.1,17,53,9.4,0.0,0.0,0.0
2024-08-31 01:00:00,21.2,19,56,8.7,0.0,0.0,0.0
2024-08-31 02:00:00,20.0,20,61,6.8,0.0,0.0,0.0
2024-08-31 03:00:00,18.4,29,72,6.4,0.0,0.0,0.0
2024-08-31 04:00:00,17.8,96,77,7.0,0.0,0.0,0.0
2024-08-31 05:00:00,18.7,99,72,5.6,0.0,0.0,0.0
2024-08-31 06:00:00,19.0,87,71,2.5,0.0,0.0,0.0
2024-08-31 07:00:00,19.3,31,71,1.1,0.0,0.0,76.0
2024-08-31 08:00:00,21.4,55,67,3.6,0.0,0.0,223.3
2024-08-31 09:00:00,23.5,12,60,5.8,0.0,0.0,381.2
2024-08-31 10:00:00,25.7,54,55,6.4,0.0,0.0,521.7
2024-08-31 11:00:00,27.4,56,50,7.2,0.0,0.0,623.0
2024-08-31 12:00:00,28.7,95,46,8.5,0.0,0.0,692.6
2024-08-31 13:00:00,28.8,99,44,10.0,0.0,0.0,669.4
2024-08-31 14:00:00,28.2,97,48,13.3,0.0,0.0,548.6
2024-08-31 15:00:00,27.4,99,50,17.9,0.0,0.0,540.0
2024-08-31 16:00:00,26.4,97,54,19.6,0.0,0.0,411.2
2024-08-31 17:00:00,26.0,26,55,19.4,0.0,0.0,317.2
2024-08-31 18:00:00,24.9,5,59,20.8,0.0,0.0,175.8
2024-08-31 19:00:00,23.5,28,64,17.3,0.0,0.0,40.8
2024-08-31 20:00:00,22.3,29,69,14.8,0.0,0.0,0.0
2024-08-31 21:00:00,21.3,43,74,14.1,0.0,0.0,0.0
2024-08-31 22:00:00,20.0,62,80,16.0,0.0,0.0,0.0
2024-08-31 23:00:00,19.3,98,83,15.0,0.0,0.0,0.0
2024-09-01 00:00:00,18.8,18,84,13.4,0.0,0.0,0.0
2024-09-01 01:00:00,18.3,15,86,11.8,0.0,0.0,0.0
2024-09-01 02:00:00,17.9,40,87,11.5,0.0,0.0,0.0
2024-09-01 03:00:00,17.4,89,90,10.5,0.0,0.0,0.0
2024-09-01 04:00:00,17.2,99,91,10.6,0.0,0.0,0.0
2024-09-01 05:00:00,17.0,100,91,11.3,0.0,0.0,0.0
2024-09-01 06:00:00,16.6,100,92,10.4,0.0,0.0,0.0
2024-09-01 07:00:00,17.0,100,90,12.5,0.0,0.0,54.2
2024-09-01 08:00:00,17.6,100,87,12.7,0.0,0.0,95.3
2024-09-01 09:00:00,18.3,100,84,12.1,0.0,0.0,142.3
2024-09-01 10:00:00,19.0,100,81,10.6,0.0,0.0,164.7
2024-09-01 11:00:00,20.5,100,75,8.5,0.0,0.0,313.7
2024-09-01 12:00:00,21.9,100,69,8.7,0.0,0.0,385.0
2024-09-01 13:00:00,23.1,99,64,8.7,0.0,0.0,419.8
2024-09-01 14:00:00,23.9,78,60,8.1,0.0,0.0,377.3
2024-09-01 15:00:00,24.2,87,60,9.4,0.0,0.0,426.9
2024-09-01 16:00:00,25.1,54,56,8.5,0.0,0.0,435.0
2024-09-01 17:00:00,25.1,81,55,8.5,0.0,0.0,251.5
2024-09-01 18:00:00,24.7,49,55,8.1,0.0,0.0,111.8
2024-09-01 19:00:00,23.4,9,61,6.6,0.0,0.0,34.0
2024-09-01 20:00:00,21.4,34,69,6.6,0.0,0.0,0.0
2024-09-01 21:00:00,20.8,12,73,7.7,0.0,0.0,0.0
2024-09-01 22:00:00,19.7,0,79,6.7,0.0,0.0,0.0
2024-09-01 23:00:00,18.6,1,85,5.1,0.0,0.0,0.0
2024-09-02 00:00:00,18.2,14,88,6.4,0.0,0.0,0.0
2024-09-02 01:00:00,17.6,5,91,6.9,0.0,0.0,0.0
2024-09-02 02:00:00,17.3,9,92,7.0,0.0,0.0,0.0
2024-09-02 03:00:00,16.5,30,97,7.4,0.0,0.0,0.0
2024-09-02 04:00:00,16.3,39,97,6.6,0.0,0.0,0.0
2024-09-02 05:00:00,15.7,39,98,4.5,0.0,0.0,0.0
2024-09-02 06:00:00,15.6,42,98,4.7,0.0,0.0,0.0
2024-09-02 07:00:00,17.2,100,94,5.1,0.0,0.0,62.4
2024-09-02 08:00:00,18.6,100,88,7.2,0.0,0.0,149.7
2024-09-02 09:00:00,19.5,100,85,5.0,0.0,0.0,251.7
2024-09-02 10:00:00,21.3,47,77,6.2,0.0,0.0,363.1
2024-09-02 11:00:00,23.5,64,69,3.8,0.0,0.0,564.7
2024-09-02 12:00:00,24.8,96,64,3.9,0.0,0.0,650.3
2024-09-02 13:00:00,26.1,87,59,2.8,0.0,0.0,681.2
2024-09-02 14:00:00,26.2,89,58,2.6,0.2,0.0,647.4
2024-09-02 15:00:00,28.6,56,44,5.0,0.0,0.0,540.3
2024-09-02 16:00:00,28.7,40,42,4.4,0.0,0.0,450.7
2024-09-02 17:00:00,27.0,81,47,10.3,0.0,0.0,314.8
2024-09-02 18:00:00,26.2,72,50,2.2,0.0,0.0,112.4
2024-09-02 19:00:00,24.7,88,61,3.6,0.0,0.0,25.7
2024-09-02 20:00:00,22.6,92,67,8.8,0.0,0.0,0.0
2024-09-02 21:00:00,22.0,79,66,9.5,0.0,0.0,0.0
2024-09-02 22:00:00,21.8,20,67,11.2,0.0,0.0,0.0
2024-09-02 23:00:00,21.1,1,71,9.7,0.0,0.0,0.0
2024-09-03 00:00:00,20.6,1,72,9.2,0.0,0.0,0.0
2024-09-03 01:00:00,20.3,2,72,9.3,0.0,0.0,0.0
2024-09-03 02:00:00,19.8,0,74,9.5,0.0,0.0,0.0
2024-09-03 03:00:00,19.2,100,77,8.0,0.0,0.0,0.0
2024-09-03 04:00:00,19.0,100,78,8.4,0.0,0.0,0.0
2024-09-03 05:00:00,18.8,89,78,9.1,0.0,0.0,0.0
2024-09-03 06:00:00,17.7,38,84,6.4,0.0,0.0,0.0
2024-09-03 07:00:00,18.4,96,82,7.9,0.0,0.0,75.6
2024-09-03 08:00:00,20.6,99,74,8.7,0.0,0.0,212.7
2024-09-03 09:00:00,23.3,100,65,8.7,0.0,0.0,360.4
2024-09-03 10:00:00,25.8,100,57,8.9,0.0,0.0,459.2
2024-09-03 11:00:00,28.2,100,48,9.7,0.0,0.0,583.0
2024-09-03 12:00:00,29.6,100,40,9.6,0.0,0.0,634.9
2024-09-03 13:00:00,30.4,100,36,9.7,0.0,0.0,635.0
2024-09-03 14:00:00,31.0,100,32,11.0,0.0,0.0,602.4
2024-09-03 15:00:00,31.6,100,27,11.8,0.0,0.0,538.0
2024-09-03 16:00:00,31.4,91,27,11.3,0.0,0.0,411.5
2024-09-03 17:00:00,30.7,46,29,12.0,0.0,0.0,293.0
2024-09-03 18:00:00,29.5,24,34,8.2,0.0,0.0,144.4
2024-09-03 19:00:00,27.2,97,39,9.1,0.0,0.0,28.1
2024-09-03 20:00:00,25.6,92,39,14.4,0.0,0.0,0.0
2024-09-03 21:00:00,24.4,85,43,15.5,0.0,0.0,0.0
2024-09-03 22:00:00,24.1,100,44,17.0,0.0,0.0,0.0
2024-09-03 23:00:00,23.5,71,44,15.9,0.0,0.0,0.0
2024-09-04 00:00:00,22.6,0,47,16.2,0.0,0.0,0.0
2024-09-04 01:00:00,21.8,0,51,16.6,0.0,0.0,0.0
2024-09-04 02:00:00,21.3,0,52,15.9,0.0,0.0,0.0
2024-09-04 03:00:00,20.9,0,55,14.1,0.0,0.0,0.0
2024-09-04 04:00:00,20.4,0,56,14.1,0.0,0.0,0.0
2024-09-04 05:00:00,19.9,1,58,15.1,0.0,0.0,0.0
2024-09-04 06:00:00,19.4,44,60,14.1,0.0,0.0,0.0
2024-09-04 07:00:00,19.9,12,60,14.2,0.0,0.0,75.5
2024-09-04 08:00:00,22.0,2,56,14.4,0.0,0.0,220.5
2024-09-04 09:00:00,24.5,37,49,17.0,0.0,0.0,380.0
2024-09-04 10:00:00,26.6,30,44,19.0,0.0,0.0,520.9
2024-09-04 11:00:00,28.3,99,37,20.8,0.0,0.0,631.3
2024-09-04 12:00:00,29.4,75,31,20.5,0.0,0.0,687.6
2024-09-04 13:00:00,29.9,25,30,18.8,0.0,0.0,704.0
2024-09-04 14:00:00,30.3,5,29,17.2,0.0,0.0,675.0
2024-09-04 15:00:00,30.9,7,25,14.4,0.0,0.0,594.9
2024-09-04 16:00:00,30.5,73,26,16.6,0.0,0.0,469.3
2024-09-04 17:00:00,29.6,86,28,18.1,0.0,0.0,287.2
2024-09-04 18:00:00,28.5,91,30,16.9,0.0,0.0,155.6
2024-09-04 19:00:00,26.4,27,36,18.0,0.0,0.0,26.2
2024-09-04 20:00:00,24.9,6,39,22.0,0.0,0.0,0.0
2024-09-04 21:00:00,24.4,13,39,22.1,0.0,0.0,0.0
2024-09-04 22:00:00,23.9,22,39,23.2,0.0,0.0,0.0
2024-09-04 23:00:00,23.4,47,40,23.2,0.0,0.0,0.0
2024-09-05 00:00:00,22.7,81,43,22.0,0.0,0.0,0.0
2024-09-05 01:00:00,22.1,97,45,21.0,0.0,0.0,0.0
2024-09-05 02:00:00,21.6,93,47,19.8,0.0,0.0,0.0
2024-09-05 03:00:00,21.6,0,49,18.1,0.0,0.0,0.0
2024-09-05 04:00:00,20.5,0,53,17.3,0.0,0.0,0.0
2024-09-05 05:00:00,19.6,0,58,16.3,0.0,0.0,0.0
2024-09-05 06:00:00,18.8,0,63,15.2,0.0,0.0,0.0
2024-09-05 07:00:00,18.9,0,66,15.9,0.0,0.0,72.9
2024-09-05 08:00:00,20.4,0,63,16.6,0.0,0.0,216.1
2024-09-05 09:00:00,22.5,0,56,17.6,0.0,0.0,377.1
2024-09-05 10:00:00,24.9,3,46,19.9,0.0,0.0,515.7
2024-09-05 11:00:00,26.6,1,35,24.9,0.0,0.0,627.2
2024-09-05 12:00:00,27.4,9,31,26.2,0.0,0.0,691.7
2024-09-05 13:00:00,27.6,13,31,25.6,0.0,0.0,702.9
2024-09-05 14:00:00,27.7,15,31,26.9,0.0,0.0,662.1
2024-09-05 15:00:00,28.2,2,29,24.9,0.0,0.0,582.2
2024-09-05 16:00:00,27.8,6,29,26.6,0.0,0.0,458.8
2024-09-05 17:00:00,27.3,9,29,26.1,0.0,0.0,309.8
2024-09-05 18:00:00,26.6,8,30,23.6,0.0,0.0,155.8
2024-09-05 19:00:00,25.0,4,30,22.3,0.0,0.0,22.8
2024-09-05 20:00:00,23.6,0,30,22.0,0.0,0.0,0.0
2024-09-05 21:00:00,22.6,0,33,19.8,0.0,0.0,0.0
2024-09-05 22:00:00,22.0,0,38,23.0,0.0,0.0,0.0
2024-09-05 23:00:00,21.2,0,41,23.1,0.0,0.0,0.0
2024-09-06 00:00:00,20.6,0,40,21.7,0.0,0.0,0.0
2024-09-06 01:00:00,19.8,0,42,19.8,0.0,0.0,0.0
2024-09-06 02:00:00,19.0,0,44,18.0,0.0,0.0,0.0
2024-09-06 03:00:00,18.0,0,52,18.3,0.0,0.0,0.0
2024-09-06 04:00:00,17.8,0,55,18.8,0.0,0.0,0.0
2024-09-06 05:00:00,17.4,0,59,18.2,0.0,0.0,0.0
2024-09-06 06:00:00,17.0,0,62,18.1,0.0,0.0,0.0
2024-09-06 07:00:00,17.6,0,60,19.5,0.0,0.0,70.1
2024-09-06 08:00:00,19.2,0,54,19.2,0.0,0.0,211.7
2024-09-06 09:00:00,20.8,0,50,21.3,0.0,0.0,372.9
2024-09-06 10:00:00,22.6,0,45,21.6,0.0,0.0,515.0
2024-09-06 11:00:00,24.4,0,40,21.0,0.0,0.0,622.0
2024-09-06 12:00:00,26.1,0,34,21.8,0.0,0.0,685.6
2024-09-06 13:00:00,27.2,0,31,22.5,0.0,0.0,699.8
2024-09-06 14:00:00,27.8,0,31,21.4,0.0,0.0,663.8
2024-09-06 15:00:00,28.2,0,29,18.7,0.0,0.0,580.9
2024-09-06 16:00:00,28.3,24,30,16.8,0.0,0.0,459.1
2024-09-06 17:00:00,28.1,2,31,17.8,0.0,0.0,304.7
2024-09-06 18:00:00,27.6,13,31,16.6,0.0,0.0,142.4
2024-09-06 19:00:00,25.7,1,35,21.5,0.0,0.0,18.8
2024-09-06 20:00:00,23.8,24,37,27.4,0.0,0.0,0.0
2024-09-06 21:00:00,23.1,10,38,22.4,0.0,0.0,0.0
2024-09-06 22:00:00,22.6,28,41,20.0,0.0,0.0,0.0
2024-09-06 23:00:00,22.0,10,44,17.3,0.0,0.0,0.0
2024-09-07 00:00:00,21.0,14,49,13.4,0.0,0.0,0.0
2024-09-07 01:00:00,19.8,0,54,8.9,0.0,0.0,0.0
2024-09-07 02:00:00,18.8,0,58,7.7,0.0,0.0,0.0
2024-09-07 03:00:00,17.2,0,67,5.6,0.0,0.0,0.0
2024-09-07 04:00:00,16.9,0,69,6.0,0.0,0.0,0.0
2024-09-07 05:00:00,16.6,0,70,6.5,0.0,0.0,0.0
2024-09-07 06:00:00,16.3,1,71,7.6,0.0,0.0,0.0
2024-09-07 07:00:00,17.0,16,68,9.8,0.0,0.0,64.6
2024-09-07 08:00:00,19.5,0,61,8.6,0.0,0.0,196.3
2024-09-07 09:00:00,22.6,1,53,7.8,0.0,0.0,362.8
2024-09-07 10:00:00,25.1,0,44,10.4,0.0,0.0,500.8
2024-09-07 11:00:00,27.2,1,37,9.2,0.0,0.0,608.3
2024-09-07 12:00:00,28.4,0,33,8.4,0.0,0.0,671.2
2024-09-07 13:00:00,29.3,0,31,9.9,0.0,0.0,684.7
2024-09-07 14:00:00,29.7,10,31,11.8,0.0,0.0,648.0
2024-09-07 15:00:00,29.7,24,30,11.2,0.0,0.0,530.8
2024-09-07 16:00:00,29.5,27,31,10.1,0.2,0.0,423.6
2024-09-07 17:00:00,29.1,18,32,9.1,0.1,0.0,280.6
2024-09-07 18:00:00,28.3,19,35,8.4,0.0,0.0,132.7
2024-09-07 19:00:00,25.6,13,43,6.3,0.0,0.0,14.0
2024-09-07 20:00:00,24.3,13,45,9.2,0.0,0.0,0.0
2024-09-07 21:00:00,23.3,2,47,9.0,0.0,0.0,0.0
2024-09-07 22:00:00,22.2,3,51,9.2,0.0,0.0,0.0
2024-09-07 23:00:00,21.2,1,56,8.0,0.0,0.0,0.0
2024-09-08 00:00:00,21.9,1,55,9.6,0.0,0.0,0.0
2024-09-08 01:00:00,20.5,0,61,6.8,0.0,0.0,0.0
2024-09-08 02:00:00,19.1,21,69,5.7,0.0,0.0,0.0
2024-09-08 03:00:00,18.6,3,73,6.8,0.0,0.0,0.0
2024-09-08 04:00:00,18.6,10,72,7.4,0.0,0.0,0.0
2024-09-08 05:00:00,18.7,7,70,9.5,0.0,0.0,0.0
2024-09-08 06:00:00,18.5,1,71,10.8,0.0,0.0,0.0
2024-09-08 07:00:00,19.2,22,70,12.6,0.0,0.0,61.4
2024-09-08 08:00:00,21.3,45,63,12.4,0.0,0.0,197.3
2024-09-08 09:00:00,24.1,46,54,12.4,0.0,0.0,352.7
2024-09-08 10:00:00,26.5,56,46,15.0,0.0,0.0,492.2
2024-09-08 11:00:00,28.0,93,39,17.4,0.0,0.0,598.9
2024-09-08 12:00:00,28.8,97,37,17.7,0.0,0.0,652.6
2024-09-08 13:00:00,28.8,44,37,15.9,0.0,0.0,615.5
2024-09-08 14:00:00,29.4,14,36,14.7,0.0,0.0,590.6
2024-09-08 15:00:00,29.2,23,33,15.7,0.0,0.0,490.2
2024-09-08 16:00:00,29.1,28,33,14.8,0.0,0.0,379.3
2024-09-08 17:00:00,29.0,24,33,13.6,0.0,0.0,259.1
2024-09-08 18:00:00,28.2,95,35,10.2,0.0,0.0,118.8
2024-09-08 19:00:00,26.3,91,40,7.9,0.0,0.0,8.3
2024-09-08 20:00:00,24.5,96,45,7.0,0.0,0.0,0.0
2024-09-08 21:00:00,24.0,100,47,13.8,0.0,0.0,0.0
2024-09-08 22:00:00,23.6,100,46,14.4,0.0,0.0,0.0
2024-09-08 23:00:00,22.7,100,49,15.1,0.0,0.0,0.0
2024-09-09 00:00:00,22.3,100,50,17.6,0.0,0.0,0.0
2024-09-09 01:00:00,21.7,100,52,18.7,0.0,0.0,0.0
2024-09-09 02:00:00,21.8,100,49,20.4,0.0,0.0,0.0
2024-09-09 03:00:00,20.9,100,51,19.2,0.0,0.0,0.0
2024-09-09 04:00:00,20.9,100,49,18.9,0.0,0.0,0.0
2024-09-09 05:00:00,21.2,100,47,18.8,0.0,0.0,0.0
2024-09-09 06:00:00,21.4,100,43,17.3,0.0,0.0,0.0
2024-09-09 07:00:00,21.3,100,43,17.7,0.0,0.0,24.8
2024-09-09 08:00:00,22.3,100,40,17.5,0.0,0.0,82.5
2024-09-09 09:00:00,22.5,100,40,17.6,0.1,0.0,92.5
2024-09-09 10:00:00,19.6,100,71,8.4,1.5,0.0,87.3
2024-09-09 11:00:00,18.8,100,78,13.2,0.9,0.0,76.0
2024-09-09 12:00:00,18.5,100,83,9.4,1.4,0.0,85.7
2024-09-09 13:00:00,18.6,100,88,9.9,1.2,0.0,105.1
2024-09-09 14:00:00,18.8,100,90,11.5,1.6,0.0,96.0
2024-09-09 15:00:00,18.7,100,83,14.7,1.1,0.0,58.0
2024-09-09 16:00:00,19.5,100,84,11.8,1.1,0.0,136.3
2024-09-09 17:00:00,19.3,100,87,7.0,0.4,0.0,77.6
2024-09-09 18:00:00,17.9,100,90,15.0,0.6,0.0,24.2
2024-09-09 19:00:00,16.3,100,90,15.1,1.4,0.0,0.9
2024-09-09 20:00:00,16.1,100,88,16.5,1.7,0.0,0.0
2024-09-09 21:00:00,15.9,100,89,15.1,1.5,0.0,0.0
2024-09-09 22:00:00,15.8,100,91,14.5,1.3,0.0,0.0
2024-09-09 23:00:00,15.6,100,93,14.3,0.6,0.0,0.0
2024-09-10 00:00:00,15.7,100,95,12.2,0.6,0.0,0.0
2024-09-10 01:00:00,15.7,100,95,8.7,0.4,0.0,0.0
2024-09-10 02:00:00,15.7,100,94,8.3,0.2,0.0,0.0
2024-09-10 03:00:00,15.0,100,97,10.3,0.4,0.0,0.0
2024-09-10 04:00:00,14.9,100,96,8.0,0.5,0.0,0.0
2024-09-10 05:00:00,15.0,100,94,7.3,0.0,0.0,0.0
2024-09-10 06:00:00,15.1,100,93,8.2,0.0,0.0,0.0
2024-09-10 07:00:00,15.1,100,94,8.8,0.1,0.0,8.6
2024-09-10 08:00:00,15.8,100,91,12.1,0.1,0.0,71.7
2024-09-10 09:00:00,16.3,100,88,11.2,0.0,0.0,131.2
2024-09-10 10:00:00,17.1,100,83,11.6,0.0,0.0,195.0
2024-09-10 11:00:00,17.5,75,79,9.7,0.1,0.0,187.3
2024-09-10 12:00:00,18.1,60,77,9.7,0.2,0.0,290.2
2024-09-10 13:00:00,18.8,98,72,12.2,0.1,0.0,431.2
2024-09-10 14:00:00,19.3,19,64,12.0,0.0,0.0,380.8
2024-09-10 15:00:00,19.4,16,68,7.2,0.1,0.0,523.1
2024-09-10 16:00:00,20.1,33,61,10.0,0.1,0.0,404.8
2024-09-10 17:00:00,19.8,31,61,10.2,0.1,0.0,258.2
2024-09-10 18:00:00,19.0,16,61,10.5,0.1,0.0,106.8
2024-09-10 19:00:00,17.3,5,71,8.4,0.0,0.0,4.4
2024-09-10 20:00:00,15.8,4,80,8.5,0.0,0.0,0.0
2024-09-10 21:00:00,14.8,3,87,7.0,0.0,0.0,0.0
2024-09-10 22:00:00,13.8,1,93,6.0,0.0,0.0,0.0
2024-09-10 23:00:00,13.6,17,94,7.0,0.0,0.0,0.0
2024-09-11 00:00:00,13.5,9,95,8.2,0.0,0.0,0.0
2024-09-11 01:00:00,13.1,1,96,7.1,0.0,0.0,0.0
2024-09-11 02:00:00,12.1,0,96,6.1,0.0,0.0,0.0
2024-09-11 03:00:00,11.6,7,98,5.0,0.0,0.0,0.0
2024-09-11 04:00:00,11.7,39,99,5.2,0.0,0.0,0.0
2024-09-11 05:00:00,12.3,100,98,6.3,0.0,0.0,0.0
2024-09-11 06:00:00,13.2,94,94,7.6,0.0,0.0,0.0
2024-09-11 07:00:00,13.6,2,92,8.0,0.0,0.0,35.6
2024-09-11 08:00:00,15.0,1,82,9.9,0.0,0.0,182.4
2024-09-11 09:00:00,16.6,0,77,11.0,0.0,0.0,351.0
2024-09-11 10:00:00,18.0,0,64,12.2,0.0,0.0,482.2
2024-09-11 11:00:00,19.2,3,56,13.9,0.0,0.0,596.3
2024-09-11 12:00:00,20.1,23,52,15.8,0.0,0.0,666.2
2024-09-11 13:00:00,21.2,90,46,18.6,0.0,0.0,664.2
2024-09-11 14:00:00,21.7,100,44,18.2,0.0,0.0,545.3
2024-09-11 15:00:00,21.5,99,47,17.1,0.0,0.0,418.1
2024-09-11 16:00:00,21.4,48,47,14.3,0.0,0.0,244.3
2024-09-11 17:00:00,21.5,88,45,14.9,0.0,0.0,247.5
2024-09-11 18:00:00,20.7,70,50,11.6,0.0,0.0,63.0
2024-09-11 19:00:00,18.7,9,57,7.2,0.0,0.0,1.1
2024-09-11 20:00:00,16.8,21,65,8.1,0.0,0.0,0.0
2024-09-11 21:00:00,16.8,91,67,7.9,0.0,0.0,0.0
2024-09-11 22:00:00,17.1,99,63,1.5,0.0,0.0,0.0
2024-09-11 23:00:00,14.5,74,78,5.8,0.0,0.0,0.0
2024-09-12 00:00:00,13.4,25,85,5.9,0.0,0.0,0.0
2024-09-12 01:00:00,13.1,19,87,5.0,0.0,0.0,0.0
2024-09-12 02:00:00,12.6,12,89,5.2,0.0,0.0,0.0
2024-09-12 03:00:00,12.2,39,93,6.4,0.0,0.0,0.0
2024-09-12 04:00:00,12.0,100,94,4.3,0.0,0.0,0.0
2024-09-12 05:00:00,12.9,100,88,2.8,0.0,0.0,0.0
2024-09-12 06:00:00,11.8,96,95,3.9,0.0,0.0,0.0
2024-09-12 07:00:00,12.5,70,92,3.7,0.0,0.0,46.1
2024-09-12 08:00:00,14.2,100,85,5.5,0.0,0.0,170.8
2024-09-12 09:00:00,15.7,100,78,7.1,0.0,0.0,228.4
2024-09-12 10:00:00,17.1,100,72,5.2,0.0,0.0,296.3
2024-09-12 11:00:00,17.2,100,72,2.4,0.0,0.0,197.0
2024-09-12 12:00:00,17.3,100,73,6.8,0.1,0.0,181.8
2024-09-12 13:00:00,17.9,100,70,6.9,0.1,0.0,275.0
2024-09-12 14:00:00,17.6,100,73,8.7,0.3,0.0,186.8
2024-09-12 15:00:00,12.3,100,82,22.2,0.0,0.0,87.7
2024-09-12 16:00:00,12.3,100,80,21.7,0.0,0.0,63.0
2024-09-12 17:00:00,11.9,100,80,21.8,0.0,0.0,52.3
2024-09-12 18:00:00,11.3,100,81,20.1,0.0,0.0,26.1
2024-09-12 19:00:00,10.7,100,83,18.7,0.1,0.0,0.0
2024-09-12 20:00:00,10.5,100,83,16.3,0.1,0.0,0.0
2024-09-12 21:00:00,10.4,100,83,17.6,0.1,0.0,0.0
2024-09-12 22:00:00,10.1,100,85,19.5,0.5,0.0,0.0
2024-09-12 23:00:00,9.9,100,92,20.2,0.7,0.0,0.0
2024-09-13 00:00:00,9.9,100,92,17.7,0.4,0.0,0.0
2024-09-13 01:00:00,9.8,100,93,17.3,0.6,0.0,0.0
2024-09-13 02:00:00,9.8,100,93,17.3,0.8,0.0,0.0
2024-09-13 03:00:00,9.4,100,91,18.6,0.2,0.0,0.0
2024-09-13 04:00:00,9.4,100,93,16.6,0.2,0.0,0.0
2024-09-13 05:00:00,9.4,100,94,17.3,0.2,0.0,0.0
2024-09-13 06:00:00,9.6,100,94,17.4,0.1,0.0,0.0
2024-09-13 07:00:00,9.8,100,93,17.8,0.1,0.0,6.4
2024-09-13 08:00:00,10.2,100,91,16.5,0.0,0.0,44.4
2024-09-13 09:00:00,10.7,100,90,17.0,0.0,0.0,73.9
2024-09-13 10:00:00,11.1,100,89,16.5,0.1,0.0,66.3
2024-09-13 11:00:00,11.9,100,87,15.5,0.1,0.0,100.7
2024-09-13 12:00:00,12.7,100,86,16.6,0.1,0.0,114.7
2024-09-13 13:00:00,13.7,100,83,17.0,0.0,0.0,153.0
2024-09-13 14:00:00,14.4,100,83,18.0,0.0,0.0,124.8
2024-09-13 15:00:00,13.0,100,83,20.0,0.1,0.0,96.0
2024-09-13 16:00:00,13.7,100,83,21.1,0.1,0.0,46.9
2024-09-13 17:00:00,14.2,100,86,19.2,0.1,0.0,22.0
2024-09-13 18:00:00,14.2,100,88,22.2,0.3,0.0,9.2
2024-09-13 19:00:00,14.4,100,90,23.3,0.4,0.0,0.0
2024-09-13 20:00:00,14.5,100,92,23.2,0.6,0.0,0.0
2024-09-13 21:00:00,14.6,100,92,24.0,0.5,0.0,0.0
2024-09-13 22:00:00,14.9,100,92,26.1,0.5,0.0,0.0
2024-09-13 23:00:00,15.1,100,92,26.0,1.4,0.0,0.0
2024-09-14 00:00:00,15.1,100,92,24.7,1.8,0.0,0.0
2024-09-14 01:00:00,15.1,100,93,21.4,3.0,0.0,0.0
2024-09-14 02:00:00,15.1,100,95,19.4,3.2,0.0,0.0
2024-09-14 03:00:00,14.7,100,95,21.3,1.3,0.0,0.0
2024-09-14 04:00:00,14.6,100,95,21.7,2.6,0.0,0.0
2024-09-14 05:00:00,14.8,100,94,21.6,2.7,0.0,0.0
2024-09-14 06:00:00,14.7,100,96,22.6,2.7,0.0,0.0
2024-09-14 07:00:00,15.0,100,95,23.7,1.7,0.0,6.7
2024-09-14 08:00:00,15.2,100,95,20.0,2.6,0.0,56.2
2024-09-14 09:00:00,15.0,100,95,20.5,5.0,0.0,17.0
2024-09-14 10:00:00,15.3,100,95,19.5,5.3,0.0,25.9
2024-09-14 11:00:00,16.3,100,93,32.0,3.1,0.0,57.9
2024-09-14 12:00:00,16.7,100,92,33.1,1.4,0.0,103.3
2024-09-14 13:00:00,16.6,100,93,28.6,1.2,0.0,68.0
2024-09-14 14:00:00,16.5,100,93,26.1,3.9,0.0,49.3
2024-09-14 15:00:00,15.8,100,93,32.8,2.0,0.0,58.6
2024-09-14 16:00:00,16.0,100,93,28.1,1.1,0.0,45.1
2024-09-14 17:00:00,16.0,100,94,27.9,0.9,0.0,36.5
2024-09-14 18:00:00,15.9,100,94,29.5,3.8,0.0,18.2
2024-09-14 19:00:00,15.8,100,93,25.8,1.0,0.0,0.0
2024-09-14 20:00:00,15.7,100,94,24.1,3.6,0.0,0.0
2024-09-14 21:00:00,15.6,100,95,26.6,2.0,0.0,0.0
2024-09-14 22:00:00,15.5,100,94,32.1,3.2,0.0,0.0
2024-09-14 23:00:00,15.2,100,94,39.8,2.3,0.0,0.0
2024-09-15 00:00:00,15.0,100,94,36.0,1.8,0.0,0.0
2024-09-15 01:00:00,14.8,100,94,30.7,2.2,0.0,0.0
2024-09-15 02:00:00,14.9,100,94,37.6,3.6,0.0,0.0
2024-09-15 03:00:00,15.5,100,95,30.0,0.8,0.0,0.0
2024-09-15 04:00:00,15.8,100,93,30.4,1.4,0.0,0.0
2024-09-15 05:00:00,15.9,100,94,33.5,4.4,0.0,0.0
2024-09-15 06:00:00,15.7,100,95,26.1,4.5,0.0,0.0
2024-09-15 07:00:00,13.2,94,90,20.7,1.7,0.0,3.5
2024-09-15 08:00:00,12.2,19,87,21.1,0.0,0.0,49.4
2024-09-15 09:00:00,13.3,0,81,20.1,0.0,0.0,341.7
2024-09-15 10:00:00,14.9,6,75,20.7,0.0,0.0,483.8
2024-09-15 11:00:00,16.5,56,63,20.2,0.0,0.0,590.7
2024-09-15 12:00:00,17.2,4,62,18.5,0.0,0.0,640.5
2024-09-15 13:00:00,17.9,0,58,17.6,0.0,0.0,666.7
2024-09-15 14:00:00,18.3,0,57,16.1,0.0,0.0,625.5
2024-09-15 15:00:00,18.7,30,57,15.6,0.0,0.0,531.0
2024-09-15 16:00:00,18.6,98,54,13.0,0.0,0.0,302.7
2024-09-15 17:00:00,18.2,100,56,15.1,0.0,0.0,159.9
2024-09-15 18:00:00,17.6,100,62,10.1,0.0,0.0,35.9
2024-09-15 19:00:00,16.6,100,70,11.8,0.1,0.0,0.0
2024-09-15 20:00:00,15.8,100,77,4.7,0.0,0.0,0.0
2024-09-15 21:00:00,15.1,99,84,3.7,0.0,0.0,0.0
2024-09-15 22:00:00,13.3,54,90,6.1,0.0,0.0,0.0
2024-09-15 23:00:00,12.7,95,92,6.2,0.0,0.0,0.0
2024-09-16 00:00:00,13.1,100,92,7.9,0.0,0.0,0.0
2024-09-16 01:00:00,13.3,99,92,5.9,0.0,0.0,0.0
2024-09-16 02:00:00,13.9,100,91,8.0,0.6,0.0,0.0
2024-09-16 03:00:00,13.9,100,94,13.7,0.0,0.0,0.0
2024-09-16 04:00:00,14.0,100,95,13.3,0.5,0.0,0.0
2024-09-16 05:00:00,14.8,100,92,22.4,0.3,0.0,0.0
2024-09-16 06:00:00,15.2,100,86,27.6,0.0,0.0,0.0
2024-09-16 07:00:00,15.0,99,86,24.3,0.0,0.0,25.5
2024-09-16 08:00:00,15.5,100,88,20.6,0.0,0.0,120.0
2024-09-16 09:00:00,16.5,100,85,27.0,0.0,0.0,190.1
2024-09-16 10:00:00,17.2,100,80,21.9,0.0,0.0,250.0
2024-09-16 11:00:00,16.8,100,76,21.8,0.0,0.0,112.6
2024-09-16 12:00:00,17.0,100,69,24.0,0.0,0.0,139.5
2024-09-16 13:00:00,18.0,98,63,24.7,0.0,0.0,272.8
2024-09-16 14:00:00,18.9,100,60,27.2,0.0,0.0,337.2
2024-09-16 15:00:00,16.9,100,75,25.5,0.3,0.0,143.1
2024-09-16 16:00:00,17.3,100,73,30.0,0.1,0.0,140.9
2024-09-16 17:00:00,16.9,100,72,30.5,0.0,0.0,59.5
2024-09-16 18:00:00,16.5,100,75,21.6,0.0,0.0,17.0
2024-09-16 19:00:00,16.4,100,77,18.3,0.0,0.0,0.0
2024-09-16 20:00:00,16.7,100,75,20.4,0.0,0.0,0.0
2024-09-16 21:00:00,16.8,100,74,22.2,0.0,0.0,0.0
2024-09-16 22:00:00,16.7,100,74,19.6,0.0,0.0,0.0
2024-09-16 23:00:00,16.4,100,76,18.9,0.0,0.0,0.0
2024-09-17 00:00:00,16.3,95,77,19.3,0.0,0.0,0.0
2024-09-17 01:00:00,16.2,95,75,19.5,0.0,0.0,0.0
2024-09-17 02:00:00,15.8,76,78,16.3,0.0,0.0,0.0
2024-09-17 03:00:00,15.3,98,83,16.9,0.0,0.0,0.0
2024-09-17 04:00:00,15.0,87,79,13.6,0.0,0.0,0.0
2024-09-17 05:00:00,14.2,67,82,16.2,0.0,0.0,0.0
2024-09-17 06:00:00,13.4,54,85,15.3,0.0,0.0,0.0
2024-09-17 07:00:00,13.3,70,82,15.2,0.0,0.0,38.1
2024-09-17 08:00:00,14.7,60,79,13.4,0.0,0.0,151.9
2024-09-17 09:00:00,16.3,44,73,14.8,0.0,0.0,289.5
2024-09-17 10:00:00,17.8,27,67,15.6,0.0,0.0,426.1
2024-09-17 11:00:00,19.3,13,63,15.5,0.0,0.0,578.2
2024-09-17 12:00:00,20.4,2,60,16.3,0.0,0.0,635.4
2024-09-17 13:00:00,21.3,6,58,16.4,0.0,0.0,644.4
2024-09-17 14:00:00,22.0,0,56,17.1,0.0,0.0,603.6
2024-09-17 15:00:00,22.5,14,53,16.9,0.0,0.0,521.7
2024-09-17 16:00:00,22.4,98,52,17.6,0.0,0.0,387.8
2024-09-17 17:00:00,21.7,79,58,14.7,0.0,0.0,149.7
2024-09-17 18:00:00,20.7,1,62,15.3,0.0,0.0,60.8
2024-09-17 19:00:00,19.0,0,66,16.4,0.0,0.0,0.0
2024-09-17 20:00:00,18.1,0,69,16.9,0.0,0.0,0.0
2024-09-17 21:00:00,17.7,1,69,17.9,0.0,0.0,0.0
2024-09-17 22:00:00,17.2,2,68,18.7,0.0,0.0,0.0
2024-09-17 23:00:00,16.5,2,68,17.1,0.0,0.0,0.0
2024-09-18 00:00:00,16.0,1,66,14.6,0.0,0.0,0.0
2024-09-18 01:00:00,15.3,0,67,12.7,0.0,0.0,0.0
2024-09-18 02:00:00,14.6,0,71,12.3,0.0,0.0,0.0
2024-09-18 03:00:00,14.4,29,74,8.6,0.0,0.0,0.0
2024-09-18 04:00:00,13.9,11,78,8.2,0.0,0.0,0.0
2024-09-18 05:00:00,13.6,12,79,10.0,0.0,0.0,0.0
2024-09-18 06:00:00,13.3,2,79,10.5,0.0,0.0,0.0
2024-09-18 07:00:00,13.3,0,80,10.7,0.0,0.0,40.0
2024-09-18 08:00:00,15.0,1,77,11.9,0.0,0.0,168.0
2024-09-18 09:00:00,17.3,0,71,10.0,0.0,0.0,323.2
2024-09-18 10:00:00,19.2,0,66,10.8,0.0,0.0,464.9
2024-09-18 11:00:00,20.7,0,64,12.6,0.0,0.0,570.9
2024-09-18 12:00:00,22.0,0,58,14.2,0.0,0.0,630.2
2024-09-18 13:00:00,22.7,3,53,15.8,0.0,0.0,640.3
2024-09-18 14:00:00,22.3,41,47,16.7,0.1,0.0,573.4
2024-09-18 15:00:00,22.0,20,46,19.3,0.2,0.0,382.1
2024-09-18 16:00:00,21.6,14,48,21.3,0.0,0.0,366.0
2024-09-18 17:00:00,21.0,0,56,15.3,0.0,0.0,236.7
2024-09-18 18:00:00,19.2,10,61,13.4,0.0,0.0,90.0
2024-09-18 19:00:00,16.2,0,78,6.2,0.0,0.0,0.0
2024-09-18 20:00:00,16.0,2,74,12.3,0.0,0.0,0.0
2024-09-18 21:00:00,15.7,1,71,13.6,0.0,0.0,0.0
2024-09-18 22:00:00,14.9,1,75,13.2,0.0,0.0,0.0
2024-09-18 23:00:00,14.6,78,76,13.7,0.0,0.0,0.0
2024-09-19 00:00:00,14.3,30,75,13.4,0.0,0.0,0.0
2024-09-19 01:00:00,13.7,2,77,12.6,0.0,0.0,0.0
2024-09-19 02:00:00,13.1,1,79,11.0,0.0,0.0,0.0
2024-09-19 03:00:00,12.9,3,78,10.1,0.0,0.0,0.0
2024-09-19 04:00:00,11.9,39,83,8.0,0.0,0.0,0.0
2024-09-19 05:00:00,11.6,0,85,10.3,0.0,0.0,0.0
2024-09-19 06:00:00,11.4,0,87,11.3,0.0,0.0,0.0
2024-09-19 07:00:00,11.7,0,86,14.0,0.0,0.0,37.9
2024-09-19 08:00:00,13.3,3,83,15.0,0.0,0.0,163.4
2024-09-19 09:00:00,14.7,29,78,17.7,0.0,0.0,320.2
2024-09-19 10:00:00,15.8,100,73,20.2,0.0,0.0,364.8
2024-09-19 11:00:00,15.2,100,74,21.7,0.0,0.0,220.1
2024-09-19 12:00:00,16.1,75,72,21.0,0.0,0.0,286.2
2024-09-19 13:00:00,18.0,30,64,23.4,0.0,0.0,541.3
2024-09-19 14:00:00,18.4,34,62,25.6,0.0,0.0,550.9
2024-09-19 15:00:00,18.2,95,61,23.5,0.0,0.0,177.0
2024-09-19 16:00:00,19.5,28,53,26.8,0.0,0.0,283.8
2024-09-19 17:00:00,19.4,7,55,21.8,0.0,0.0,211.0
2024-09-19 18:00:00,18.5,0,55,20.2,0.0,0.0,82.8
2024-09-19 19:00:00,17.3,4,54,19.3,0.0,0.0,0.0
2024-09-19 20:00:00,16.2,0,56,18.0,0.0,0.0,0.0
2024-09-19 21:00:00,15.5,22,56,18.2,0.0,0.0,0.0
2024-09-19 22:00:00,15.1,9,55,18.3,0.0,0.0,0.0
2024-09-19 23:00:00,14.4,1,57,17.5,0.0,0.0,0.0
2024-09-20 00:00:00,13.8,1,57,17.9,0.0,0.0,0.0
2024-09-20 01:00:00,13.2,4,58,17.5,0.0,0.0,0.0
2024-09-20 02:00:00,12.6,6,59,17.1,0.0,0.0,0.0
2024-09-20 03:00:00,12.5,20,61,15.7,0.0,0.0,0.0
2024-09-20 04:00:00,11.8,6,64,16.2,0.0,0.0,0.0
2024-09-20 05:00:00,11.4,0,66,16.3,0.0,0.0,0.0
2024-09-20 06:00:00,10.9,0,68,15.9,0.0,0.0,0.0
2024-09-20 07:00:00,10.7,0,70,16.2,0.0,0.0,35.6
2024-09-20 08:00:00,12.0,0,70,16.2,0.0,0.0,166.4
2024-09-20 09:00:00,13.9,0,66,16.6,0.0,0.0,325.9
2024-09-20 10:00:00,15.8,0,64,16.6,0.0,0.0,469.1
2024-09-20 11:00:00,17.6,0,60,18.0,0.0,0.0,578.9
2024-09-20 12:00:00,18.9,8,52,20.5,0.0,0.0,641.7
2024-09-20 13:00:00,19.7,5,45,22.4,0.0,0.0,653.0
2024-09-20 14:00:00,20.0,0,42,22.7,0.0,0.0,612.3
2024-09-20 15:00:00,20.5,20,39,19.2,0.0,0.0,524.8
2024-09-20 16:00:00,20.2,82,41,19.2,0.0,0.0,395.1
2024-09-20 17:00:00,19.4,35,47,17.0,0.0,0.0,237.6
2024-09-20 18:00:00,17.7,5,53,15.2,0.0,0.0,82.2
2024-09-20 19:00:00,15.9,0,58,14.5,0.0,0.0,0.0
2024-09-20 20:00:00,14.8,0,62,14.5,0.0,0.0,0.0
2024-09-20 21:00:00,14.0,0,64,13.7,0.0,0.0,0.0
2024-09-20 22:00:00,13.3,0,67,13.0,0.0,0.0,0.0
2024-09-20 23:00:00,12.7,0,67,13.3,0.0,0.0,0.0
2024-09-21 00:00:00,12.2,0,67,13.4,0.0,0.0,0.0
2024-09-21 01:00:00,11.8,0,66,13.1,0.0,0.0,0.0
2024-09-21 02:00:00,11.3,2,66,12.3,0.0,0.0,0.0
2024-09-21 03:00:00,10.9,0,68,12.6,0.0,0.0,0.0
2024-09-21 04:00:00,10.2,6,72,10.6,0.0,0.0,0.0
2024-09-21 05:00:00,9.5,0,77,9.1,0.0,0.0,0.0
2024-09-21 06:00:00,8.8,0,82,7.9,0.0,0.0,0.0
2024-09-21 07:00:00,8.9,5,83,8.2,0.0,0.0,33.0
2024-09-21 08:00:00,11.0,9,79,10.8,0.0,0.0,163.4
2024-09-21 09:00:00,13.4,8,74,8.4,0.0,0.0,321.8
2024-09-21 10:00:00,15.7,3,68,7.9,0.0,0.0,463.9
2024-09-21 11:00:00,17.7,0,60,7.2,0.0,0.0,572.7
2024-09-21 12:00:00,19.2,0,54,6.2,0.0,0.0,633.4
2024-09-21 13:00:00,20.1,0,50,5.5,0.0,0.0,642.9
2024-09-21 14:00:00,20.7,0,47,5.0,0.0,0.0,601.4
2024-09-21 15:00:00,21.3,0,40,5.2,0.0,0.0,515.9
2024-09-21 16:00:00,21.2,0,41,4.8,0.0,0.0,388.2
2024-09-21 17:00:00,20.8,0,46,4.0,0.0,0.0,234.9
2024-09-21 18:00:00,18.2,0,72,5.9,0.0,0.0,80.2
2024-09-21 19:00:00,14.5,0,76,9.1,0.0,0.0,0.0
2024-09-21 20:00:00,13.9,0,79,8.3,0.0,0.0,0.0
2024-09-21 21:00:00,13.1,0,80,9.0,0.0,0.0,0.0
2024-09-21 22:00:00,12.3,0,81,8.3,0.0,0.0,0.0
2024-09-21 23:00:00,11.2,0,85,7.2,0.0,0.0,0.0
2024-09-22 00:00:00,10.6,0,87,7.2,0.0,0.0,0.0
2024-09-22 01:00:00,10.5,0,86,7.3,0.0,0.0,0.0
2024-09-22 02:00:00,10.0,0,86,7.5,0.0,0.0,0.0
2024-09-22 03:00:00,9.7,0,89,7.5,0.0,0.0,0.0
2024-09-22 04:00:00,9.0,0,91,8.2,0.0,0.0,0.0
2024-09-22 05:00:00,8.5,0,92,8.2,0.0,0.0,0.0
2024-09-22 06:00:00,8.2,0,92,6.9,0.0,0.0,0.0
2024-09-22 07:00:00,8.8,0,92,6.7,0.0,0.0,30.1
2024-09-22 08:00:00,11.1,0,84,8.1,0.0,0.0,158.8
2024-09-22 09:00:00,14.1,0,81,6.0,0.0,0.0,318.9
2024-09-22 10:00:00,16.7,0,71,4.6,0.0,0.0,461.0
2024-09-22 11:00:00,18.7,0,60,3.1,0.0,0.0,567.5
2024-09-22 12:00:00,20.0,0,54,2.3,0.0,0.0,627.3
2024-09-22 13:00:00,20.8,0,50,3.4,0.0,0.0,636.8
2024-09-22 14:00:00,21.3,0,47,5.0,0.0,0.0,594.3
2024-09-22 15:00:00,21.8,0,42,6.0,0.0,0.0,508.9
2024-09-22 16:00:00,21.7,0,42,6.9,0.0,0.0,381.3
2024-09-22 17:00:00,21.0,0,50,5.5,0.0,0.0,228.9
2024-09-22 18:00:00,18.1,0,69,7.4,0.0,0.0,75.3
2024-09-22 19:00:00,14.7,0,73,10.7,0.0,0.0,0.0
2024-09-22 20:00:00,13.9,0,74,8.0,0.0,0.0,0.0
2024-09-22 21:00:00,12.4,0,80,8.7,0.0,0.0,0.0
2024-09-22 22:00:00,11.5,0,85,9.2,0.0,0.0,0.0
2024-09-22 23:00:00,11.4,0,85,8.7,0.0,0.0,0.0
2024-09-23 00:00:00,11.1,0,86,8.7,0.0,0.0,0.0
2024-09-23 01:00:00,10.3,0,86,12.5,0.0,0.0,0.0
2024-09-23 02:00:00,10.1,0,81,12.8,0.0,0.0,0.0
2024-09-23 03:00:00,9.6,0,84,10.1,0.0,0.0,0.0
2024-09-23 04:00:00,9.9,0,82,9.0,0.0,0.0,0.0
2024-09-23 05:00:00,10.1,0,78,9.0,0.0,0.0,0.0
2024-09-23 06:00:00,10.6,3,73,9.4,0.0,0.0,0.0
2024-09-23 07:00:00,10.6,0,73,10.1,0.0,0.0,32.2
2024-09-23 08:00:00,12.7,36,69,12.7,0.0,0.0,157.3
2024-09-23 09:00:00,15.4,100,67,12.3,0.0,0.0,317.3
2024-09-23 10:00:00,17.8,98,62,10.7,0.0,0.0,452.4
2024-09-23 11:00:00,19.7,100,51,13.7,0.0,0.0,512.9
2024-09-23 12:00:00,20.7,100,46,13.9,0.0,0.0,521.9
2024-09-23 13:00:00,21.4,100,48,16.6,0.0,0.0,534.8
2024-09-23 14:00:00,22.0,100,42,17.7,0.0,0.0,477.5
2024-09-23 15:00:00,22.4,100,43,19.0,0.0,0.0,397.6
2024-09-23 16:00:00,22.0,100,44,16.9,0.0,0.0,296.2
2024-09-23 17:00:00,21.0,100,49,13.3,0.0,0.0,174.8
2024-09-23 18:00:00,19.4,89,53,12.2,0.0,0.0,50.6
2024-09-23 19:00:00,18.3,23,51,14.3,0.0,0.0,0.0
2024-09-23 20:00:00,17.3,17,48,13.5,0.0,0.0,0.0
2024-09-23 21:00:00,15.8,25,53,10.4,0.0,0.0,0.0
2024-09-23 22:00:00,14.6,24,59,9.4,0.0,0.0,0.0
2024-09-23 23:00:00,13.9,17,63,10.5,0.0,0.0,0.0
2024-09-24 00:00:00,13.6,12,65,11.9,0.0,0.0,0.0
2024-09-24 01:00:00,13.3,20,65,13.1,0.0,0.0,0.0
2024-09-24 02:00:00,13.4,47,65,14.1,0.0,0.0,0.0
2024-09-24 03:00:00,13.4,70,65,14.8,0.0,0.0,0.0
2024-09-24 04:00:00,13.8,90,62,16.3,0.0,0.0,0.0
2024-09-24 05:00:00,13.9,96,60,18.3,0.0,0.0,0.0
2024-09-24 06:00:00,13.7,100,59,18.9,0.0,0.0,0.0
2024-09-24 07:00:00,13.8,98,59,18.6,0.0,0.0,23.0
2024-09-24 08:00:00,15.4,29,58,20.6,0.0,0.0,133.8
2024-09-24 09:00:00,17.5,81,61,21.7,0.0,0.0,288.3
2024-09-24 10:00:00,19.7,96,56,18.3,0.0,0.0,421.1
2024-09-24 11:00:00,21.6,16,47,19.0,0.0,0.0,519.6
2024-09-24 12:00:00,22.9,35,45,17.4,0.0,0.0,588.1
2024-09-24 13:00:00,23.7,81,47,18.9,0.0,0.0,602.5
2024-09-24 14:00:00,24.3,76,41,21.0,0.0,0.0,521.5
2024-09-24 15:00:00,22.3,93,50,17.7,0.2,0.0,169.6
2024-09-24 16:00:00,20.0,99,61,18.7,0.0,0.0,186.3
2024-09-24 17:00:00,18.7,100,67,22.1,0.0,0.0,114.4
2024-09-24 18:00:00,16.7,100,76,21.6,0.3,0.0,16.7
2024-09-24 19:00:00,15.8,100,83,15.5,2.4,0.0,0.0
2024-09-24 20:00:00,15.4,99,88,11.2,6.1,0.0,0.0
2024-09-24 21:00:00,14.9,29,89,10.0,0.0,0.0,0.0
2024-09-24 22:00:00,14.2,31,92,11.1,0.0,0.0,0.0
2024-09-24 23:00:00,14.0,89,92,11.9,0.0,0.0,0.0
2024-09-25 00:00:00,13.5,100,93,13.0,0.0,0.0,0.0
2024-09-25 01:00:00,13.5,96,93,14.8,0.0,0.0,0.0
2024-09-25 02:00:00,13.3,74,93,13.6,0.0,0.0,0.0
2024-09-25 03:00:00,13.3,30,94,12.7,0.0,0.0,0.0
2024-09-25 04:00:00,13.1,22,94,12.0,0.0,0.0,0.0
2024-09-25 05:00:00,12.9,23,94,11.1,0.0,0.0,0.0
2024-09-25 06:00:00,12.7,5,93,12.3,0.0,0.0,0.0
2024-09-25 07:00:00,12.8,0,92,13.2,0.0,0.0,24.8
2024-09-25 08:00:00,14.0,0,89,15.0,0.0,0.0,138.5
2024-09-25 09:00:00,15.7,0,82,15.9,0.0,0.0,291.6
2024-09-25 10:00:00,17.4,0,74,18.1,0.0,0.0,430.7
2024-09-25 11:00:00,18.8,0,65,19.3,0.0,0.0,531.7
2024-09-25 12:00:00,19.8,0,57,20.2,0.0,0.0,591.2
2024-09-25 13:00:00,20.4,1,53,19.8,0.0,0.0,601.4
2024-09-25 14:00:00,20.7,2,51,18.1,0.0,0.0,549.1
2024-09-25 15:00:00,20.7,9,51,17.0,0.0,0.0,456.6
2024-09-25 16:00:00,20.2,7,53,18.1,0.0,0.0,330.3
2024-09-25 17:00:00,19.6,7,56,15.3,0.0,0.0,192.8
2024-09-25 18:00:00,18.2,5,62,11.5,0.0,0.0,53.8
2024-09-25 19:00:00,16.6,1,68,12.2,0.0,0.0,0.0
2024-09-25 20:00:00,16.4,7,67,16.8,0.0,0.0,0.0
2024-09-25 21:00:00,15.4,94,73,14.3,0.0,0.0,0.0
2024-09-25 22:00:00,14.8,100,77,15.9,0.0,0.0,0.0
2024-09-25 23:00:00,14.6,94,78,15.8,0.0,0.0,0.0
2024-09-26 00:00:00,14.4,88,79,15.1,0.0,0.0,0.0
2024-09-26 01:00:00,14.0,86,81,13.5,0.0,0.0,0.0
2024-09-26 02:00:00,14.0,38,82,13.0,0.0,0.0,0.0
2024-09-26 03:00:00,14.0,100,83,13.4,0.0,0.0,0.0
2024-09-26 04:00:00,14.0,100,83,11.9,0.0,0.0,0.0
2024-09-26 05:00:00,13.8,100,83,13.1,0.0,0.0,0.0
2024-09-26 06:00:00,13.9,100,82,12.4,0.0,0.0,0.0
2024-09-26 07:00:00,14.6,100,79,15.1,0.0,0.0,13.5
2024-09-26 08:00:00,15.6,100,76,17.4,0.0,0.0,61.2
2024-09-26 09:00:00,17.2,99,70,21.8,0.0,0.0,166.2
2024-09-26 10:00:00,18.1,95,69,23.7,0.0,0.0,298.0
2024-09-26 11:00:00,19.2,100,63,32.1,0.1,0.0,430.7
2024-09-26 12:00:00,20.1,100,59,34.6,0.0,0.0,376.3
2024-09-26 13:00:00,20.7,100,59,28.5,0.0,0.0,394.9
2024-09-26 14:00:00,21.3,100,60,28.6,0.0,0.0,475.7
2024-09-26 15:00:00,20.8,99,57,28.7,0.0,0.0,170.1
2024-09-26 16:00:00,19.8,100,67,25.1,0.0,0.0,133.7
2024-09-26 17:00:00,20.1,100,66,23.3,0.0,0.0,107.6
2024-09-26 18:00:00,20.0,100,64,24.5,0.0,0.0,21.7
2024-09-26 19:00:00,19.9,100,66,23.5,0.1,0.0,0.0
2024-09-26 20:00:00,19.2,100,72,17.7,0.2,0.0,0.0
2024-09-26 21:00:00,19.2,98,74,15.5,0.0,0.0,0.0
2024-09-26 22:00:00,18.8,89,71,14.0,0.0,0.0,0.0
2024-09-26 23:00:00,18.9,90,67,16.7,0.0,0.0,0.0
2024-09-27 00:00:00,18.4,68,70,17.4,0.0,0.0,0.0
2024-09-27 01:00:00,18.4,98,71,19.9,0.0,0.0,0.0
2024-09-27 02:00:00,18.4,97,72,23.1,0.0,0.0,0.0
2024-09-27 03:00:00,17.7,100,85,18.9,1.5,0.0,0.0
2024-09-27 04:00:00,17.0,99,87,20.2,0.0,0.0,0.0
2024-09-27 05:00:00,16.1,95,91,16.6,0.0,0.0,0.0
2024-09-27 06:00:00,15.9,96,80,23.6,0.0,0.0,0.0
2024-09-27 07:00:00,15.8,100,82,23.4,0.1,0.0,7.4
2024-09-27 08:00:00,15.6,100,79,24.8,0.2,0.0,27.7
2024-09-27 09:00:00,15.6,100,81,23.8,0.3,0.0,61.4
2024-09-27 10:00:00,16.0,100,79,23.3,0.1,0.0,109.3
2024-09-27 11:00:00,17.0,68,76,21.3,0.0,0.0,191.7
2024-09-27 12:00:00,19.4,96,65,23.6,0.0,0.0,561.3
2024-09-27 13:00:00,19.2,100,66,23.9,0.0,0.0,397.8
2024-09-27 14:00:00,18.9,99,66,23.1,0.0,0.0,228.6
2024-09-27 15:00:00,19.4,100,62,24.8,0.0,0.0,270.0
2024-09-27 16:00:00,18.3,100,70,19.4,0.2,0.0,74.9
2024-09-27 17:00:00,17.0,100,79,17.4,0.6,0.0,37.2
2024-09-27 18:00:00,15.9,100,88,13.6,0.9,0.0,8.8
2024-09-27 19:00:00,15.4,100,88,11.2,0.3,0.0,0.0
2024-09-27 20:00:00,14.9,87,90,5.7,0.0,0.0,0.0
2024-09-27 21:00:00,14.7,79,90,4.5,0.1,0.0,0.0
2024-09-27 22:00:00,14.4,100,91,11.4,1.8,0.0,0.0
2024-09-27 23:00:00,13.9,100,88,12.9,1.7,0.0,0.0
2024-09-28 00:00:00,13.6,96,85,15.5,0.3,0.0,0.0
2024-09-28 01:00:00,13.5,28,86,17.4,0.0,0.0,0.0
2024-09-28 02:00:00,13.0,30,88,16.0,0.0,0.0,0.0
2024-09-28 03:00:00,13.7,97,78,22.1,0.0,0.0,0.0
2024-09-28 04:00:00,13.6,70,77,20.3,0.0,0.0,0.0
2024-09-28 05:00:00,12.4,2,79,17.7,0.0,0.0,0.0
2024-09-28 06:00:00,11.7,34,78,14.7,0.0,0.0,0.0
2024-09-28 07:00:00,10.9,32,81,14.1,0.0,0.0,16.3
2024-09-28 08:00:00,12.0,6,78,15.9,0.0,0.0,127.3
2024-09-28 09:00:00,13.8,6,73,16.3,0.0,0.0,281.6
2024-09-28 10:00:00,15.3,65,65,18.4,0.0,0.0,423.0
2024-09-28 11:00:00,16.2,97,58,18.2,0.0,0.0,514.1
2024-09-28 12:00:00,17.1,98,55,18.0,0.0,0.0,560.4
2024-09-28 13:00:00,17.6,99,51,15.5,0.0,0.0,520.3
2024-09-28 14:00:00,17.1,99,52,14.6,0.0,0.0,294.7
2024-09-28 15:00:00,16.0,100,60,11.8,0.0,0.0,245.9
2024-09-28 16:00:00,16.2,97,59,12.6,0.0,0.0,239.6
2024-09-28 17:00:00,15.4,100,62,13.6,0.0,0.0,122.1
2024-09-28 18:00:00,14.3,98,66,11.5,0.0,0.0,29.9
2024-09-28 19:00:00,13.1,90,68,12.2,0.0,0.0,0.0
2024-09-28 20:00:00,12.5,47,72,13.7,0.0,0.0,0.0
2024-09-28 21:00:00,11.6,19,76,13.4,0.0,0.0,0.0
2024-09-28 22:00:00,10.8,1,79,14.5,0.0,0.0,0.0
2024-09-28 23:00:00,10.2,4,78,15.1,0.0,0.0,0.0
2024-09-29 00:00:00,9.8,10,78,14.6,0.0,0.0,0.0
2024-09-29 01:00:00,9.1,21,80,14.0,0.0,0.0,0.0
2024-09-29 02:00:00,8.6,21,82,14.5,0.0,0.0,0.0
2024-09-29 03:00:00,8.0,1,85,16.1,0.0,0.0,0.0
2024-09-29 04:00:00,7.4,0,87,15.7,0.0,0.0,0.0
2024-09-29 05:00:00,6.9,2,89,14.9,0.0,0.0,0.0
2024-09-29 06:00:00,6.5,4,91,14.1,0.0,0.0,0.0
2024-09-29 07:00:00,6.2,4,92,13.2,0.0,0.0,18.2
2024-09-29 08:00:00,7.2,18,87,17.6,0.0,0.0,122.4
2024-09-29 09:00:00,8.5,33,78,20.8,0.0,0.0,268.6
2024-09-29 10:00:00,9.8,32,69,20.8,0.0,0.0,390.4
2024-09-29 11:00:00,10.8,52,61,20.8,0.0,0.0,452.9
2024-09-29 12:00:00,11.6,69,54,18.7,0.0,0.0,440.5
2024-09-29 13:00:00,12.0,77,51,17.8,0.1,0.0,374.7
2024-09-29 14:00:00,12.0,74,50,17.6,0.0,0.0,314.7
2024-09-29 15:00:00,12.3,37,49,17.6,0.0,0.0,262.1
2024-09-29 16:00:00,12.4,80,47,18.1,0.0,0.0,273.2
2024-09-29 17:00:00,12.1,66,48,16.6,0.0,0.0,116.8
2024-09-29 18:00:00,11.5,74,54,11.9,0.0,0.0,26.2
2024-09-29 19:00:00,10.5,30,59,8.9,0.0,0.0,0.0
2024-09-29 20:00:00,8.8,6,68,7.4,0.0,0.0,0.0
2024-09-29 21:00:00,7.6,8,74,7.4,0.0,0.0,0.0
2024-09-29 22:00:00,7.2,9,76,8.7,0.0,0.0,0.0
2024-09-29 23:00:00,6.8,10,79,8.8,0.0,0.0,0.0
2024-09-30 00:00:00,6.4,0,82,9.4,0.0,0.0,0.0
2024-09-30 01:00:00,6.0,0,85,9.1,0.0,0.0,0.0
2024-09-30 02:00:00,5.6,0,88,8.0,0.0,0.0,0.0
2024-09-30 03:00:00,5.2,0,90,10.1,0.0,0.0,0.0
2024-09-30 04:00:00,5.0,0,91,8.9,0.0,0.0,0.0
2024-09-30 05:00:00,4.7,0,91,8.3,0.0,0.0,0.0
2024-09-30 06:00:00,4.6,0,92,8.7,0.0,0.0,0.0
2024-09-30 07:00:00,4.1,35,93,6.8,0.0,0.0,10.3
2024-09-30 08:00:00,5.8,93,88,9.4,0.0,0.0,126.0
2024-09-30 09:00:00,7.9,85,79,9.8,0.0,0.0,274.5
2024-09-30 10:00:00,9.7,100,73,7.9,0.0,0.0,385.2
2024-09-30 11:00:00,11.2,100,68,7.7,0.0,0.0,466.0
2024-09-30 12:00:00,12.5,100,58,12.3,0.0,0.0,525.3
2024-09-30 13:00:00,13.0,100,52,14.7,0.0,0.0,491.2
2024-09-30 14:00:00,13.3,100,48,15.5,0.0,0.0,410.4
2024-09-30 15:00:00,13.2,99,49,14.3,0.0,0.0,207.8
2024-09-30 16:00:00,13.2,78,50,13.0,0.0,0.0,187.1
2024-09-30 17:00:00,12.8,76,53,12.9,0.0,0.0,95.9
2024-09-30 18:00:00,11.9,48,60,11.3,0.0,0.0,23.7
2024-09-30 19:00:00,10.4,16,68,10.1,0.0,0.0,0.0
2024-09-30 20:00:00,9.1,2,74,10.2,0.0,0.0,0.0
2024-09-30 21:00:00,8.5,2,77,10.9,0.0,0.0,0.0
2024-09-30 22:00:00,7.7,2,78,11.4,0.0,0.0,0.0
2024-09-30 23:00:00,7.3,1,76,12.6,0.0,0.0,0.0
2024-10-01 00:00:00,7.0,0,74,11.4,0.0,0.0,0.0
2024-10-01 01:00:00,6.5,0,76,11.6,0.0,0.0,0.0
2024-10-01 02:00:00,6.0,0,79,10.5,0.0,0.0,0.0
2024-10-01 03:00:00,4.8,0,87,9.3,0.0,0.0,0.0
2024-10-01 04:00:00,4.3,0,88,8.3,0.0,0.0,0.0
2024-10-01 05:00:00,4.1,0,88,8.3,0.0,0.0,0.0
2024-10-01 06:00:00,4.1,0,87,9.3,0.0,0.0,0.0
2024-10-01 07:00:00,4.0,0,87,9.8,0.0,0.0,11.9
2024-10-01 08:00:00,5.6,0,82,12.6,0.0,0.0,124.6
2024-10-01 09:00:00,8.1,0,75,10.6,0.0,0.0,278.0
2024-10-01 10:00:00,10.4,0,65,13.0,0.0,0.0,415.4
2024-10-01 11:00:00,12.1,0,56,13.0,0.0,0.0,514.8
2024-10-01 12:00:00,13.3,2,53,11.0,0.0,0.0,568.8
2024-10-01 13:00:00,14.2,2,51,9.6,0.0,0.0,572.7
2024-10-01 14:00:00,14.9,12,51,9.1,0.0,0.0,528.0
2024-10-01 15:00:00,15.3,91,52,9.6,0.0,0.0,404.1
2024-10-01 16:00:00,15.2,27,55,10.1,0.0,0.0,209.6
2024-10-01 17:00:00,15.5,64,56,8.6,0.0,0.0,154.9
2024-10-01 18:00:00,13.6,83,69,5.1,0.0,0.0,21.2
2024-10-01 19:00:00,12.0,94,71,8.8,0.0,0.0,0.0
2024-10-01 20:00:00,11.0,97,71,8.4,0.0,0.0,0.0
2024-10-01 21:00:00,11.0,37,66,9.3,0.0,0.0,0.0
2024-10-01 22:00:00,10.2,8,71,10.5,0.0,0.0,0.0
2024-10-01 23:00:00,9.5,16,79,10.8,0.0,0.0,0.0
2024-10-02 00:00:00,9.1,14,81,10.2,0.0,0.0,0.0
2024-10-02 01:00:00,8.7,100,83,9.3,0.0,0.0,0.0
2024-10-02 02:00:00,9.8,100,77,9.5,0.0,0.0,0.0
2024-10-02 03:00:00,8.7,100,84,8.5,0.0,0.0,0.0
2024-10-02 04:00:00,8.3,58,85,7.0,0.0,0.0,0.0
2024-10-02 05:00:00,8.4,73,84,6.6,0.0,0.0,0.0
2024-10-02 06:00:00,7.3,76,88,9.9,0.0,0.0,0.0
2024-10-02 07:00:00,7.8,99,86,8.1,0.0,0.0,14.1
2024-10-02 08:00:00,9.7,100,79,12.1,0.0,0.0,68.7
2024-10-02 09:00:00,10.3,100,79,15.0,0.1,0.0,79.0
2024-10-02 10:00:00,11.1,100,80,14.5,0.3,0.0,97.4
2024-10-02 11:00:00,11.3,100,79,13.9,0.4,0.0,49.7
2024-10-02 12:00:00,11.1,100,87,11.8,0.8,0.0,62.1
2024-10-02 13:00:00,11.3,100,90,10.3,1.3,0.0,70.7
2024-10-02 14:00:00,11.6,100,91,9.2,1.2,0.0,81.4
2024-10-02 15:00:00,11.8,100,89,9.1,0.5,0.0,87.6
2024-10-02 16:00:00,11.9,100,87,10.1,0.1,0.0,63.7
2024-10-02 17:00:00,11.5,100,90,9.0,0.1,0.0,22.7
2024-10-02 18:00:00,11.1,100,93,6.2,0.1,0.0,3.3
2024-10-02 19:00:00,11.0,100,94,5.4,0.6,0.0,0.0
2024-10-02 20:00:00,10.7,100,95,5.5,1.3,0.0,0.0
2024-10-02 21:00:00,10.6,100,95,6.2,1.3,0.0,0.0
2024-10-02 22:00:00,10.6,100,95,6.0,0.9,0.0,0.0
2024-10-02 23:00:00,10.3,100,94,6.7,0.5,0.0,0.0
2024-10-03 00:00:00,10.1,100,93,7.3,0.4,0.0,0.0
2024-10-03 01:00:00,10.0,100,91,8.4,0.1,0.0,0.0
2024-10-03 02:00:00,9.9,100,90,9.6,0.0,0.0,0.0
2024-10-03 03:00:00,9.5,100,93,13.2,0.1,0.0,0.0
2024-10-03 04:00:00,9.5,100,95,12.6,0.1,0.0,0.0
2024-10-03 05:00:00,9.5,100,94,13.3,0.1,0.0,0.0
2024-10-03 06:00:00,9.5,100,95,13.1,0.0,0.0,0.0
2024-10-03 07:00:00,9.2,100,96,13.7,0.0,0.0,0.0
2024-10-03 08:00:00,9.4,100,93,15.2,0.0,0.0,32.3
2024-10-03 09:00:00,9.7,100,93,15.5,0.0,0.0,52.4
2024-10-03 10:00:00,10.1,100,92,15.5,0.2,0.0,86.1
2024-10-03 11:00:00,11.1,100,85,13.7,0.1,0.0,123.2
2024-10-03 12:00:00,11.3,100,84,12.4,0.1,0.0,151.0
2024-10-03 13:00:00,11.6,100,84,13.0,0.2,0.0,174.2
2024-10-03 14:00:00,12.2,100,80,13.6,0.1,0.0,255.5
2024-10-03 15:00:00,10.7,100,83,13.4,0.0,0.0,79.3
2024-10-03 16:00:00,11.0,100,80,13.2,0.0,0.0,85.6
2024-10-03 17:00:00,11.1,100,77,12.3,0.0,0.0,46.4
2024-10-03 18:00:00,10.8,100,80,9.9,0.0,0.0,7.6
2024-10-03 19:00:00,10.3,100,84,6.1,0.0,0.0,0.0
2024-10-03 20:00:00,9.7,99,89,4.1,0.0,0.0,0.0
2024-10-03 21:00:00,9.0,100,93,4.8,0.0,0.0,0.0
2024-10-03 22:00:00,6.8,100,97,8.1,0.0,0.0,0.0
2024-10-03 23:00:00,6.2,100,98,8.4,0.0,0.0,0.0
2024-10-04 00:00:00,6.3,100,99,7.6,0.0,0.0,0.0
2024-10-04 01:00:00,5.9,100,99,7.9,0.0,0.0,0.0
2024-10-04 02:00:00,7.0,100,98,6.1,0.0,0.0,0.0
2024-10-04 03:00:00,7.4,100,98,4.5,0.0,0.0,0.0
2024-10-04 04:00:00,7.5,100,97,5.9,0.0,0.0,0.0
2024-10-04 05:00:00,7.9,100,96,7.1,0.0,0.0,0.0
2024-10-04 06:00:00,8.3,100,95,8.5,0.0,0.0,0.0
2024-10-04 07:00:00,8.4,100,95,8.9,0.0,0.0,0.0
2024-10-04 08:00:00,8.8,100,93,12.5,0.0,0.0,29.3
2024-10-04 09:00:00,9.6,100,88,14.3,0.0,0.0,84.7
2024-10-04 10:00:00,10.1,100,85,15.8,0.0,0.0,120.6
2024-10-04 11:00:00,10.1,100,86,17.1,0.4,0.0,83.2
2024-10-04 12:00:00,10.4,100,86,17.2,0.4,0.0,102.4
2024-10-04 13:00:00,10.0,100,91,14.6,0.5,0.0,53.7
2024-10-04 14:00:00,10.6,100,85,16.6,0.4,0.0,120.5
2024-10-04 15:00:00,10.5,100,81,14.9,0.0,0.0,63.7
2024-10-04 16:00:00,10.1,100,86,15.3,0.2,0.0,40.6
2024-10-04 17:00:00,9.9,100,88,16.4,0.2,0.0,36.7
2024-10-04 18:00:00,9.5,100,90,15.7,0.1,0.0,3.5
2024-10-04 19:00:00,9.4,100,91,14.9,0.1,0.0,0.0
2024-10-04 20:00:00,9.3,100,93,16.5,0.5,0.0,0.0
2024-10-04 21:00:00,9.2,100,93,16.2,0.5,0.0,0.0
2024-10-04 22:00:00,9.3,100,93,17.3,0.2,0.0,0.0
2024-10-04 23:00:00,9.3,100,94,17.3,0.1,0.0,0.0
2024-10-05 00:00:00,9.4,100,94,16.9,0.1,0.0,0.0
2024-10-05 01:00:00,9.6,100,93,17.9,0.1,0.0,0.0
2024-10-05 02:00:00,9.7,100,94,18.2,0.3,0.0,0.0
2024-10-05 03:00:00,9.4,100,95,17.6,0.1,0.0,0.0
2024-10-05 04:00:00,9.4,100,95,17.4,0.2,0.0,0.0
2024-10-05 05:00:00,9.4,100,95,16.6,0.3,0.0,0.0
2024-10-05 06:00:00,9.3,100,95,16.7,0.4,0.0,0.0
2024-10-05 07:00:00,9.3,100,95,16.8,0.3,0.0,0.0
2024-10-05 08:00:00,9.4,100,94,16.7,0.1,0.0,22.4
2024-10-05 09:00:00,9.6,100,93,18.0,0.0,0.0,39.9
2024-10-05 10:00:00,9.6,100,94,17.9,0.2,0.0,55.2
2024-10-05 11:00:00,9.9,100,92,17.6,0.1,0.0,70.3
2024-10-05 12:00:00,10.3,100,90,16.7,0.1,0.0,86.9
2024-10-05 13:00:00,10.5,100,89,16.2,0.0,0.0,82.6
2024-10-05 14:00:00,11.0,100,86,16.2,0.0,0.0,119.5
2024-10-05 15:00:00,10.5,100,91,14.8,0.2,0.0,61.8
2024-10-05 16:00:00,10.6,100,90,14.3,0.1,0.0,48.9
2024-10-05 17:00:00,10.5,100,91,11.8,0.0,0.0,24.2
2024-10-05 18:00:00,10.3,100,93,10.0,0.0,0.0,2.1
2024-10-05 19:00:00,10.1,100,94,10.6,0.0,0.0,0.0
2024-10-05 20:00:00,10.0,100,94,11.2,0.0,0.0,0.0
2024-10-05 21:00:00,9.9,100,93,11.2,0.0,0.0,0.0
2024-10-05 22:00:00,9.7,100,93,11.4,0.0,0.0,0.0
2024-10-05 23:00:00,9.6,100,93,10.5,0.0,0.0,0.0
2024-10-06 00:00:00,9.4,100,94,9.4,0.0,0.0,0.0
2024-10-06 01:00:00,9.4,100,94,9.1,0.0,0.0,0.0
2024-10-06 02:00:00,9.4,100,94,8.9,0.0,0.0,0.0
2024-10-06 03:00:00,9.1,100,95,6.7,0.0,0.0,0.0
2024-10-06 04:00:00,9.1,100,94,5.9,0.0,0.0,0.0
2024-10-06 05:00:00,9.1,100,95,5.7,0.0,0.0,0.0
2024-10-06 06:00:00,9.1,100,94,5.9,0.0,0.0,0.0
2024-10-06 07:00:00,9.0,100,95,6.6,0.0,0.0,0.0
2024-10-06 08:00:00,9.2,100,93,8.3,0.1,0.0,28.7
2024-10-06 09:00:00,9.5,100,92,8.8,0.2,0.0,47.8
2024-10-06 10:00:00,9.8,100,89,8.4,0.1,0.0,72.6
2024-10-06 11:00:00,10.4,100,85,7.5,0.0,0.0,124.5
2024-10-06 12:00:00,10.6,100,83,5.4,0.0,0.0,107.6
2024-10-06 13:00:00,11.4,100,79,3.3,0.0,0.0,175.1
2024-10-06 14:00:00,11.7,100,78,3.6,0.0,0.0,134.7
2024-10-06 15:00:00,12.1,98,75,6.7,0.1,0.0,182.5
2024-10-06 16:00:00,12.0,99,75,7.2,0.1,0.0,152.9
2024-10-06 17:00:00,11.5,76,76,6.9,0.1,0.0,68.4
2024-10-06 18:00:00,10.7,63,83,4.9,0.0,0.0,5.4
2024-10-06 19:00:00,8.7,17,93,6.9,0.0,0.0,0.0
2024-10-06 20:00:00,7.9,16,94,7.2,0.0,0.0,0.0
2024-10-06 21:00:00,7.4,17,96,6.2,0.0,0.0,0.0
2024-10-06 22:00:00,7.0,41,97,6.3,0.0,0.0,0.0
2024-10-06 23:00:00,6.8,70,98,5.8,0.0,0.0,0.0
2024-10-07 00:00:00,6.7,42,98,5.4,0.0,0.0,0.0
2024-10-07 01:00:00,7.5,53,98,3.8,0.0,0.0,0.0
2024-10-07 02:00:00,7.4,7,98,4.0,0.0,0.0,0.0
2024-10-07 03:00:00,5.4,100,99,4.4,0.0,0.0,0.0
2024-10-07 04:00:00,5.4,100,100,3.0,0.0,0.0,0.0
2024-10-07 05:00:00,5.1,100,100,0.7,0.0,0.0,0.0
2024-10-07 06:00:00,5.4,100,99,2.9,0.0,0.0,0.0
2024-10-07 07:00:00,5.6,100,95,4.1,0.0,0.0,0.0
2024-10-07 08:00:00,6.2,100,97,7.0,0.0,0.0,45.1
2024-10-07 09:00:00,7.3,100,98,9.4,0.0,0.0,115.6
2024-10-07 10:00:00,8.4,100,98,10.3,0.0,0.0,199.6
2024-10-07 11:00:00,11.2,37,82,11.1,0.0,0.0,320.5
2024-10-07 12:00:00,13.4,6,70,13.3,0.0,0.0,500.9
2024-10-07 13:00:00,15.4,100,57,20.2,0.0,0.0,515.2
2024-10-07 14:00:00,16.0,13,57,19.7,0.0,0.0,355.1
2024-10-07 15:00:00,15.7,12,61,18.7,0.0,0.0,337.4
2024-10-07 16:00:00,15.6,3,62,18.7,0.0,0.0,277.1
2024-10-07 17:00:00,14.6,2,68,16.1,0.0,0.0,134.0
2024-10-07 18:00:00,12.9,97,74,13.0,0.0,0.0,5.6
2024-10-07 19:00:00,11.9,56,78,11.1,0.0,0.0,0.0
2024-10-07 20:00:00,10.7,6,85,8.0,0.0,0.0,0.0
2024-10-07 21:00:00,10.2,2,88,8.7,0.0,0.0,0.0
2024-10-07 22:00:00,10.0,7,88,10.5,0.0,0.0,0.0
2024-10-07 23:00:00,9.6,24,88,7.6,0.0,0.0,0.0
2024-10-08 00:00:00,8.3,3,91,11.0,0.0,0.0,0.0
2024-10-08 01:00:00,8.4,46,88,9.5,0.0,0.0,0.0
2024-10-08 02:00:00,7.9,56,89,10.3,0.0,0.0,0.0
2024-10-08 03:00:00,8.1,33,90,9.2,0.0,0.0,0.0
2024-10-08 04:00:00,8.0,51,91,9.7,0.0,0.0,0.0
2024-10-08 05:00:00,8.5,50,91,8.3,0.0,0.0,0.0
2024-10-08 06:00:00,9.2,65,90,7.3,0.0,0.0,0.0
2024-10-08 07:00:00,9.5,19,90,10.3,0.0,0.0,0.0
2024-10-08 08:00:00,10.8,2,83,13.2,0.0,0.0,90.6
2024-10-08 09:00:00,12.6,10,79,12.5,0.0,0.0,229.5
2024-10-08 10:00:00,14.9,43,73,10.1,0.0,0.0,358.2
2024-10-08 11:00:00,16.9,6,69,13.0,0.0,0.0,450.8
2024-10-08 12:00:00,18.3,37,67,15.9,0.0,0.0,506.1
2024-10-08 13:00:00,19.1,23,67,17.6,0.0,0.0,509.1
2024-10-08 14:00:00,20.1,10,64,16.7,0.0,0.0,474.1
2024-10-08 15:00:00,20.8,22,63,12.7,0.0,0.0,335.1
2024-10-08 16:00:00,20.6,39,61,18.7,0.0,0.0,241.2
2024-10-08 17:00:00,18.6,57,67,20.8,0.0,0.0,119.4
2024-10-08 18:00:00,16.7,38,72,18.2,0.0,0.0,1.8
2024-10-08 19:00:00,15.7,76,76,12.9,0.0,0.0,0.0
2024-10-08 20:00:00,15.3,38,79,10.2,0.0,0.0,0.0
2024-10-08 21:00:00,14.2,99,85,10.4,0.0,0.0,0.0
2024-10-08 22:00:00,15.1,97,79,15.2,0.0,0.0,0.0
2024-10-08 23:00:00,14.5,64,81,12.1,0.0,0.0,0.0
2024-10-09 00:00:00,14.0,50,83,11.8,0.0,0.0,0.0
2024-10-09 01:00:00,13.1,77,87,7.1,0.0,0.0,0.0
2024-10-09 02:00:00,13.1,89,86,9.2,0.0,0.0,0.0
2024-10-09 03:00:00,14.1,100,83,7.0,0.0,0.0,0.0
2024-10-09 04:00:00,14.4,99,81,9.3,0.0,0.0,0.0
2024-10-09 05:00:00,14.5,100,79,10.9,0.0,0.0,0.0
2024-10-09 06:00:00,15.3,100,74,11.4,0.0,0.0,0.0
2024-10-09 07:00:00,16.6,100,69,16.9,0.0,0.0,0.0
2024-10-09 08:00:00,16.6,100,74,19.4,0.1,0.0,24.8
2024-10-09 09:00:00,16.9,100,76,18.3,0.0,0.0,85.1
2024-10-09 10:00:00,16.7,100,79,16.6,0.1,0.0,77.5
2024-10-09 11:00:00,16.4,100,83,15.7,0.1,0.0,71.6
2024-10-09 12:00:00,16.0,100,87,17.7,0.5,0.0,66.2
2024-10-09 13:00:00,15.7,100,92,12.4,0.2,0.0,64.6
2024-10-09 14:00:00,16.5,98,86,8.2,0.1,0.0,210.7
2024-10-09 15:00:00,16.2,27,81,1.9,0.0,0.0,264.0
2024-10-09 16:00:00,16.7,6,79,5.9,0.0,0.0,247.0
2024-10-09 17:00:00,16.5,78,79,7.9,0.0,0.0,115.2
2024-10-09 18:00:00,14.8,100,88,7.2,0.0,0.0,0.0
2024-10-09 19:00:00,13.7,100,91,8.1,0.0,0.0,0.0
2024-10-09 20:00:00,13.8,100,91,10.4,0.0,0.0,0.0
2024-10-09 21:00:00,14.3,100,88,15.2,0.0,0.0,0.0
2024-10-09 22:00:00,13.9,100,88,15.2,0.0,0.0,0.0
2024-10-09 23:00:00,13.9,99,86,16.0,0.0,0.0,0.0
2024-10-10 00:00:00,13.3,65,88,12.6,0.0,0.0,0.0
2024-10-10 01:00:00,12.5,6,90,10.0,0.0,0.0,0.0
2024-10-10 02:00:00,12.2,58,90,10.8,0.0,0.0,0.0
2024-10-10 03:00:00,12.3,76,90,9.6,0.0,0.0,0.0
2024-10-10 04:00:00,12.0,90,90,8.7,0.0,0.0,0.0
2024-10-10 05:00:00,11.9,44,90,8.9,0.0,0.0,0.0
2024-10-10 06:00:00,12.4,38,89,10.4,0.0,0.0,0.0
2024-10-10 07:00:00,12.4,24,89,11.6,0.0,0.0,0.0
2024-10-10 08:00:00,13.5,39,85,12.8,0.0,0.0,78.8
2024-10-10 09:00:00,16.2,36,73,19.4,0.0,0.0,201.3
2024-10-10 10:00:00,17.7,32,69,20.5,0.0,0.0,323.4
2024-10-10 11:00:00,18.8,3,67,23.4,0.0,0.0,415.5
2024-10-10 12:00:00,19.8,42,65,24.3,0.0,0.0,480.4
2024-10-10 13:00:00,20.6,99,63,26.1,0.0,0.0,493.0
2024-10-10 14:00:00,20.9,96,62,25.7,0.0,0.0,383.9
2024-10-10 15:00:00,19.8,99,66,26.4,0.0,0.0,300.7
2024-10-10 16:00:00,18.5,100,77,18.5,0.3,0.0,108.6
2024-10-10 17:00:00,17.8,100,79,17.8,0.1,0.0,36.4
2024-10-10 18:00:00,16.8,100,82,17.5,0.2,0.0,0.0
2024-10-10 19:00:00,15.5,100,80,19.2,0.0,0.0,0.0
2024-10-10 20:00:00,14.1,100,88,16.4,0.6,0.0,0.0
2024-10-10 21:00:00,13.8,100,92,10.8,1.3,0.0,0.0
2024-10-10 22:00:00,13.5,100,94,9.0,0.3,0.0,0.0
2024-10-10 23:00:00,13.2,100,94,8.6,0.2,0.0,0.0
2024-10-11 00:00:00,13.0,100,94,7.7,0.1,0.0,0.0
2024-10-11 01:00:00,12.8,100,93,6.9,0.4,0.0,0.0
2024-10-11 02:00:00,12.6,100,95,5.7,1.4,0.0,0.0
2024-10-11 03:00:00,12.3,100,95,6.4,0.0,0.0,0.0
2024-10-11 04:00:00,12.0,100,95,7.2,0.0,0.0,0.0
2024-10-11 05:00:00,12.1,100,92,14.0,0.1,0.0,0.0
2024-10-11 06:00:00,11.6,100,94,15.0,1.1,0.0,0.0
2024-10-11 07:00:00,11.3,100,94,14.6,0.7,0.0,0.0
2024-10-11 08:00:00,10.4,74,90,19.7,0.1,0.0,21.9
2024-10-11 09:00:00,9.9,29,84,17.6,0.1,0.0,137.5
2024-10-11 10:00:00,10.6,29,79,17.9,0.0,0.0,321.6
2024-10-11 11:00:00,11.5,51,71,18.2,0.0,0.0,407.1
2024-10-11 12:00:00,12.2,78,64,18.3,0.0,0.0,466.0
2024-10-11 13:00:00,12.5,75,62,17.2,0.0,0.0,386.5
2024-10-11 14:00:00,12.8,57,59,15.9,0.0,0.0,356.0
2024-10-11 15:00:00,12.0,100,64,14.6,0.0,0.0,148.8
2024-10-11 16:00:00,11.8,100,64,14.9,0.0,0.0,71.8
2024-10-11 17:00:00,11.4,99,66,14.8,0.0,0.0,39.2
2024-10-11 18:00:00,11.2,73,67,10.8,0.0,0.0,0.0
2024-10-11 19:00:00,9.4,20,76,8.9,0.0,0.0,0.0
2024-10-11 20:00:00,8.4,5,83,9.3,0.0,0.0,0.0
2024-10-11 21:00:00,7.8,16,87,10.7,0.0,0.0,0.0
2024-10-11 22:00:00,7.3,30,89,10.1,0.0,0.0,0.0
2024-10-11 23:00:00,7.1,15,89,8.1,0.0,0.0,0.0
2024-10-12 00:00:00,6.4,18,92,6.9,0.0,0.0,0.0
2024-10-12 01:00:00,5.8,15,93,6.5,0.0,0.0,0.0
2024-10-12 02:00:00,5.0,7,95,5.8,0.0,0.0,0.0
2024-10-12 03:00:00,5.6,4,94,5.7,0.0,0.0,0.0
2024-10-12 04:00:00,4.4,3,96,5.6,0.0,0.0,0.0
2024-10-12 05:00:00,3.6,8,97,7.7,0.0,0.0,0.0
2024-10-12 06:00:00,3.2,23,98,8.4,0.0,0.0,0.0
2024-10-12 07:00:00,3.2,31,98,7.9,0.0,0.0,0.0
2024-10-12 08:00:00,5.1,46,95,6.1,0.0,0.0,74.6
2024-10-12 09:00:00,6.9,17,89,4.7,0.0,0.0,205.9
2024-10-12 10:00:00,8.9,26,80,5.8,0.0,0.0,323.3
2024-10-12 11:00:00,10.4,3,71,7.6,0.0,0.0,433.5
2024-10-12 12:00:00,11.6,100,61,9.8,0.0,0.0,484.7
2024-10-12 13:00:00,11.8,100,57,9.4,0.0,0.0,286.1
2024-10-12 14:00:00,12.4,100,55,10.7,0.0,0.0,306.3
2024-10-12 15:00:00,12.0,95,58,13.3,0.0,0.0,222.3
2024-10-12 16:00:00,11.7,99,58,14.4,0.0,0.0,145.6
2024-10-12 17:00:00,11.2,16,62,13.4,0.0,0.0,67.5
2024-10-12 18:00:00,9.3,1,70,14.0,0.0,0.0,0.0
2024-10-12 19:00:00,8.4,0,73,15.6,0.0,0.0,0.0
2024-10-12 20:00:00,8.0,100,75,17.1,0.0,0.0,0.0
2024-10-12 21:00:00,8.2,100,75,19.2,0.0,0.0,0.0
2024-10-12 22:00:00,8.3,100,76,19.3,0.0,0.0,0.0
2024-10-12 23:00:00,8.3,100,78,18.0,0.0,0.0,0.0
2024-10-13 00:00:00,7.7,98,81,15.8,0.0,0.0,0.0
2024-10-13 01:00:00,7.4,98,82,15.1,0.0,0.0,0.0
2024-10-13 02:00:00,7.1,100,83,15.6,0.0,0.0,0.0
2024-10-13 03:00:00,7.9,99,84,16.1,0.0,0.0,0.0
2024-10-13 04:00:00,8.7,84,84,16.3,0.0,0.0,0.0
2024-10-13 05:00:00,8.5,100,87,15.1,0.0,0.0,0.0
2024-10-13 06:00:00,10.1,100,79,15.8,0.0,0.0,0.0
2024-10-13 07:00:00,10.8,96,75,17.3,0.0,0.0,0.0
2024-10-13 08:00:00,11.3,96,74,20.1,0.0,0.0,53.6
2024-10-13 09:00:00,11.8,53,74,22.1,0.0,0.0,96.2
2024-10-13 10:00:00,13.5,51,70,22.4,0.0,0.0,270.3
2024-10-13 11:00:00,14.9,70,66,28.6,0.0,0.0,375.1
2024-10-13 12:00:00,15.2,100,71,26.4,2.3,0.0,399.8
2024-10-13 13:00:00,15.3,97,65,34.2,0.1,0.0,308.9
2024-10-13 14:00:00,14.5,100,72,33.1,1.1,0.0,228.1
2024-10-13 15:00:00,11.6,91,85,30.1,0.2,0.0,43.1
2024-10-13 16:00:00,11.7,30,70,28.8,0.6,0.0,148.4
2024-10-13 17:00:00,11.1,2,57,24.2,0.0,0.0,97.5
2024-10-13 18:00:00,10.1,11,57,22.9,0.0,0.0,0.0
2024-10-13 19:00:00,9.7,4,56,22.7,0.0,0.0,0.0
2024-10-13 20:00:00,9.1,9,59,22.0,0.0,0.0,0.0
2024-10-13 21:00:00,9.0,21,58,24.4,0.0,0.0,0.0
2024-10-13 22:00:00,9.0,18,57,25.0,0.0,0.0,0.0
2024-10-13 23:00:00,8.4,88,59,24.3,0.0,0.0,0.0
2024-10-14 00:00:00,8.8,52,58,25.4,0.0,0.0,0.0
2024-10-14 01:00:00,8.3,77,61,24.9,0.0,0.0,0.0
2024-10-14 02:00:00,8.2,70,64,24.5,0.0,0.0,0.0
2024-10-14 03:00:00,8.9,100,66,26.6,0.0,0.0,0.0
2024-10-14 04:00:00,8.9,100,67,26.7,0.0,0.0,0.0
2024-10-14 05:00:00,8.9,100,68,27.9,0.0,0.0,0.0
2024-10-14 06:00:00,8.5,70,70,26.3,0.0,0.0,0.0
2024-10-14 07:00:00,7.4,77,75,22.3,0.0,0.0,0.0
2024-10-14 08:00:00,7.6,75,75,19.6,0.0,0.0,62.7
2024-10-14 09:00:00,8.3,71,74,19.5,0.0,0.0,165.1
2024-10-14 10:00:00,9.0,75,70,23.8,0.1,0.0,290.6
2024-10-14 11:00:00,9.8,86,62,20.8,0.0,0.0,298.1
2024-10-14 12:00:00,10.7,80,55,22.0,0.0,0.0,372.9
2024-10-14 13:00:00,11.4,66,50,22.9,0.0,0.0,376.3
2024-10-14 14:00:00,11.9,87,47,23.8,0.0,0.0,325.8
2024-10-14 15:00:00,11.9,32,48,20.9,0.0,0.0,292.5
2024-10-14 16:00:00,11.5,75,51,17.7,0.0,0.0,207.4
2024-10-14 17:00:00,10.5,16,58,12.7,0.0,0.0,87.1
2024-10-14 18:00:00,7.8,79,69,6.8,0.0,0.0,0.0
2024-10-14 19:00:00,7.1,36,72,6.8,0.0,0.0,0.0
2024-10-14 20:00:00,6.5,75,75,7.4,0.0,0.0,0.0
2024-10-14 21:00:00,5.1,100,85,9.0,0.0,0.0,0.0
2024-10-14 22:00:00,6.4,24,82,6.7,0.0,0.0,0.0
2024-10-14 23:00:00,6.9,88,78,5.1,0.0,0.0,0.0
2024-10-15 00:00:00,6.4,100,80,3.6,0.0,0.0,0.0
2024-10-15 01:00:00,6.2,100,81,4.3,0.0,0.0,0.0
2024-10-15 02:00:00,5.4,100,88,2.8,0.2,0.0,0.0
2024-10-15 03:00:00,6.1,100,89,3.3,0.0,0.0,0.0
2024-10-15 04:00:00,6.7,100,90,2.3,0.6,0.0,0.0
2024-10-15 05:00:00,6.7,100,89,3.3,0.3,0.0,0.0
2024-10-15 06:00:00,6.7,93,90,3.3,0.0,0.0,0.0
2024-10-15 07:00:00,6.3,7,92,7.2,0.0,0.0,0.0
2024-10-15 08:00:00,6.0,19,92,9.6,0.0,0.0,69.8
2024-10-15 09:00:00,7.2,32,89,10.2,0.0,0.0,185.0
2024-10-15 10:00:00,8.5,33,86,11.0,0.0,0.0,280.6
2024-10-15 11:00:00,9.7,63,79,14.1,0.1,0.0,362.5
2024-10-15 12:00:00,10.6,49,70,16.2,0.0,0.0,350.2
2024-10-15 13:00:00,11.3,61,65,16.1,0.0,0.0,391.1
2024-10-15 14:00:00,11.5,100,61,14.4,0.0,0.0,302.8
2024-10-15 15:00:00,11.1,98,60,12.9,0.0,0.0,151.4
2024-10-15 16:00:00,10.7,82,62,12.2,0.0,0.0,96.0
2024-10-15 17:00:00,10.5,57,64,9.4,0.0,0.0,56.3
2024-10-15 18:00:00,7.9,54,78,6.4,0.0,0.0,0.0
2024-10-15 19:00:00,6.9,90,85,8.1,0.0,0.0,0.0
2024-10-15 20:00:00,5.9,37,89,9.0,0.0,0.0,0.0
2024-10-15 21:00:00,4.6,37,91,9.6,0.0,0.0,0.0
2024-10-15 22:00:00,4.1,92,92,9.1,0.0,0.0,0.0
2024-10-15 23:00:00,4.0,14,91,8.6,0.0,0.0,0.0
2024-10-16 00:00:00,3.0,30,92,9.7,0.0,0.0,0.0
2024-10-16 01:00:00,2.3,34,94,9.9,0.0,0.0,0.0
2024-10-16 02:00:00,2.0,20,96,9.0,0.0,0.0,0.0
2024-10-16 03:00:00,1.8,0,96,9.1,0.0,0.0,0.0
2024-10-16 04:00:00,2.1,0,95,7.2,0.0,0.0,0.0
2024-10-16 05:00:00,2.9,0,93,8.7,0.0,0.0,0.0
2024-10-16 06:00:00,3.1,0,93,9.2,0.0,0.0,0.0
2024-10-16 07:00:00,3.1,0,93,9.5,0.0,0.0,0.0
2024-10-16 08:00:00,4.1,0,93,12.3,0.0,0.0,72.3
2024-10-16 09:00:00,6.4,0,88,13.2,0.0,0.0,206.4
2024-10-16 10:00:00,8.8,0,81,14.0,0.0,0.0,340.9
2024-10-16 11:00:00,10.6,0,70,17.7,0.0,0.0,442.4
2024-10-16 12:00:00,11.7,0,60,17.6,0.0,0.0,495.4
2024-10-16 13:00:00,12.3,0,58,16.8,0.0,0.0,500.2
2024-10-16 14:00:00,12.7,0,57,17.5,0.0,0.0,453.4
2024-10-16 15:00:00,12.9,0,55,16.7,0.0,0.0,361.4
2024-10-16 16:00:00,12.6,0,58,18.0,0.0,0.0,234.1
2024-10-16 17:00:00,11.6,0,63,15.7,0.0,0.0,91.5
2024-10-16 18:00:00,9.7,0,71,15.8,0.0,0.0,0.0
2024-10-16 19:00:00,8.7,0,74,19.4,0.0,0.0,0.0
2024-10-16 20:00:00,8.3,0,75,21.8,0.0,0.0,0.0
2024-10-16 21:00:00,8.0,0,75,22.5,0.0,0.0,0.0
2024-10-16 22:00:00,7.8,0,76,23.7,0.0,0.0,0.0
2024-10-16 23:00:00,7.6,0,79,23.8,0.0,0.0,0.0
2024-10-17 00:00:00,7.2,0,82,23.4,0.0,0.0,0.0
2024-10-17 01:00:00,6.7,0,86,23.2,0.0,0.0,0.0
2024-10-17 02:00:00,6.2,0,87,21.9,0.0,0.0,0.0
2024-10-17 03:00:00,5.9,27,89,20.1,0.0,0.0,0.0
2024-10-17 04:00:00,5.5,5,90,19.2,0.0,0.0,0.0
2024-10-17 05:00:00,5.1,11,91,17.8,0.0,0.0,0.0
2024-10-17 06:00:00,4.6,77,91,17.0,0.0,0.0,0.0
2024-10-17 07:00:00,4.3,98,91,16.6,0.0,0.0,0.0
2024-10-17 08:00:00,4.7,23,88,16.1,0.0,0.0,64.2
2024-10-17 09:00:00,6.5,14,80,15.4,0.0,0.0,203.6
2024-10-17 10:00:00,8.3,15,75,13.9,0.0,0.0,335.7
2024-10-17 11:00:00,10.3,34,70,12.5,0.0,0.0,429.6
2024-10-17 12:00:00,12.2,1,64,12.7,0.0,0.0,481.0
2024-10-17 13:00:00,13.8,1,57,12.8,0.0,0.0,484.3
2024-10-17 14:00:00,14.7,2,54,13.2,0.0,0.0,437.9
2024-10-17 15:00:00,15.3,0,50,13.9,0.0,0.0,345.6
2024-10-17 16:00:00,14.7,0,55,14.9,0.0,0.0,221.8
2024-10-17 17:00:00,13.2,0,64,11.9,0.0,0.0,83.8
2024-10-17 18:00:00,11.1,0,71,10.8,0.0,0.0,0.0
2024-10-17 19:00:00,10.0,0,75,10.5,0.0,0.0,0.0
2024-10-17 20:00:00,9.2,0,76,10.0,0.0,0.0,0.0
2024-10-17 21:00:00,8.4,0,77,9.3,0.0,0.0,0.0
2024-10-17 22:00:00,7.6,0,77,9.9,0.0,0.0,0.0
2024-10-17 23:00:00,6.8,0,78,10.1,0.0,0.0,0.0
2024-10-18 00:00:00,6.0,0,79,9.5,0.0,0.0,0.0
2024-10-18 01:00:00,5.3,0,81,9.3,0.0,0.0,0.0
2024-10-18 02:00:00,4.8,0,82,9.0,0.0,0.0,0.0
2024-10-18 03:00:00,4.9,0,89,8.5,0.0,0.0,0.0
2024-10-18 04:00:00,4.5,4,91,8.9,0.0,0.0,0.0
2024-10-18 05:00:00,4.3,2,91,9.5,0.0,0.0,0.0
2024-10-18 06:00:00,4.3,8,90,9.7,0.0,0.0,0.0
2024-10-18 07:00:00,4.3,10,87,9.7,0.0,0.0,0.0
2024-10-18 08:00:00,5.2,6,82,10.3,0.0,0.0,61.1
2024-10-18 09:00:00,7.2,2,78,9.3,0.0,0.0,188.4
2024-10-18 10:00:00,9.7,0,72,8.7,0.0,0.0,323.5
2024-10-18 11:00:00,12.2,0,66,8.1,0.0,0.0,422.3
2024-10-18 12:00:00,14.2,1,60,7.0,0.0,0.0,475.9
2024-10-18 13:00:00,15.6,0,55,5.8,0.0,0.0,479.2
2024-10-18 14:00:00,16.5,0,54,6.5,0.0,0.0,433.8
2024-10-18 15:00:00,17.1,0,54,11.3,0.0,0.0,342.3
2024-10-18 16:00:00,16.2,0,55,12.3,0.0,0.0,216.9
2024-10-18 17:00:00,14.2,0,63,10.2,0.0,0.0,79.8
2024-10-18 18:00:00,11.4,0,69,9.5,0.0,0.0,0.0
2024-10-18 19:00:00,10.2,0,72,10.6,0.0,0.0,0.0
2024-10-18 20:00:00,9.3,0,72,10.0,0.0,0.0,0.0
2024-10-18 21:00:00,8.3,0,71,8.8,0.0,0.0,0.0
2024-10-18 22:00:00,7.6,0,69,9.4,0.0,0.0,0.0
2024-10-18 23:00:00,6.9,0,68,8.9,0.0,0.0,0.0
2024-10-19 00:00:00,6.1,0,68,8.8,0.0,0.0,0.0
2024-10-19 01:00:00,5.5,0,67,9.3,0.0,0.0,0.0
2024-10-19 02:00:00,4.9,0,67,10.1,0.0,0.0,0.0
2024-10-19 03:00:00,4.3,0,73,8.6,0.0,0.0,0.0
2024-10-19 04:00:00,3.7,0,76,9.3,0.0,0.0,0.0
2024-10-19 05:00:00,3.3,72,78,10.4,0.0,0.0,0.0
2024-10-19 06:00:00,2.8,94,80,8.0,0.0,0.0,0.0
2024-10-19 07:00:00,1.9,96,86,7.3,0.0,0.0,0.0
2024-10-19 08:00:00,3.3,98,80,5.8,0.0,0.0,60.7
2024-10-19 09:00:00,6.0,99,72,9.0,0.0,0.0,189.6
2024-10-19 10:00:00,8.3,100,65,9.6,0.0,0.0,319.4
2024-10-19 11:00:00,10.8,100,61,8.6,0.0,0.0,396.5
2024-10-19 12:00:00,12.7,100,57,5.9,0.0,0.0,407.6
2024-10-19 13:00:00,14.2,100,52,3.3,0.0,0.0,430.5
2024-10-19 14:00:00,15.1,100,48,2.1,0.0,0.0,407.0
2024-10-19 15:00:00,16.1,9,48,4.9,0.0,0.0,336.4
2024-10-19 16:00:00,15.7,0,51,6.7,0.0,0.0,217.6
2024-10-19 17:00:00,13.1,0,69,6.4,0.0,0.0,77.5
2024-10-19 18:00:00,9.6,0,77,9.2,0.0,0.0,0.0
2024-10-19 19:00:00,8.2,0,83,8.4,0.0,0.0,0.0
2024-10-19 20:00:00,8.2,0,87,10.6,0.0,0.0,0.0
2024-10-19 21:00:00,8.0,0,88,11.8,0.0,0.0,0.0
2024-10-19 22:00:00,7.2,0,88,9.9,0.0,0.0,0.0
2024-10-19 23:00:00,6.2,0,89,8.5,0.0,0.0,0.0
2024-10-20 00:00:00,5.3,0,90,7.3,0.0,0.0,0.0
2024-10-20 01:00:00,4.7,0,91,6.9,0.0,0.0,0.0
2024-10-20 02:00:00,3.8,0,93,7.4,0.0,0.0,0.0
2024-10-20 03:00:00,2.8,0,97,3.4,0.0,0.0,0.0
2024-10-20 04:00:00,2.8,13,96,3.3,0.0,0.0,0.0
2024-10-20 05:00:00,2.5,68,97,4.8,0.0,0.0,0.0
2024-10-20 06:00:00,2.2,87,97,5.3,0.0,0.0,0.0
2024-10-20 07:00:00,1.5,94,99,6.0,0.0,0.0,0.0
2024-10-20 08:00:00,2.6,99,99,7.2,0.0,0.0,54.2
2024-10-20 09:00:00,5.3,11,94,8.1,0.0,0.0,161.7
2024-10-20 10:00:00,8.5,6,85,6.5,0.0,0.0,321.3
2024-10-20 11:00:00,11.1,74,75,6.6,0.0,0.0,420.8
2024-10-20 12:00:00,13.1,100,64,8.7,0.0,0.0,473.0
2024-10-20 13:00:00,14.4,100,57,7.9,0.0,0.0,469.1
2024-10-20 14:00:00,15.1,98,54,7.7,0.0,0.0,404.8
2024-10-20 15:00:00,16.0,100,47,8.8,0.0,0.0,330.5
2024-10-20 16:00:00,15.2,100,54,9.2,0.0,0.0,196.7
2024-10-20 17:00:00,13.0,100,66,8.2,0.0,0.0,58.2
2024-10-20 18:00:00,10.9,100,77,9.4,0.0,0.0,0.0
2024-10-20 19:00:00,9.8,100,83,10.2,0.0,0.0,0.0
2024-10-20 20:00:00,8.6,99,90,7.2,0.0,0.0,0.0
2024-10-20 21:00:00,7.5,84,91,7.3,0.0,0.0,0.0
2024-10-20 22:00:00,5.8,92,91,8.5,0.0,0.0,0.0
2024-10-20 23:00:00,5.0,100,91,8.8,0.0,0.0,0.0
2024-10-21 00:00:00,4.3,100,90,9.0,0.0,0.0,0.0
2024-10-21 01:00:00,3.8,100,89,9.0,0.0,0.0,0.0
2024-10-21 02:00:00,3.7,100,86,8.6,0.0,0.0,0.0
2024-10-21 03:00:00,4.1,100,84,8.1,0.0,0.0,0.0
2024-10-21 04:00:00,4.6,100,80,8.3,0.0,0.0,0.0
2024-10-21 05:00:00,5.1,100,77,10.1,0.0,0.0,0.0
2024-10-21 06:00:00,5.8,100,77,10.9,0.0,0.0,0.0
2024-10-21 07:00:00,5.9,93,79,11.0,0.0,0.0,0.0
2024-10-21 08:00:00,6.5,97,78,11.2,0.0,0.0,50.3
2024-10-21 09:00:00,8.7,87,74,13.0,0.0,0.0,176.9
2024-10-21 10:00:00,10.9,100,66,14.0,0.0,0.0,303.0
2024-10-21 11:00:00,12.5,96,61,16.1,0.0,0.0,385.1
2024-10-21 12:00:00,14.1,75,59,17.3,0.0,0.0,445.1
2024-10-21 13:00:00,15.2,88,59,17.8,0.0,0.0,434.3
2024-10-21 14:00:00,15.8,67,60,16.8,0.0,0.0,377.1
2024-10-21 15:00:00,16.5,99,54,17.6,0.0,0.0,277.6
2024-10-21 16:00:00,15.9,96,57,15.6,0.0,0.0,156.9
2024-10-21 17:00:00,14.4,84,61,11.9,0.0,0.0,56.8
2024-10-21 18:00:00,12.6,100,67,11.7,0.0,0.0,0.0
2024-10-21 19:00:00,12.1,100,67,15.4,0.0,0.0,0.0
2024-10-21 20:00:00,11.9,100,67,14.7,0.0,0.0,0.0
2024-10-21 21:00:00,11.1,96,68,13.3,0.0,0.0,0.0
2024-10-21 22:00:00,10.3,97,69,13.2,0.0,0.0,0.0
2024-10-21 23:00:00,9.9,92,69,11.4,0.0,0.0,0.0
2024-10-22 00:00:00,8.9,1,72,10.6,0.0,0.0,0.0
2024-10-22 01:00:00,8.1,31,75,10.6,0.0,0.0,0.0
2024-10-22 02:00:00,7.8,51,75,10.5,0.0,0.0,0.0
2024-10-22 03:00:00,7.7,94,78,9.8,0.0,0.0,0.0
2024-10-22 04:00:00,7.4,27,79,9.0,0.0,0.0,0.0
2024-10-22 05:00:00,6.8,59,81,8.7,0.0,0.0,0.0
2024-10-22 06:00:00,6.3,62,83,9.0,0.0,0.0,0.0
2024-10-22 07:00:00,5.9,0,84,8.7,0.0,0.0,0.0
2024-10-22 08:00:00,6.4,11,81,10.0,0.0,0.0,52.6
2024-10-22 09:00:00,8.8,78,74,12.7,0.0,0.0,174.0
2024-10-22 10:00:00,11.3,19,66,11.8,0.0,0.0,304.9
2024-10-22 11:00:00,13.1,4,62,16.0,0.0,0.0,400.8
2024-10-22 12:00:00,14.7,15,60,18.2,0.0,0.0,449.4
2024-10-22 13:00:00,15.7,0,60,21.5,0.0,0.0,450.1
2024-10-22 14:00:00,16.1,0,61,21.5,0.0,0.0,402.3
2024-10-22 15:00:00,16.0,0,60,22.1,0.0,0.0,310.8
2024-10-22 16:00:00,15.2,0,64,20.6,0.0,0.0,189.3
2024-10-22 17:00:00,13.6,0,70,19.9,0.0,0.0,59.0
2024-10-22 18:00:00,12.0,1,75,19.6,0.0,0.0,0.0
2024-10-22 19:00:00,11.0,48,80,17.6,0.0,0.0,0.0
2024-10-22 20:00:00,10.9,100,81,15.9,0.0,0.0,0.0
2024-10-22 21:00:00,11.6,100,78,15.1,0.0,0.0,0.0
2024-10-22 22:00:00,11.7,100,78,14.0,0.0,0.0,0.0
2024-10-22 23:00:00,11.9,100,79,13.6,0.0,0.0,0.0
2024-10-23 00:00:00,12.3,100,82,12.4,0.0,0.0,0.0
2024-10-23 01:00:00,12.5,100,89,11.1,0.0,0.0,0.0
2024-10-23 02:00:00,12.2,100,92,11.7,0.0,0.0,0.0
2024-10-23 03:00:00,11.3,95,94,11.1,0.0,0.0,0.0
2024-10-23 04:00:00,10.9,100,91,10.2,0.0,0.0,0.0
2024-10-23 05:00:00,10.8,100,87,11.4,0.0,0.0,0.0
2024-10-23 06:00:00,10.4,100,84,9.8,0.0,0.0,0.0
2024-10-23 07:00:00,9.7,14,86,7.3,0.0,0.0,0.0
2024-10-23 08:00:00,7.9,82,95,5.3,0.0,0.0,44.8
2024-10-23 09:00:00,9.2,97,91,5.2,0.0,0.0,158.3
2024-10-23 10:00:00,10.5,5,85,5.2,0.0,0.0,285.4
2024-10-23 11:00:00,11.9,8,78,5.2,0.0,0.0,389.1
2024-10-23 12:00:00,13.0,13,70,6.5,0.0,0.0,442.3
2024-10-23 13:00:00,13.7,21,63,6.4,0.0,0.0,442.1
2024-10-23 14:00:00,14.0,18,62,5.6,0.0,0.0,386.9
2024-10-23 15:00:00,13.8,28,61,6.8,0.0,0.0,305.8
2024-10-23 16:00:00,13.5,97,61,7.0,0.0,0.0,181.3
2024-10-23 17:00:00,11.7,100,79,6.1,0.0,0.0,44.8
2024-10-23 18:00:00,10.2,100,79,6.5,0.0,0.0,0.0
2024-10-23 19:00:00,8.5,99,87,8.6,0.0,0.0,0.0
2024-10-23 20:00:00,7.5,98,89,7.9,0.0,0.0,0.0
2024-10-23 21:00:00,7.2,95,90,7.0,0.0,0.0,0.0
2024-10-23 22:00:00,6.5,88,92,6.7,0.0,0.0,0.0
2024-10-23 23:00:00,6.1,61,93,6.7,0.0,0.0,0.0
2024-10-24 00:00:00,6.2,6,93,8.1,0.0,0.0,0.0
2024-10-24 01:00:00,5.5,0,95,6.7,0.0,0.0,0.0
2024-10-24 02:00:00,5.1,0,95,6.5,0.0,0.0,0.0
2024-10-24 03:00:00,4.4,0,96,6.9,0.0,0.0,0.0
2024-10-24 04:00:00,4.5,0,96,8.3,0.0,0.0,0.0
2024-10-24 05:00:00,4.8,0,95,10.4,0.0,0.0,0.0
2024-10-24 06:00:00,5.1,0,94,10.8,0.0,0.0,0.0
2024-10-24 07:00:00,5.0,0,95,8.9,0.0,0.0,0.0
2024-10-24 08:00:00,5.5,6,95,9.8,0.0,0.0,47.2
2024-10-24 09:00:00,7.6,28,92,11.2,0.0,0.0,161.0
2024-10-24 10:00:00,9.3,4,88,13.7,0.0,0.0,264.7
2024-10-24 11:00:00,11.1,2,82,16.0,0.0,0.0,376.3
2024-10-24 12:00:00,12.7,0,73,16.3,0.0,0.0,443.4
2024-10-24 13:00:00,13.8,0,66,13.8,0.0,0.0,445.9
2024-10-24 14:00:00,14.3,0,63,11.9,0.0,0.0,400.7
2024-10-24 15:00:00,14.5,0,60,11.5,0.0,0.0,311.4
2024-10-24 16:00:00,13.9,0,63,11.6,0.0,0.0,187.4
2024-10-24 17:00:00,12.0,0,72,9.3,0.0,0.0,53.5
2024-10-24 18:00:00,9.6,0,82,10.8,0.0,0.0,0.0
2024-10-24 19:00:00,8.7,0,85,12.5,0.0,0.0,0.0
2024-10-24 20:00:00,8.0,0,88,12.7,0.0,0.0,0.0
2024-10-24 21:00:00,7.6,0,90,11.9,0.0,0.0,0.0
2024-10-24 22:00:00,7.3,0,91,12.5,0.0,0.0,0.0
2024-10-24 23:00:00,7.0,0,91,11.8,0.0,0.0,0.0
2024-10-25 00:00:00,6.7,0,91,10.6,0.0,0.0,0.0
2024-10-25 01:00:00,6.2,0,92,9.6,0.0,0.0,0.0
2024-10-25 02:00:00,5.7,13,93,8.7,0.0,0.0,0.0
2024-10-25 03:00:00,5.2,9,95,10.1,0.0,0.0,0.0
2024-10-25 04:00:00,4.9,41,95,9.2,0.0,0.0,0.0
2024-10-25 05:00:00,4.7,75,96,9.0,0.0,0.0,0.0
2024-10-25 06:00:00,4.5,78,97,8.7,0.0,0.0,0.0
2024-10-25 07:00:00,4.2,56,97,7.6,0.0,0.0,0.0
2024-10-25 08:00:00,4.7,24,95,8.1,0.0,0.0,42.1
2024-10-25 09:00:00,7.4,11,85,7.3,0.0,0.0,156.7
2024-10-25 10:00:00,10.2,1,78,8.3,0.0,0.0,279.7
2024-10-25 11:00:00,12.6,5,71,8.0,0.0,0.0,375.6
2024-10-25 12:00:00,14.6,0,63,8.5,0.0,0.0,422.8
2024-10-25 13:00:00,16.2,0,56,10.4,0.0,0.0,426.0
2024-10-25 14:00:00,17.0,0,53,11.7,0.0,0.0,380.6
2024-10-25 15:00:00,17.4,1,50,9.8,0.0,0.0,292.4
2024-10-25 16:00:00,16.6,0,59,7.6,0.0,0.0,172.5
2024-10-25 17:00:00,13.5,6,76,7.1,0.0,0.0,46.7
2024-10-25 18:00:00,11.2,20,82,7.7,0.0,0.0,0.0
2024-10-25 19:00:00,10.2,81,83,8.1,0.0,0.0,0.0
2024-10-25 20:00:00,10.4,68,82,7.1,0.0,0.0,0.0
2024-10-25 21:00:00,9.8,33,86,6.9,0.0,0.0,0.0
2024-10-25 22:00:00,9.2,9,87,7.0,0.0,0.0,0.0
2024-10-25 23:00:00,7.9,22,90,8.6,0.0,0.0,0.0
2024-10-26 00:00:00,7.6,97,90,8.5,0.0,0.0,0.0
2024-10-26 01:00:00,7.4,100,91,8.4,0.0,0.0,0.0
2024-10-26 02:00:00,7.1,100,91,9.4,0.0,0.0,0.0
2024-10-26 03:00:00,7.1,88,92,10.4,0.0,0.0,0.0
2024-10-26 04:00:00,7.0,96,92,9.6,0.0,0.0,0.0
2024-10-26 05:00:00,6.9,77,92,9.6,0.0,0.0,0.0
2024-10-26 06:00:00,7.0,5,91,8.4,0.0,0.0,0.0
2024-10-26 07:00:00,7.2,100,90,6.7,0.0,0.0,0.0
2024-10-26 08:00:00,8.8,100,85,8.8,0.0,0.0,28.3
2024-10-26 09:00:00,10.3,100,80,10.4,0.0,0.0,60.0
2024-10-26 10:00:00,11.1,100,80,10.8,0.0,0.0,80.3
2024-10-26 11:00:00,12.3,100,75,9.5,0.0,0.0,131.9
2024-10-26 12:00:00,13.2,100,74,6.4,0.0,0.0,138.2
2024-10-26 13:00:00,14.7,100,67,5.0,0.0,0.0,207.0
2024-10-26 14:00:00,15.7,100,65,3.6,0.0,0.0,229.7
2024-10-26 15:00:00,16.1,86,64,1.9,0.0,0.0,188.1
2024-10-26 16:00:00,15.9,98,66,0.9,0.0,0.0,102.0
2024-10-26 17:00:00,14.6,100,81,3.3,0.0,0.0,19.2
2024-10-26 18:00:00,13.5,100,82,5.3,0.0,0.0,0.0
2024-10-26 19:00:00,13.2,100,82,5.5,0.0,0.0,0.0
2024-10-26 20:00:00,13.2,100,80,5.3,0.0,0.0,0.0
2024-10-26 21:00:00,13.2,100,80,7.5,0.0,0.0,0.0
2024-10-26 22:00:00,13.1,100,79,9.0,0.0,0.0,0.0
2024-10-26 23:00:00,12.9,100,81,7.4,0.0,0.0,0.0
2024-10-27 00:00:00,12.6,100,83,5.1,0.0,0.0,0.0
2024-10-27 01:00:00,12.2,100,87,4.3,0.0,0.0,0.0
2024-10-27 02:00:00,12.1,100,89,5.4,0.0,0.0,0.0
2024-10-27 03:00:00,12.5,100,85,5.1,0.0,0.0,0.0
2024-10-27 04:00:00,12.5,100,84,4.3,0.0,0.0,0.0
2024-10-27 05:00:00,12.4,100,86,6.6,0.0,0.0,0.0
2024-10-27 06:00:00,12.5,100,86,7.3,0.0,0.0,0.0
2024-10-27 07:00:00,12.7,100,85,8.2,0.0,0.0,0.0
2024-10-27 08:00:00,12.8,100,83,9.7,0.0,0.0,8.6
2024-10-27 09:00:00,13.1,100,82,11.0,0.0,0.0,34.0
2024-10-27 10:00:00,13.7,100,82,10.2,0.0,0.0,68.5
2024-10-27 11:00:00,15.3,99,75,7.3,0.0,0.0,132.1
2024-10-27 12:00:00,17.1,85,66,11.0,0.0,0.0,332.6
2024-10-27 13:00:00,17.7,77,64,18.1,0.0,0.0,374.4
2024-10-27 14:00:00,18.0,100,63,19.4,0.0,0.0,252.1
2024-10-27 15:00:00,18.0,96,66,18.8,0.0,0.0,265.8
2024-10-27 16:00:00,17.3,52,69,18.4,0.0,0.0,140.6
2024-10-27 17:00:00,15.8,47,77,16.3,0.0,0.0,38.5
2024-10-27 18:00:00,14.1,54,85,15.4,0.0,0.0,0.0
2024-10-27 19:00:00,13.1,93,90,15.0,0.0,0.0,0.0
2024-10-27 20:00:00,12.3,46,93,12.6,0.0,0.0,0.0
2024-10-27 21:00:00,12.0,0,95,12.1,0.0,0.0,0.0
2024-10-27 22:00:00,11.2,11,95,11.1,0.0,0.0,0.0
2024-10-27 23:00:00,10.7,100,94,11.7,0.0,0.0,0.0
2024-10-28 00:00:00,12.0,100,88,14.4,0.0,0.0,0.0
2024-10-28 01:00:00,12.1,100,87,14.3,0.0,0.0,0.0
2024-10-28 02:00:00,12.1,100,89,13.5,0.0,0.0,0.0
2024-10-28 03:00:00,12.0,100,88,12.4,0.0,0.0,0.0
2024-10-28 04:00:00,11.8,83,88,8.7,0.0,0.0,0.0
2024-10-28 05:00:00,9.9,5,95,5.2,0.0,0.0,0.0
2024-10-28 06:00:00,8.7,22,97,7.2,0.0,0.0,0.0
2024-10-28 07:00:00,7.8,3,99,8.6,0.0,0.0,0.0
2024-10-28 08:00:00,7.7,96,100,7.6,0.0,0.0,32.1
2024-10-28 09:00:00,10.1,11,96,4.8,0.0,0.0,138.9
2024-10-28 10:00:00,12.1,0,89,4.1,0.0,0.0,254.2
2024-10-28 11:00:00,13.5,0,77,6.0,0.0,0.0,352.5
2024-10-28 12:00:00,14.7,0,68,7.3,0.0,0.0,409.7
2024-10-28 13:00:00,15.4,2,64,7.6,0.0,0.0,409.0
2024-10-28 14:00:00,15.9,10,62,6.4,0.0,0.0,351.6
2024-10-28 15:00:00,16.3,17,61,10.2,0.0,0.0,269.7
2024-10-28 16:00:00,15.8,37,64,12.6,0.0,0.0,143.6
2024-10-28 17:00:00,14.6,56,73,8.9,0.0,0.0,31.2
2024-10-28 18:00:00,12.8,84,82,7.1,0.0,0.0,0.0
2024-10-28 19:00:00,12.7,32,82,10.5,0.0,0.0,0.0
2024-10-28 20:00:00,12.2,8,85,11.6,0.0,0.0,0.0
2024-10-28 21:00:00,11.5,31,90,12.6,0.0,0.0,0.0
2024-10-28 22:00:00,11.2,85,92,13.6,0.0,0.0,0.0
2024-10-28 23:00:00,11.1,99,92,13.8,0.0,0.0,0.0
2024-10-29 00:00:00,11.4,97,91,14.9,0.0,0.0,0.0
2024-10-29 01:00:00,11.8,99,89,14.4,0.1,0.0,0.0
2024-10-29 02:00:00,11.2,73,93,11.9,0.0,0.0,0.0
2024-10-29 03:00:00,11.1,81,93,11.7,0.1,0.0,0.0
2024-10-29 04:00:00,11.0,100,94,11.8,0.0,0.0,0.0
2024-10-29 05:00:00,11.4,99,93,11.7,0.0,0.0,0.0
2024-10-29 06:00:00,11.6,100,92,11.7,0.0,0.0,0.0
2024-10-29 07:00:00,11.6,100,93,11.6,0.0,0.0,0.0
2024-10-29 08:00:00,11.7,100,93,11.4,0.0,0.0,9.8
2024-10-29 09:00:00,12.0,100,92,11.7,0.0,0.0,31.7
2024-10-29 10:00:00,12.8,100,89,11.9,0.0,0.0,71.3
2024-10-29 11:00:00,13.5,80,87,11.9,0.0,0.0,135.7
2024-10-29 12:00:00,14.7,62,79,13.3,0.0,0.0,267.3
2024-10-29 13:00:00,15.6,68,71,14.4,0.1,0.0,298.0
2024-10-29 14:00:00,16.0,59,67,13.9,0.0,0.0,276.1
2024-10-29 15:00:00,16.0,39,66,14.4,0.0,0.0,214.1
2024-10-29 16:00:00,15.5,19,66,12.5,0.0,0.0,131.4
2024-10-29 17:00:00,13.6,4,76,5.8,0.0,0.0,29.5
2024-10-29 18:00:00,10.9,25,87,9.2,0.0,0.0,0.0
2024-10-29 19:00:00,10.3,32,90,7.9,0.0,0.0,0.0
2024-10-29 20:00:00,9.8,30,92,7.0,0.0,0.0,0.0
2024-10-29 21:00:00,9.5,37,93,6.8,0.0,0.0,0.0
2024-10-29 22:00:00,9.3,70,94,6.4,0.0,0.0,0.0
2024-10-29 23:00:00,10.4,95,94,6.6,0.0,0.0,0.0
2024-10-30 00:00:00,10.8,99,94,7.4,0.0,0.0,0.0
2024-10-30 01:00:00,11.1,100,92,8.4,0.0,0.0,0.0
2024-10-30 02:00:00,11.0,100,92,7.6,0.0,0.0,0.0
2024-10-30 03:00:00,10.6,78,95,7.1,0.1,0.0,0.0
2024-10-30 04:00:00,9.8,100,97,7.5,0.0,0.0,0.0
2024-10-30 05:00:00,9.6,22,97,8.0,0.0,0.0,0.0
2024-10-30 06:00:00,8.9,87,97,6.9,0.0,0.0,0.0
2024-10-30 07:00:00,8.8,57,97,7.8,0.0,0.0,0.0
2024-10-30 08:00:00,9.1,100,97,8.1,0.0,0.0,21.1
2024-10-30 09:00:00,10.1,100,95,10.1,0.0,0.0,30.6
2024-10-30 10:00:00,11.0,81,95,9.8,0.0,0.0,72.7
2024-10-30 11:00:00,13.1,43,88,10.0,0.0,0.0,219.7
2024-10-30 12:00:00,14.8,100,77,17.3,0.0,0.0,336.1
2024-10-30 13:00:00,14.2,100,80,15.0,0.0,0.0,86.1
2024-10-30 14:00:00,14.2,100,81,15.6,0.1,0.0,76.0
2024-10-30 15:00:00,13.9,100,84,11.9,0.1,0.0,58.4
2024-10-30 16:00:00,13.7,100,85,13.7,0.0,0.0,39.2
2024-10-30 17:00:00,13.1,100,88,13.3,0.1,0.0,8.4
2024-10-30 18:00:00,12.8,100,88,13.5,0.0,0.0,0.0
2024-10-30 19:00:00,12.2,100,92,12.5,0.0,0.0,0.0
2024-10-30 20:00:00,11.5,100,95,13.4,0.0,0.0,0.0
2024-10-30 21:00:00,10.6,100,97,11.1,0.0,0.0,0.0
2024-10-30 22:00:00,10.3,41,96,12.1,0.0,0.0,0.0
2024-10-30 23:00:00,10.1,98,95,12.2,0.0,0.0,0.0
2024-10-31 00:00:00,10.1,75,95,12.6,0.0,0.0,0.0
2024-10-31 01:00:00,9.9,100,95,11.6,0.0,0.0,0.0
2024-10-31 02:00:00,9.9,100,95,11.5,0.0,0.0,0.0
2024-10-31 03:00:00,10.8,100,93,11.8,0.0,0.0,0.0
2024-10-31 04:00:00,10.7,100,94,11.4,0.0,0.0,0.0
2024-10-31 05:00:00,10.4,100,95,12.3,0.0,0.0,0.0
2024-10-31 06:00:00,10.4,100,95,12.6,0.0,0.0,0.0
2024-10-31 07:00:00,10.6,100,95,12.4,0.0,0.0,0.0
2024-10-31 08:00:00,10.6,100,95,11.9,0.0,0.0,5.7
2024-10-31 09:00:00,11.3,100,89,14.1,0.1,0.0,51.0
2024-10-31 10:00:00,11.5,100,87,17.1,0.2,0.0,104.5
2024-10-31 11:00:00,12.2,100,82,15.7,0.1,0.0,191.2
2024-10-31 12:00:00,12.3,100,78,17.3,0.2,0.0,197.8
2024-10-31 13:00:00,12.9,100,74,18.4,0.1,0.0,255.4
2024-10-31 14:00:00,13.0,100,74,20.8,0.2,0.0,221.3
2024-10-31 15:00:00,12.8,100,71,18.4,0.0,0.0,148.8
2024-10-31 16:00:00,11.7,100,69,17.1,0.0,0.0,113.3
2024-10-31 17:00:00,10.0,100,77,12.2,0.0,0.0,22.3
2024-10-31 18:00:00,9.5,100,79,12.1,0.0,0.0,0.0
2024-10-31 19:00:00,8.9,100,81,10.1,0.0,0.0,0.0
2024-10-31 20:00:00,7.7,100,87,8.1,0.0,0.0,0.0
2024-10-31 21:00:00,7.2,92,90,9.1,0.0,0.0,0.0
2024-10-31 22:00:00,6.6,99,92,9.5,0.0,0.0,0.0
2024-10-31 23:00:00,6.6,79,92,10.1,0.0,0.0,0.0
2024-11-01 00:00:00,6.4,100,92,9.4,0.0,0.0,0.0
2024-11-01 01:00:00,6.6,100,92,11.6,0.0,0.0,0.0
2024-11-01 02:00:00,6.9,100,94,14.5,0.0,0.0,0.0
2024-11-01 03:00:00,7.0,100,94,14.9,0.0,0.0,0.0
2024-11-01 04:00:00,6.8,100,94,14.9,0.0,0.0,0.0
2024-11-01 05:00:00,6.8,100,94,15.0,0.0,0.0,0.0
2024-11-01 06:00:00,7.0,99,95,16.0,0.0,0.0,0.0
2024-11-01 07:00:00,7.1,18,95,16.4,0.0,0.0,0.0
2024-11-01 08:00:00,7.3,15,95,15.5,0.0,0.0,24.9
2024-11-01 09:00:00,8.8,0,90,17.5,0.0,0.0,125.3
2024-11-01 10:00:00,10.5,1,84,15.4,0.0,0.0,246.3
2024-11-01 11:00:00,12.2,0,77,16.3,0.0,0.0,339.8
2024-11-01 12:00:00,13.6,1,71,16.2,0.0,0.0,389.5
2024-11-01 13:00:00,14.5,0,68,16.9,0.0,0.0,391.9
2024-11-01 14:00:00,15.1,0,67,18.5,0.0,0.0,346.7
2024-11-01 15:00:00,14.8,0,68,21.5,0.0,0.0,259.7
2024-11-01 16:00:00,14.1,0,71,19.6,0.0,0.0,143.1
2024-11-01 17:00:00,12.3,0,78,17.8,0.0,0.0,23.2
2024-11-01 18:00:00,10.8,0,84,17.9,0.0,0.0,0.0
2024-11-01 19:00:00,9.9,0,88,18.6,0.0,0.0,0.0
2024-11-01 20:00:00,9.2,0,91,18.4,0.0,0.0,0.0
2024-11-01 21:00:00,8.4,0,93,16.3,0.0,0.0,0.0
2024-11-01 22:00:00,7.9,0,95,14.9,0.0,0.0,0.0
2024-11-01 23:00:00,7.4,0,95,13.1,0.0,0.0,0.0
2024-11-02 00:00:00,7.0,19,95,12.2,0.0,0.0,0.0
2024-11-02 01:00:00,7.1,100,92,15.0,0.0,0.0,0.0
2024-11-02 02:00:00,7.6,100,91,19.3,0.0,0.0,0.0
2024-11-02 03:00:00,8.8,100,88,21.8,0.0,0.0,0.0
2024-11-02 04:00:00,9.1,100,88,20.4,0.0,0.0,0.0
2024-11-02 05:00:00,9.1,100,89,18.6,0.1,0.0,0.0
2024-11-02 06:00:00,9.2,100,89,18.5,0.0,0.0,0.0
2024-11-02 07:00:00,9.4,100,89,17.9,0.0,0.0,0.0
2024-11-02 08:00:00,9.6,100,90,18.2,0.1,0.0,6.8
2024-11-02 09:00:00,9.9,100,89,18.7,0.1,0.0,22.2
2024-11-02 10:00:00,9.9,100,85,17.5,0.0,0.0,57.5
2024-11-02 11:00:00,9.8,88,73,21.3,0.0,0.0,174.0
2024-11-02 12:00:00,9.5,73,64,19.2,0.0,0.0,226.1
2024-11-02 13:00:00,9.7,89,59,18.6,0.0,0.0,299.8
2024-11-02 14:00:00,9.5,37,53,16.6,0.0,0.0,255.6
2024-11-02 15:00:00,9.4,26,53,17.1,0.0,0.0,223.6
2024-11-02 16:00:00,8.8,19,55,16.6,0.0,0.0,136.2
2024-11-02 17:00:00,7.4,31,59,13.5,0.0,0.0,20.0
2024-11-02 18:00:00,6.2,54,61,12.9,0.0,0.0,0.0
2024-11-02 19:00:00,5.0,1,63,11.2,0.0,0.0,0.0
2024-11-02 20:00:00,3.7,88,65,8.7,0.0,0.0,0.0
2024-11-02 21:00:00,2.6,88,67,7.5,0.0,0.0,0.0
2024-11-02 22:00:00,1.3,99,74,7.7,0.0,0.0,0.0
2024-11-02 23:00:00,0.5,100,79,8.5,0.0,0.0,0.0
2024-11-03 00:00:00,0.3,43,81,7.9,0.0,0.0,0.0
2024-11-03 01:00:00,2.0,29,72,5.1,0.0,0.0,0.0
2024-11-03 02:00:00,1.8,22,73,4.0,0.0,0.0,0.0
2024-11-03 03:00:00,0.5,100,78,5.3,0.0,0.0,0.0
2024-11-03 04:00:00,-0.6,100,85,5.8,0.0,0.0,0.0
2024-11-03 05:00:00,-0.9,100,88,6.5,0.0,0.0,0.0
2024-11-03 06:00:00,-1.7,100,89,8.0,0.0,0.0,0.0
2024-11-03 07:00:00,-1.8,100,87,7.6,0.0,0.0,0.0
2024-11-03 08:00:00,-1.9,100,88,7.5,0.0,0.0,15.2
2024-11-03 09:00:00,1.1,99,77,4.5,0.0,0.0,96.7
2024-11-03 10:00:00,3.6,100,68,2.5,0.0,0.0,228.3
2024-11-03 11:00:00,5.1,100,58,5.5,0.0,0.0,300.7
2024-11-03 12:00:00,6.1,100,54,7.4,0.0,0.0,312.7
2024-11-03 13:00:00,6.8,100,48,10.0,0.0,0.0,308.7
2024-11-03 14:00:00,7.4,99,42,12.4,0.0,0.0,274.1
2024-11-03 15:00:00,7.2,100,45,12.6,0.0,0.0,179.0
2024-11-03 16:00:00,7.0,98,48,12.8,0.0,0.0,114.7
2024-11-03 17:00:00,5.4,89,58,10.0,0.0,0.0,16.0
2024-11-03 18:00:00,4.0,63,67,9.3,0.0,0.0,0.0
2024-11-03 19:00:00,3.9,76,71,12.9,0.0,0.0,0.0
2024-11-03 20:00:00,3.7,32,65,15.1,0.0,0.0,0.0
2024-11-03 21:00:00,3.2,72,67,15.6,0.0,0.0,0.0
2024-11-03 22:00:00,2.8,53,74,15.1,0.0,0.0,0.0
2024-11-03 23:00:00,2.4,71,80,14.7,0.0,0.0,0.0
2024-11-04 00:00:00,2.1,75,84,12.5,0.0,0.0,0.0
2024-11-04 01:00:00,1.5,77,87,11.4,0.0,0.0,0.0
2024-11-04 02:00:00,1.4,88,87,12.9,0.0,0.0,0.0
2024-11-04 03:00:00,2.0,71,85,14.7,0.0,0.0,0.0
2024-11-04 04:00:00,2.2,100,84,15.3,0.0,0.0,0.0
2024-11-04 05:00:00,3.8,100,86,16.7,0.1,0.0,0.0
2024-11-04 06:00:00,4.0,100,90,15.4,0.0,0.0,0.0
2024-11-04 07:00:00,4.3,100,92,14.1,0.0,0.0,0.0
2024-11-04 08:00:00,4.7,100,93,13.1,0.1,0.0,0.0
2024-11-04 09:00:00,5.2,100,93,13.6,0.1,0.0,18.0
2024-11-04 10:00:00,5.9,100,91,14.3,0.1,0.0,50.5
2024-11-04 11:00:00,6.2,100,91,12.8,0.0,0.0,54.4
2024-11-04 12:00:00,6.7,100,90,11.7,0.1,0.0,68.8
2024-11-04 13:00:00,7.6,100,88,11.4,0.0,0.0,109.8
2024-11-04 14:00:00,8.3,100,87,10.2,0.0,0.0,107.5
2024-11-04 15:00:00,8.6,100,83,9.2,0.0,0.0,82.0
2024-11-04 16:00:00,8.7,74,82,8.5,0.0,0.0,55.5
2024-11-04 17:00:00,7.6,84,90,4.2,0.0,0.0,8.2
2024-11-04 18:00:00,6.8,100,94,5.1,0.0,0.0,0.0
2024-11-04 19:00:00,6.5,100,95,5.6,0.0,0.0,0.0
2024-11-04 20:00:00,6.4,100,96,5.8,0.0,0.0,0.0
2024-11-04 21:00:00,6.8,100,95,4.4,0.0,0.0,0.0
2024-11-04 22:00:00,6.3,49,97,7.6,0.0,0.0,0.0
2024-11-04 23:00:00,5.3,0,94,8.3,0.0,0.0,0.0
2024-11-05 00:00:00,3.3,0,93,6.7,0.0,0.0,0.0
2024-11-05 01:00:00,2.3,2,91,7.3,0.0,0.0,0.0
2024-11-05 02:00:00,1.9,6,89,8.3,0.0,0.0,0.0
2024-11-05 03:00:00,1.5,8,90,7.3,0.0,0.0,0.0
2024-11-05 04:00:00,1.1,5,90,7.1,0.0,0.0,0.0
2024-11-05 05:00:00,1.0,6,92,7.5,0.0,0.0,0.0
2024-11-05 06:00:00,0.9,24,94,8.2,0.0,0.0,0.0
2024-11-05 07:00:00,1.1,37,96,9.0,0.0,0.0,0.0
2024-11-05 08:00:00,1.4,42,98,9.3,0.0,0.0,9.7
2024-11-05 09:00:00,2.7,39,95,9.8,0.0,0.0,104.8
2024-11-05 10:00:00,4.7,23,90,7.0,0.0,0.0,220.0
2024-11-05 11:00:00,6.9,9,82,6.9,0.0,0.0,323.7
2024-11-05 12:00:00,8.5,2,73,8.1,0.0,0.0,375.6
2024-11-05 13:00:00,9.5,0,68,8.6,0.0,0.0,377.9
2024-11-05 14:00:00,10.1,0,65,7.8,0.0,0.0,332.6
2024-11-05 15:00:00,10.0,0,67,8.2,0.0,0.0,244.6
2024-11-05 16:00:00,9.6,1,70,7.8,0.0,0.0,128.4
2024-11-05 17:00:00,6.2,0,87,8.5,0.0,0.0,11.5
2024-11-05 18:00:00,4.9,0,91,6.9,0.0,0.0,0.0
2024-11-05 19:00:00,4.3,0,93,7.2,0.0,0.0,0.0
2024-11-05 20:00:00,3.6,4,94,7.7,0.0,0.0,0.0
2024-11-05 21:00:00,2.9,99,96,6.7,0.0,0.0,0.0
2024-11-05 22:00:00,2.2,97,97,5.7,0.0,0.0,0.0
2024-11-05 23:00:00,1.9,91,98,5.9,0.0,0.0,0.0
2024-11-06 00:00:00,1.8,27,98,6.5,0.0,0.0,0.0
2024-11-06 01:00:00,1.8,33,96,6.8,0.0,0.0,0.0
2024-11-06 02:00:00,1.9,35,91,7.5,0.0,0.0,0.0
2024-11-06 03:00:00,1.0,40,94,7.1,0.0,0.0,0.0
2024-11-06 04:00:00,1.2,25,91,8.0,0.0,0.0,0.0
2024-11-06 05:00:00,1.2,21,90,7.9,0.0,0.0,0.0
2024-11-06 06:00:00,0.8,21,91,6.8,0.0,0.0,0.0
2024-11-06 07:00:00,0.2,50,94,5.5,0.0,0.0,0.0
2024-11-06 08:00:00,-0.2,89,95,5.8,0.0,0.0,11.2
2024-11-06 09:00:00,1.2,93,96,8.8,0.0,0.0,98.1
2024-11-06 10:00:00,3.1,98,95,7.3,0.0,0.0,199.7
2024-11-06 11:00:00,5.5,40,84,6.1,0.0,0.0,297.4
2024-11-06 12:00:00,7.9,15,69,6.1,0.0,0.0,364.3
2024-11-06 13:00:00,9.4,57,59,5.6,0.0,0.0,370.9
2024-11-06 14:00:00,10.2,85,54,4.3,0.0,0.0,322.1
2024-11-06 15:00:00,10.5,90,54,3.6,0.0,0.0,235.5
2024-11-06 16:00:00,9.8,98,75,3.0,0.0,0.0,119.5
2024-11-06 17:00:00,9.7,99,57,1.8,0.0,0.0,8.2
2024-11-06 18:00:00,8.6,100,61,2.9,0.0,0.0,0.0
2024-11-06 19:00:00,4.5,100,81,7.3,0.0,0.0,0.0
2024-11-06 20:00:00,4.2,100,83,7.7,0.0,0.0,0.0
2024-11-06 21:00:00,4.1,100,86,7.3,0.0,0.0,0.0
2024-11-06 22:00:00,4.2,100,88,7.3,0.0,0.0,0.0
2024-11-06 23:00:00,3.3,92,90,6.8,0.0,0.0,0.0
2024-11-07 00:00:00,2.5,91,91,7.0,0.0,0.0,0.0
2024-11-07 01:00:00,2.5,100,90,7.4,0.0,0.0,0.0
2024-11-07 02:00:00,2.7,100,90,7.6,0.0,0.0,0.0
2024-11-07 03:00:00,3.4,100,86,7.2,0.0,0.0,0.0
2024-11-07 04:00:00,4.3,100,82,7.5,0.0,0.0,0.0
2024-11-07 05:00:00,4.4,100,83,6.5,0.0,0.0,0.0
2024-11-07 06:00:00,4.1,81,88,4.7,0.0,0.0,0.0
2024-11-07 07:00:00,3.4,83,93,3.4,0.0,0.0,0.0
2024-11-07 08:00:00,3.4,100,93,2.5,0.0,0.0,0.0
2024-11-07 09:00:00,4.8,100,86,3.3,0.0,0.0,36.2
2024-11-07 10:00:00,5.8,98,84,1.0,0.0,0.0,82.2
2024-11-07 11:00:00,7.3,86,81,2.1,0.0,0.0,196.3
2024-11-07 12:00:00,8.7,83,76,2.2,0.0,0.0,310.2
2024-11-07 13:00:00,9.8,74,69,3.1,0.0,0.0,355.1
2024-11-07 14:00:00,10.3,94,65,3.6,0.0,0.0,308.8
2024-11-07 15:00:00,10.0,100,71,0.6,0.0,0.0,194.7
2024-11-07 16:00:00,9.7,92,73,1.7,0.0,0.0,96.5
2024-11-07 17:00:00,6.8,96,90,5.8,0.0,0.0,5.3
2024-11-07 18:00:00,5.5,85,95,10.1,0.0,0.0,0.0
2024-11-07 19:00:00,4.5,50,96,8.9,0.0,0.0,0.0
2024-11-07 20:00:00,4.0,55,96,9.4,0.0,0.0,0.0
2024-11-07 21:00:00,3.4,47,97,8.7,0.0,0.0,0.0
2024-11-07 22:00:00,2.9,29,98,10.2,0.0,0.0,0.0
2024-11-07 23:00:00,2.6,100,99,9.8,0.0,0.0,0.0
2024-11-08 00:00:00,2.6,100,100,10.1,0.0,0.0,0.0
2024-11-08 01:00:00,2.9,100,99,11.3,0.0,0.0,0.0
2024-11-08 02:00:00,3.0,100,100,11.0,0.0,0.0,0.0
2024-11-08 03:00:00,2.9,100,99,9.2,0.0,0.0,0.0
2024-11-08 04:00:00,3.0,100,99,9.6,0.0,0.0,0.0
2024-11-08 05:00:00,3.2,100,99,10.2,0.0,0.0,0.0
2024-11-08 06:00:00,3.6,100,98,11.5,0.0,0.0,0.0
2024-11-08 07:00:00,4.0,100,96,12.6,0.0,0.0,0.0
2024-11-08 08:00:00,4.1,100,96,12.3,0.0,0.0,0.0
2024-11-08 09:00:00,4.4,100,94,15.3,0.0,0.0,33.4
2024-11-08 10:00:00,4.7,100,91,16.6,0.0,0.0,71.2
2024-11-08 11:00:00,5.2,100,89,16.1,0.0,0.0,130.7
2024-11-08 12:00:00,5.8,100,85,16.4,0.0,0.0,157.8
2024-11-08 13:00:00,6.7,100,81,16.9,0.0,0.0,205.7
2024-11-08 14:00:00,7.2,100,78,16.3,0.0,0.0,202.3
2024-11-08 15:00:00,6.2,100,80,16.3,0.0,0.0,147.3
2024-11-08 16:00:00,5.7,100,82,14.8,0.0,0.0,70.3
2024-11-08 17:00:00,5.0,100,85,12.9,0.0,0.0,2.6
2024-11-08 18:00:00,4.4,100,88,14.6,0.0,0.0,0.0
2024-11-08 19:00:00,4.1,100,89,17.7,0.0,0.0,0.0
2024-11-08 20:00:00,3.6,100,91,16.7,0.0,0.0,0.0
2024-11-08 21:00:00,3.7,100,91,18.2,0.0,0.0,0.0
2024-11-08 22:00:00,3.7,100,91,18.6,0.0,0.0,0.0
2024-11-08 23:00:00,3.6,100,92,17.2,0.0,0.0,0.0
2024-11-09 00:00:00,3.5,100,93,16.4,0.0,0.0,0.0
2024-11-09 01:00:00,3.3,100,94,14.9,0.0,0.0,0.0
2024-11-09 02:00:00,3.3,100,94,15.5,0.0,0.0,0.0
2024-11-09 03:00:00,2.3,100,98,15.3,0.0,0.0,0.0
2024-11-09 04:00:00,2.3,100,98,16.4,0.0,0.0,0.0
2024-11-09 05:00:00,2.1,100,98,15.3,0.0,0.0,0.0
2024-11-09 06:00:00,2.0,100,98,14.6,0.0,0.0,0.0
2024-11-09 07:00:00,2.0,100,97,15.7,0.0,0.0,0.0
2024-11-09 08:00:00,2.1,100,95,15.7,0.0,0.0,0.0
2024-11-09 09:00:00,2.6,100,91,15.8,0.0,0.0,55.6
2024-11-09 10:00:00,3.1,100,87,14.8,0.0,0.0,107.9
2024-11-09 11:00:00,4.5,78,79,12.8,0.0,0.0,222.6
2024-11-09 12:00:00,5.6,56,76,11.5,0.0,0.0,300.1
2024-11-09 13:00:00,6.6,34,73,11.1,0.0,0.0,303.6
2024-11-09 14:00:00,7.3,31,71,10.7,0.0,0.0,284.1
2024-11-09 15:00:00,5.8,41,73,10.8,0.0,0.0,205.9
2024-11-09 16:00:00,5.2,43,74,11.4,0.0,0.0,102.8
2024-11-09 17:00:00,3.6,19,80,9.2,0.0,0.0,1.3
2024-11-09 18:00:00,2.1,24,88,9.9,0.0,0.0,0.0
2024-11-09 19:00:00,1.1,22,92,10.1,0.0,0.0,0.0
2024-11-09 20:00:00,0.6,23,92,11.0,0.0,0.0,0.0
2024-11-09 21:00:00,0.4,25,93,11.3,0.0,0.0,0.0
2024-11-09 22:00:00,0.2,12,93,11.7,0.0,0.0,0.0
2024-11-09 23:00:00,-0.1,19,94,11.2,0.0,0.0,0.0
2024-11-10 00:00:00,-0.3,24,94,10.1,0.0,0.0,0.0
2024-11-10 01:00:00,-0.6,8,94,9.2,0.0,0.0,0.0
2024-11-10 02:00:00,-0.8,1,94,9.0,0.0,0.0,0.0
2024-11-10 03:00:00,0.0,100,93,9.9,0.0,0.0,0.0
2024-11-10 04:00:00,0.0,100,94,9.8,0.0,0.0,0.0
2024-11-10 05:00:00,0.3,100,92,11.9,0.0,0.0,0.0
2024-11-10 06:00:00,0.2,100,93,10.6,0.0,0.0,0.0
2024-11-10 07:00:00,0.2,100,93,10.1,0.0,0.0,0.0
2024-11-10 08:00:00,0.3,86,91,9.4,0.0,0.0,0.0
2024-11-10 09:00:00,0.7,91,88,9.1,0.0,0.0,53.2
2024-11-10 10:00:00,1.4,97,83,8.7,0.0,0.0,123.5
2024-11-10 11:00:00,2.5,73,77,8.1,0.0,0.0,218.5
2024-11-10 12:00:00,3.5,36,74,7.6,0.0,0.0,305.5
2024-11-10 13:00:00,4.5,35,72,6.7,0.0,0.0,332.3
2024-11-10 14:00:00,5.1,39,72,5.0,0.0,0.0,284.0
2024-11-10 15:00:00,4.2,93,73,6.0,0.0,0.0,185.9
2024-11-10 16:00:00,4.0,62,74,7.2,0.0,0.0,95.1
2024-11-10 17:00:00,1.7,30,88,7.0,0.0,0.0,0.0
2024-11-10 18:00:00,0.7,24,91,5.9,0.0,0.0,0.0
2024-11-10 19:00:00,0.2,32,93,6.4,0.0,0.0,0.0
2024-11-10 20:00:00,-0.2,35,94,5.6,0.0,0.0,0.0
2024-11-10 21:00:00,-1.2,24,95,7.3,0.0,0.0,0.0
2024-11-10 22:00:00,-1.5,9,95,7.6,0.0,0.0,0.0
2024-11-10 23:00:00,-2.1,9,96,7.9,0.0,0.0,0.0
2024-11-11 00:00:00,-2.6,12,96,8.9,0.0,0.0,0.0
2024-11-11 01:00:00,-2.8,100,97,8.2,0.0,0.0,0.0
2024-11-11 02:00:00,-1.1,100,99,5.9,0.0,0.0,0.0
2024-11-11 03:00:00,-0.6,100,98,8.0,0.0,0.0,0.0
2024-11-11 04:00:00,-0.5,100,99,6.8,0.0,0.0,0.0
2024-11-11 05:00:00,-0.3,100,99,6.4,0.0,0.0,0.0
2024-11-11 06:00:00,-0.1,100,99,7.6,0.0,0.0,0.0
2024-11-11 07:00:00,0.1,100,99,9.0,0.0,0.0,0.0
2024-11-11 08:00:00,0.0,100,99,10.4,0.0,0.0,0.0
2024-11-11 09:00:00,0.2,100,98,10.4,0.0,0.0,47.0
2024-11-11 10:00:00,0.7,100,92,10.9,0.0,0.0,97.4
2024-11-11 11:00:00,2.2,73,84,10.2,0.0,0.0,191.9
2024-11-11 12:00:00,3.8,38,78,7.3,0.0,0.0,292.0
2024-11-11 13:00:00,4.8,12,76,6.6,0.0,0.0,329.3
2024-11-11 14:00:00,5.6,10,74,6.5,0.0,0.0,302.4
2024-11-11 15:00:00,5.4,61,75,7.2,0.0,0.0,190.6
2024-11-11 16:00:00,4.8,11,78,5.9,0.0,0.0,90.8
2024-11-11 17:00:00,2.6,48,90,5.2,0.0,0.0,0.0
2024-11-11 18:00:00,1.6,70,93,5.4,0.0,0.0,0.0
2024-11-11 19:00:00,1.3,93,95,4.8,0.0,0.0,0.0
2024-11-11 20:00:00,0.2,100,97,6.7,0.0,0.0,0.0
2024-11-11 21:00:00,0.3,100,97,4.5,0.0,0.0,0.0
2024-11-11 22:00:00,0.4,100,98,3.1,0.0,0.0,0.0
2024-11-11 23:00:00,0.3,100,99,2.4,0.0,0.0,0.0
2024-11-12 00:00:00,0.3,100,98,2.2,0.0,0.0,0.0
2024-11-12 01:00:00,0.4,100,97,2.4,0.0,0.0,0.0
2024-11-12 02:00:00,0.5,100,96,3.6,0.0,0.0,0.0
2024-11-12 03:00:00,0.1,100,99,5.5,0.0,0.0,0.0
2024-11-12 04:00:00,0.4,100,99,5.9,0.0,0.0,0.0
2024-11-12 05:00:00,0.8,100,97,7.4,0.0,0.0,0.0
2024-11-12 06:00:00,1.2,100,95,8.1,0.0,0.0,0.0
2024-11-12 07:00:00,1.3,100,95,8.6,0.0,0.0,0.0
2024-11-12 08:00:00,1.4,100,94,9.4,0.0,0.0,0.0
2024-11-12 09:00:00,1.4,100,93,9.7,0.0,0.0,23.2
2024-11-12 10:00:00,1.7,100,92,8.7,0.0,0.0,61.0
2024-11-12 11:00:00,1.9,100,89,7.8,0.0,0.0,109.0
2024-11-12 12:00:00,1.8,100,88,7.9,0.0,0.0,92.2
2024-11-12 13:00:00,1.9,100,87,8.0,0.0,0.0,98.9
2024-11-12 14:00:00,1.9,100,86,7.5,0.0,0.0,84.6
2024-11-12 15:00:00,0.6,100,89,6.5,0.0,0.0,74.7
2024-11-12 16:00:00,0.5,100,88,6.2,0.0,0.0,28.9
2024-11-12 17:00:00,0.2,100,89,4.8,0.0,0.0,0.0
2024-11-12 18:00:00,0.1,100,91,4.0,0.0,0.0,0.0
2024-11-12 19:00:00,0.0,100,91,3.9,0.0,0.0,0.0
2024-11-12 20:00:00,-0.1,100,91,4.0,0.0,0.0,0.0
2024-11-12 21:00:00,-0.2,100,92,3.4,0.0,0.0,0.0
2024-11-12 22:00:00,-0.2,100,92,1.7,0.0,0.0,0.0
2024-11-12 23:00:00,-0.2,100,93,1.6,0.0,0.0,0.0
2024-11-13 00:00:00,-0.2,100,93,1.7,0.0,0.0,0.0
2024-11-13 01:00:00,-0.2,100,94,5.3,0.1,0.0,0.0
2024-11-13 02:00:00,-0.2,100,93,5.3,0.0,0.0,0.0
2024-11-13 03:00:00,0.4,100,92,4.7,0.0,0.0,0.0
2024-11-13 04:00:00,0.4,100,91,7.2,0.1,0.0,0.0
2024-11-13 05:00:00,0.3,100,92,8.5,0.1,0.0,0.0
2024-11-13 06:00:00,-0.1,100,90,8.9,0.1,0.0,0.0
2024-11-13 07:00:00,-0.2,100,89,6.7,0.0,0.0,0.0
2024-11-13 08:00:00,-0.2,100,89,5.4,0.0,0.0,0.0
2024-11-13 09:00:00,-0.1,100,90,4.5,0.0,0.0,19.9
2024-11-13 10:00:00,0.3,100,89,4.5,0.1,0.07,43.4
2024-11-13 11:00:00,0.8,100,89,4.3,0.1,0.07,70.9
2024-11-13 12:00:00,1.0,100,88,4.8,0.1,0.07,62.9
2024-11-13 13:00:00,1.3,100,84,7.7,0.1,0.0,72.2
2024-11-13 14:00:00,1.3,100,82,8.7,0.0,0.0,60.4
2024-11-13 15:00:00,0.6,100,85,8.9,0.0,0.0,48.3
2024-11-13 16:00:00,0.4,100,83,7.2,0.0,0.0,28.7
2024-11-13 17:00:00,0.3,100,83,5.8,0.0,0.0,0.0
2024-11-13 18:00:00,0.3,100,84,5.9,0.0,0.0,0.0
2024-11-13 19:00:00,0.3,100,85,4.9,0.0,0.0,0.0
2024-11-13 20:00:00,0.1,100,89,5.5,0.0,0.0,0.0
2024-11-13 21:00:00,0.3,100,89,5.9,0.0,0.0,0.0
2024-11-13 22:00:00,0.4,100,90,7.0,0.0,0.0,0.0
2024-11-13 23:00:00,0.6,100,90,7.5,0.0,0.0,0.0
2024-11-14 00:00:00,0.8,100,90,7.5,0.0,0.0,0.0
2024-11-14 01:00:00,0.7,100,92,7.7,0.0,0.0,0.0
2024-11-14 02:00:00,0.9,100,91,7.7,0.0,0.0,0.0
2024-11-14 03:00:00,1.3,100,93,8.2,0.0,0.0,0.0
2024-11-14 04:00:00,1.4,100,92,8.2,0.0,0.0,0.0
2024-11-14 05:00:00,1.5,100,92,8.2,0.0,0.0,0.0
2024-11-14 06:00:00,1.6,100,91,8.7,0.0,0.0,0.0
2024-11-14 07:00:00,1.7,100,91,8.8,0.0,0.0,0.0
2024-11-14 08:00:00,1.7,100,92,8.7,0.0,0.0,0.0
2024-11-14 09:00:00,1.9,100,91,9.3,0.0,0.0,20.5
2024-11-14 10:00:00,2.5,100,88,10.2,0.0,0.0,71.9
2024-11-14 11:00:00,2.8,100,86,10.7,0.0,0.0,88.0
2024-11-14 12:00:00,3.5,100,80,13.1,0.0,0.0,131.1
2024-11-14 13:00:00,4.1,100,75,13.4,0.0,0.0,120.7
2024-11-14 14:00:00,4.7,99,71,13.3,0.0,0.0,127.2
2024-11-14 15:00:00,4.6,100,74,15.0,0.0,0.0,98.1
2024-11-14 16:00:00,4.4,100,76,15.0,0.0,0.0,46.7
2024-11-14 17:00:00,4.1,31,77,13.1,0.0,0.0,0.0
2024-11-14 18:00:00,3.2,100,80,13.1,0.0,0.0,0.0
2024-11-14 19:00:00,3.6,100,80,13.4,0.0,0.0,0.0
2024-11-14 20:00:00,3.6,100,82,13.1,0.1,0.0,0.0
2024-11-14 21:00:00,3.5,100,85,13.0,0.0,0.0,0.0
2024-11-14 22:00:00,3.6,100,87,12.3,0.2,0.0,0.0
2024-11-14 23:00:00,3.8,100,90,12.6,0.1,0.0,0.0
2024-11-15 00:00:00,4.3,100,92,15.1,0.1,0.0,0.0
2024-11-15 01:00:00,4.7,100,94,12.6,0.0,0.0,0.0
2024-11-15 02:00:00,4.6,100,97,11.9,0.0,0.0,0.0
2024-11-15 03:00:00,4.6,100,97,11.9,0.0,0.0,0.0
2024-11-15 04:00:00,4.7,100,97,12.4,0.0,0.0,0.0
2024-11-15 05:00:00,4.6,100,98,12.4,0.0,0.0,0.0
2024-11-15 06:00:00,4.7,100,98,10.7,0.1,0.0,0.0
2024-11-15 07:00:00,4.7,100,98,10.3,0.1,0.0,0.0
2024-11-15 08:00:00,4.8,100,98,9.6,0.1,0.0,0.0
2024-11-15 09:00:00,5.0,100,98,8.8,0.0,0.0,19.0
2024-11-15 10:00:00,5.3,100,96,9.6,0.1,0.0,33.5
2024-11-15 11:00:00,5.5,100,95,9.2,0.1,0.0,52.0
2024-11-15 12:00:00,5.4,100,96,7.8,0.2,0.0,26.2
2024-11-15 13:00:00,5.4,100,96,8.1,0.1,0.0,27.7
2024-11-15 14:00:00,5.6,100,95,10.4,0.1,0.0,52.9
2024-11-15 15:00:00,6.0,100,90,10.6,0.0,0.0,53.2
2024-11-15 16:00:00,5.8,100,90,8.5,0.0,0.0,26.2
2024-11-15 17:00:00,5.6,100,91,7.1,0.0,0.0,0.0
2024-11-15 18:00:00,5.3,99,92,7.2,0.0,0.0,0.0
2024-11-15 19:00:00,5.2,76,92,7.6,0.0,0.0,0.0
2024-11-15 20:00:00,4.7,94,93,8.5,0.0,0.0,0.0
2024-11-15 21:00:00,4.7,83,92,8.4,0.0,0.0,0.0
2024-11-15 22:00:00,4.7,100,91,8.7,0.0,0.0,0.0
2024-11-15 23:00:00,4.5,98,91,8.7,0.0,0.0,0.0
2024-11-16 00:00:00,4.3,100,91,9.1,0.0,0.0,0.0
2024-11-16 01:00:00,4.0,84,90,8.6,0.0,0.0,0.0
2024-11-16 02:00:00,3.5,17,92,8.4,0.0,0.0,0.0
2024-11-16 03:00:00,3.6,6,91,8.5,0.0,0.0,0.0
2024-11-16 04:00:00,2.6,4,94,9.5,0.0,0.0,0.0
2024-11-16 05:00:00,2.1,1,95,9.8,0.0,0.0,0.0
2024-11-16 06:00:00,2.1,1,95,11.2,0.0,0.0,0.0
2024-11-16 07:00:00,2.1,1,95,11.6,0.0,0.0,0.0
2024-11-16 08:00:00,2.2,0,94,12.4,0.0,0.0,0.0
2024-11-16 09:00:00,2.8,0,92,12.9,0.0,0.0,65.3
2024-11-16 10:00:00,4.0,0,88,12.1,0.0,0.0,158.1
2024-11-16 11:00:00,5.4,0,83,11.1,0.0,0.0,243.3
2024-11-16 12:00:00,6.7,3,78,12.2,0.0,0.0,308.7
2024-11-16 13:00:00,7.8,11,73,13.0,0.0,0.0,323.5
2024-11-16 14:00:00,8.2,6,70,14.1,0.0,0.0,271.7
2024-11-16 15:00:00,8.4,7,68,14.8,0.0,0.0,193.7
2024-11-16 16:00:00,7.9,1,70,15.2,0.0,0.0,87.1
2024-11-16 17:00:00,6.9,0,73,15.3,0.0,0.0,0.0
2024-11-16 18:00:00,6.4,0,73,15.8,0.0,0.0,0.0
2024-11-16 19:00:00,5.9,0,75,15.8,0.0,0.0,0.0
2024-11-16 20:00:00,5.3,0,76,16.4,0.0,0.0,0.0
2024-11-16 21:00:00,4.9,0,78,16.7,0.0,0.0,0.0
2024-11-16 22:00:00,4.5,4,81,16.3,0.0,0.0,0.0
2024-11-16 23:00:00,4.2,6,83,15.1,0.0,0.0,0.0
2024-11-17 00:00:00,3.9,3,84,14.6,0.0,0.0,0.0
2024-11-17 01:00:00,3.5,2,84,15.1,0.0,0.0,0.0
2024-11-17 02:00:00,3.3,5,85,15.2,0.0,0.0,0.0
2024-11-17 03:00:00,3.9,13,78,16.7,0.0,0.0,0.0
2024-11-17 04:00:00,3.6,5,79,18.7,0.0,0.0,0.0
2024-11-17 05:00:00,3.2,56,81,18.7,0.0,0.0,0.0
2024-11-17 06:00:00,2.7,34,83,18.5,0.0,0.0,0.0
2024-11-17 07:00:00,2.4,10,84,18.3,0.0,0.0,0.0
2024-11-17 08:00:00,2.1,4,85,17.6,0.0,0.0,0.0
2024-11-17 09:00:00,2.2,48,84,18.0,0.0,0.0,71.9
2024-11-17 10:00:00,2.8,49,83,15.2,0.0,0.0,170.7
2024-11-17 11:00:00,3.6,45,79,17.3,0.0,0.0,255.1
2024-11-17 12:00:00,4.3,74,75,22.6,0.0,0.0,289.0
2024-11-17 13:00:00,4.6,75,73,20.7,0.0,0.0,233.5
2024-11-17 14:00:00,5.0,76,69,18.6,0.0,0.0,204.8
2024-11-17 15:00:00,4.5,100,75,17.6,0.0,0.0,100.0
2024-11-17 16:00:00,4.0,100,79,16.9,0.0,0.0,17.8
2024-11-17 17:00:00,3.6,100,80,18.0,0.0,0.0,0.0
2024-11-17 18:00:00,3.2,100,83,17.2,0.0,0.0,0.0
2024-11-17 19:00:00,3.0,100,85,17.6,0.1,0.0,0.0
2024-11-17 20:00:00,3.3,100,83,18.0,0.1,0.0,0.0
2024-11-17 21:00:00,3.7,100,81,18.0,0.0,0.0,0.0
2024-11-17 22:00:00,3.9,100,83,18.0,0.0,0.0,0.0
2024-11-17 23:00:00,4.0,100,85,17.2,0.1,0.0,0.0
2024-11-18 00:00:00,4.0,93,87,15.9,0.2,0.0,0.0
2024-11-18 01:00:00,3.7,95,89,15.6,0.0,0.0,0.0
2024-11-18 02:00:00,3.6,96,89,15.5,0.0,0.0,0.0
2024-11-18 03:00:00,4.0,95,86,13.6,0.1,0.0,0.0
2024-11-18 04:00:00,4.3,88,83,15.3,0.0,0.0,0.0
2024-11-18 05:00:00,3.8,5,82,14.8,0.0,0.0,0.0
2024-11-18 06:00:00,3.1,8,84,15.1,0.0,0.0,0.0
2024-11-18 07:00:00,2.8,19,86,14.6,0.0,0.0,0.0
2024-11-18 08:00:00,2.7,51,88,15.8,0.0,0.0,0.0
2024-11-18 09:00:00,3.1,92,86,14.1,0.0,0.0,62.7
2024-11-18 10:00:00,3.8,100,85,17.3,0.0,0.0,115.3
2024-11-18 11:00:00,4.1,100,87,17.9,0.2,0.0,93.1
2024-11-18 12:00:00,4.0,100,87,17.1,0.5,0.0,98.9
2024-11-18 13:00:00,3.3,100,95,14.1,1.0,0.0,34.6
2024-11-18 14:00:00,3.7,100,94,15.8,0.9,0.0,31.5
2024-11-18 15:00:00,2.7,100,99,11.7,2.0,0.21,38.6
2024-11-18 16:00:00,2.6,93,97,12.8,0.1,0.0,28.8
2024-11-18 17:00:00,2.2,99,96,8.8,0.0,0.0,0.0
2024-11-18 18:00:00,2.0,75,95,10.1,0.0,0.0,0.0
2024-11-18 19:00:00,1.8,7,92,10.8,0.0,0.0,0.0
2024-11-18 20:00:00,1.3,6,92,12.7,0.0,0.0,0.0
2024-11-18 21:00:00,1.5,23,93,13.0,0.0,0.0,0.0
2024-11-18 22:00:00,1.3,4,94,12.1,0.0,0.0,0.0
2024-11-18 23:00:00,0.7,33,95,11.4,0.0,0.0,0.0
2024-11-19 00:00:00,0.3,43,95,11.0,0.0,0.0,0.0
2024-11-19 01:00:00,0.0,85,95,11.0,0.0,0.0,0.0
2024-11-19 02:00:00,-0.2,32,94,11.0,0.0,0.0,0.0
2024-11-19 03:00:00,-0.1,68,95,10.0,0.0,0.0,0.0
2024-11-19 04:00:00,-0.3,89,95,9.9,0.0,0.0,0.0
2024-11-19 05:00:00,-0.1,94,96,11.1,0.0,0.0,0.0
2024-11-19 06:00:00,0.0,81,97,10.8,0.0,0.0,0.0
2024-11-19 07:00:00,0.4,100,97,10.8,0.0,0.0,0.0
2024-11-19 08:00:00,1.3,98,96,11.0,0.0,0.0,0.0
2024-11-19 09:00:00,1.3,96,96,11.2,0.0,0.0,50.4
2024-11-19 10:00:00,3.0,100,92,13.9,0.0,0.0,135.7
2024-11-19 11:00:00,4.6,100,89,15.2,0.1,0.0,119.5
2024-11-19 12:00:00,5.4,100,85,16.4,0.1,0.0,66.3
2024-11-19 13:00:00,6.4,100,82,17.7,0.1,0.0,54.4
2024-11-19 14:00:00,8.0,100,75,23.3,0.0,0.0,63.9
2024-11-19 15:00:00,8.0,100,80,22.0,1.2,0.0,34.3
2024-11-19 16:00:00,8.5,99,72,21.8,0.0,0.0,20.1
2024-11-19 17:00:00,7.9,100,73,22.8,0.0,0.0,0.0
2024-11-19 18:00:00,7.6,99,76,22.3,0.0,0.0,0.0
2024-11-19 19:00:00,7.6,97,77,21.7,0.0,0.0,0.0
2024-11-19 20:00:00,7.6,95,77,23.0,0.0,0.0,0.0
2024-11-19 21:00:00,7.5,93,78,21.0,0.0,0.0,0.0
2024-11-19 22:00:00,7.6,99,76,22.9,0.0,0.0,0.0
2024-11-19 23:00:00,8.4,100,73,25.4,0.0,0.0,0.0
2024-11-20 00:00:00,8.3,100,73,24.9,0.0,0.0,0.0
2024-11-20 01:00:00,8.3,100,73,22.9,0.0,0.0,0.0
2024-11-20 02:00:00,8.1,100,75,18.7,0.0,0.0,0.0
2024-11-20 03:00:00,8.4,100,77,21.7,0.0,0.0,0.0
2024-11-20 04:00:00,7.8,100,82,20.0,0.0,0.0,0.0
2024-11-20 05:00:00,7.6,100,84,17.3,0.0,0.0,0.0
2024-11-20 06:00:00,7.1,100,92,17.7,1.3,0.0,0.0
2024-11-20 07:00:00,6.9,100,95,21.3,0.9,0.0,0.0
2024-11-20 08:00:00,2.3,100,99,22.2,3.1,0.07,0.0
2024-11-20 09:00:00,1.5,100,97,21.9,1.2,0.49,9.9
2024-11-20 10:00:00,1.2,100,96,21.9,0.7,0.35,27.8
2024-11-20 11:00:00,1.3,100,95,20.3,0.3,0.14,61.6
2024-11-20 12:00:00,1.6,100,89,20.8,0.1,0.0,85.3
2024-11-20 13:00:00,2.1,100,82,21.3,0.1,0.0,122.7
2024-11-20 14:00:00,2.4,100,75,18.7,0.0,0.0,106.4
2024-11-20 15:00:00,1.8,100,84,13.5,0.1,0.0,30.9
2024-11-20 16:00:00,1.9,40,82,16.4,0.2,0.07,18.0
2024-11-20 17:00:00,1.1,24,84,14.1,0.1,0.0,0.0
2024-11-20 18:00:00,0.6,5,84,9.6,0.0,0.0,0.0
2024-11-20 19:00:00,-0.2,7,86,8.9,0.0,0.0,0.0
2024-11-20 20:00:00,-0.6,0,85,10.7,0.0,0.0,0.0
2024-11-20 21:00:00,-0.8,10,86,10.6,0.0,0.0,0.0
2024-11-20 22:00:00,-1.2,71,86,12.5,0.0,0.0,0.0
2024-11-20 23:00:00,-1.2,90,85,12.7,0.0,0.0,0.0
2024-11-21 00:00:00,-1.3,17,84,11.8,0.0,0.0,0.0
2024-11-21 01:00:00,-1.5,11,85,11.4,0.0,0.0,0.0
2024-11-21 02:00:00,-1.6,30,84,12.6,0.0,0.0,0.0
2024-11-21 03:00:00,-0.3,72,84,12.0,0.0,0.0,0.0
2024-11-21 04:00:00,-0.6,94,88,11.5,0.0,0.0,0.0
2024-11-21 05:00:00,-0.3,38,86,13.8,0.0,0.0,0.0
2024-11-21 06:00:00,-0.5,28,84,13.8,0.0,0.0,0.0
2024-11-21 07:00:00,-0.5,65,83,14.3,0.0,0.0,0.0
2024-11-21 08:00:00,-0.4,95,82,15.1,0.0,0.0,0.0
2024-11-21 09:00:00,0.2,97,79,15.8,0.0,0.0,41.2
2024-11-21 10:00:00,0.8,100,77,14.9,0.0,0.0,104.0
2024-11-21 11:00:00,0.7,57,79,16.7,0.2,0.14,75.4
2024-11-21 12:00:00,1.5,38,74,19.3,0.1,0.07,198.2
2024-11-21 13:00:00,1.8,41,69,19.1,0.1,0.07,251.4
2024-11-21 14:00:00,2.4,51,63,16.9,0.0,0.0,226.6
2024-11-21 15:00:00,2.1,58,64,17.3,0.0,0.0,162.7
2024-11-21 16:00:00,1.6,90,70,13.1,0.0,0.0,52.2
2024-11-21 17:00:00,0.7,6,69,14.7,0.0,0.0,0.0
2024-11-21 18:00:00,-0.2,30,72,13.7,0.0,0.0,0.0
2024-11-21 19:00:00,-0.4,47,72,14.6,0.0,0.0,0.0
2024-11-21 20:00:00,-0.7,52,74,12.8,0.0,0.0,0.0
2024-11-21 21:00:00,-1.0,100,75,12.6,0.0,0.0,0.0
2024-11-21 22:00:00,-1.3,100,77,11.2,0.0,0.0,0.0
2024-11-21 23:00:00,-1.3,100,77,10.0,0.0,0.0,0.0
2024-11-22 00:00:00,-0.7,100,74,9.1,0.0,0.0,0.0
2024-11-22 01:00:00,-0.8,100,75,9.0,0.0,0.0,0.0
2024-11-22 02:00:00,-0.8,100,79,8.4,0.3,0.21,0.0
2024-11-22 03:00:00,-0.7,100,89,6.6,0.8,0.56,0.0
2024-11-22 04:00:00,-0.8,100,92,7.5,0.8,0.56,0.0
2024-11-22 05:00:00,-0.7,100,93,7.2,0.6,0.42,0.0
2024-11-22 06:00:00,-0.7,100,94,5.9,0.7,0.49,0.0
2024-11-22 07:00:00,-0.9,100,96,2.7,0.4,0.28,0.0
2024-11-22 08:00:00,-0.6,100,96,3.8,0.6,0.42,0.0
2024-11-22 09:00:00,-0.3,100,96,7.6,0.1,0.07,21.3
2024-11-22 10:00:00,-0.3,62,95,9.7,0.0,0.0,97.9
2024-11-22 11:00:00,-0.3,54,92,9.8,0.0,0.0,225.5
2024-11-22 12:00:00,0.0,27,88,12.0,0.0,0.0,304.9
2024-11-22 13:00:00,0.5,24,82,10.5,0.0,0.0,316.8
2024-11-22 14:00:00,0.3,37,78,11.2,0.0,0.0,273.7
2024-11-22 15:00:00,-0.4,99,85,8.7,0.0,0.0,182.4
2024-11-22 16:00:00,-0.2,98,86,8.6,0.0,0.0,51.1
2024-11-22 17:00:00,-1.2,100,89,6.2,0.1,0.07,0.0
2024-11-22 18:00:00,-0.7,95,88,8.8,0.1,0.07,0.0
2024-11-22 19:00:00,-1.1,35,91,7.7,0.1,0.07,0.0
2024-11-22 20:00:00,-2.7,99,92,8.8,0.0,0.0,0.0
2024-11-22 21:00:00,-2.2,100,90,10.5,0.0,0.0,0.0
2024-11-22 22:00:00,-1.8,100,87,11.2,0.0,0.0,0.0
2024-11-22 23:00:00,-2.0,100,87,9.0,0.0,0.0,0.0
2024-11-23 00:00:00,-1.5,100,87,9.5,0.0,0.0,0.0
2024-11-23 01:00:00,-1.1,94,87,11.1,0.1,0.07,0.0
2024-11-23 02:00:00,-1.2,97,86,13.8,0.0,0.0,0.0
2024-11-23 03:00:00,-0.3,98,88,12.2,0.0,0.0,0.0
2024-11-23 04:00:00,-0.3,98,85,13.1,0.0,0.0,0.0
2024-11-23 05:00:00,-0.3,97,84,12.3,0.0,0.0,0.0
2024-11-23 06:00:00,-0.5,100,84,11.9,0.0,0.0,0.0
2024-11-23 07:00:00,-0.7,100,87,12.1,0.0,0.0,0.0
2024-11-23 08:00:00,-0.4,100,87,14.2,0.0,0.0,0.0
2024-11-23 09:00:00,-0.1,100,89,15.7,0.0,0.0,22.1
2024-11-23 10:00:00,0.2,86,88,17.5,0.0,0.0,44.5
2024-11-23 11:00:00,-0.1,65,84,17.0,0.0,0.0,170.9
2024-11-23 12:00:00,-0.2,70,82,13.3,0.0,0.0,250.2
2024-11-23 13:00:00,0.3,74,79,11.9,0.0,0.0,247.6
2024-11-23 14:00:00,0.9,99,76,10.8,0.0,0.0,212.6
2024-11-23 15:00:00,0.9,100,80,14.8,0.0,0.0,130.5
2024-11-23 16:00:00,0.9,56,79,16.0,0.0,0.0,23.1
2024-11-23 17:00:00,-0.4,55,84,14.1,0.0,0.0,0.0
2024-11-23 18:00:00,-1.2,79,83,15.7,0.0,0.0,0.0
2024-11-23 19:00:00,-1.0,39,78,16.3,0.0,0.0,0.0
2024-11-23 20:00:00,-1.3,1,79,15.4,0.0,0.0,0.0
2024-11-23 21:00:00,-1.9,38,81,15.9,0.0,0.0,0.0
2024-11-23 22:00:00,-1.9,100,82,14.7,0.0,0.0,0.0
2024-11-23 23:00:00,-2.0,93,83,14.1,0.0,0.0,0.0
2024-11-24 00:00:00,-2.0,65,83,13.6,0.0,0.0,0.0
2024-11-24 01:00:00,-2.2,88,82,13.7,0.0,0.0,0.0
2024-11-24 02:00:00,-2.5,96,81,12.1,0.0,0.0,0.0
2024-11-24 03:00:00,-1.0,100,77,14.3,0.0,0.0,0.0
2024-11-24 04:00:00,-0.5,99,74,15.1,0.0,0.0,0.0
2024-11-24 05:00:00,0.7,100,71,16.6,0.0,0.0,0.0
2024-11-24 06:00:00,0.9,100,70,15.8,0.0,0.0,0.0
2024-11-24 07:00:00,1.4,100,69,14.9,0.0,0.0,0.0
2024-11-24 08:00:00,1.7,100,68,15.2,0.0,0.0,0.0
2024-11-24 09:00:00,2.2,100,68,15.7,0.0,0.0,23.0
2024-11-24 10:00:00,2.3,100,72,15.7,0.2,0.0,42.1
2024-11-24 11:00:00,2.3,100,75,15.8,0.2,0.0,72.4
2024-11-24 12:00:00,2.5,100,78,20.1,0.3,0.0,62.3
2024-11-24 13:00:00,2.5,100,80,20.9,0.1,0.0,49.5
2024-11-24 14:00:00,2.8,100,79,19.6,0.0,0.0,47.1
2024-11-24 15:00:00,3.0,100,76,20.3,0.0,0.0,74.7
2024-11-24 16:00:00,3.1,89,74,18.7,0.0,0.0,18.0
2024-11-24 17:00:00,2.9,91,75,16.9,0.0,0.0,0.0
2024-11-24 18:00:00,3.2,100,74,17.1,0.0,0.0,0.0
2024-11-24 19:00:00,3.7,100,72,17.2,0.0,0.0,0.0
2024-11-24 20:00:00,3.9,100,71,19.2,0.0,0.0,0.0
2024-11-24 21:00:00,3.9,98,70,18.7,0.0,0.0,0.0
2024-11-24 22:00:00,3.9,95,69,17.1,0.0,0.0,0.0
2024-11-24 23:00:00,3.9,87,69,16.2,0.0,0.0,0.0
2024-11-25 00:00:00,3.8,99,69,14.5,0.0,0.0,0.0
2024-11-25 01:00:00,3.8,100,70,13.9,0.0,0.0,0.0
2024-11-25 02:00:00,4.2,100,69,13.6,0.0,0.0,0.0
2024-11-25 03:00:00,4.5,100,71,13.4,0.0,0.0,0.0
2024-11-25 04:00:00,4.4,100,72,12.4,0.0,0.0,0.0
2024-11-25 05:00:00,4.4,95,73,12.6,0.0,0.0,0.0
2024-11-25 06:00:00,3.8,97,77,10.4,0.0,0.0,0.0
2024-11-25 07:00:00,3.3,99,78,8.2,0.0,0.0,0.0
2024-11-25 08:00:00,3.4,99,78,8.0,0.0,0.0,0.0
2024-11-25 09:00:00,3.7,94,77,7.4,0.0,0.0,44.7
2024-11-25 10:00:00,5.3,18,73,8.2,0.0,0.0,135.3
2024-11-25 11:00:00,7.7,35,67,8.0,0.0,0.0,230.3
2024-11-25 12:00:00,9.7,26,64,8.7,0.0,0.0,282.4
2024-11-25 13:00:00,11.3,3,62,9.5,0.0,0.0,288.3
2024-11-25 14:00:00,11.9,6,63,9.4,0.0,0.0,249.3
2024-11-25 15:00:00,12.3,18,52,13.4,0.0,0.0,169.9
2024-11-25 16:00:00,11.2,8,56,11.8,0.0,0.0,67.0
2024-11-25 17:00:00,8.9,47,64,8.1,0.0,0.0,0.0
2024-11-25 18:00:00,7.8,9,66,8.8,0.0,0.0,0.0
2024-11-25 19:00:00,7.0,21,68,11.4,0.0,0.0,0.0
2024-11-25 20:00:00,6.3,43,70,12.5,0.0,0.0,0.0
2024-11-25 21:00:00,6.7,82,70,14.8,0.0,0.0,0.0
2024-11-25 22:00:00,6.7,87,75,14.3,0.0,0.0,0.0
2024-11-25 23:00:00,6.8,38,78,14.0,0.0,0.0,0.0
2024-11-26 00:00:00,6.7,42,79,14.1,0.0,0.0,0.0
2024-11-26 01:00:00,6.7,25,79,14.8,0.0,0.0,0.0
2024-11-26 02:00:00,6.4,9,81,12.9,0.0,0.0,0.0
2024-11-26 03:00:00,6.1,6,79,12.3,0.0,0.0,0.0
2024-11-26 04:00:00,5.8,6,80,11.9,0.0,0.0,0.0
2024-11-26 05:00:00,5.3,2,82,10.1,0.0,0.0,0.0
2024-11-26 06:00:00,4.7,5,84,10.0,0.0,0.0,0.0
2024-11-26 07:00:00,4.2,4,86,10.8,0.0,0.0,0.0
2024-11-26 08:00:00,4.4,0,85,13.6,0.0,0.0,0.0
2024-11-26 09:00:00,4.7,0,83,13.8,0.0,0.0,46.5
2024-11-26 10:00:00,5.6,0,80,13.7,0.0,0.0,141.7
2024-11-26 11:00:00,6.7,24,77,12.1,0.0,0.0,228.5
2024-11-26 12:00:00,7.4,72,75,11.3,0.0,0.0,261.5
2024-11-26 13:00:00,7.9,100,75,10.4,0.0,0.0,214.0
2024-11-26 14:00:00,7.6,100,78,9.7,0.0,0.0,60.9
2024-11-26 15:00:00,8.0,100,77,12.2,0.0,0.0,43.0
2024-11-26 16:00:00,7.0,100,84,11.7,0.2,0.0,11.6
2024-11-26 17:00:00,6.3,100,92,11.7,0.3,0.0,0.0
2024-11-26 18:00:00,6.1,100,96,10.9,0.0,0.0,0.0
2024-11-26 19:00:00,6.1,100,98,10.5,0.0,0.0,0.0
2024-11-26 20:00:00,6.1,100,98,9.0,0.0,0.0,0.0
2024-11-26 21:00:00,6.0,100,99,8.3,0.0,0.0,0.0
2024-11-26 22:00:00,5.9,100,99,7.8,0.0,0.0,0.0
2024-11-26 23:00:00,5.9,100,99,7.6,0.0,0.0,0.0
2024-11-27 00:00:00,5.7,84,99,7.7,0.0,0.0,0.0
2024-11-27 01:00:00,4.9,9,99,7.2,0.0,0.0,0.0
2024-11-27 02:00:00,3.9,0,99,6.9,0.0,0.0,0.0
2024-11-27 03:00:00,3.6,0,98,7.3,0.0,0.0,0.0
2024-11-27 04:00:00,2.9,1,98,7.6,0.0,0.0,0.0
2024-11-27 05:00:00,2.1,4,99,6.4,0.0,0.0,0.0
2024-11-27 06:00:00,1.6,14,99,5.6,0.0,0.0,0.0
2024-11-27 07:00:00,0.9,17,99,5.0,0.0,0.0,0.0
2024-11-27 08:00:00,1.3,22,100,6.0,0.0,0.0,0.0
2024-11-27 09:00:00,1.7,49,99,7.0,0.0,0.0,38.6
2024-11-27 10:00:00,3.0,82,97,7.8,0.0,0.0,123.2
2024-11-27 11:00:00,4.4,100,93,9.2,0.0,0.0,192.0
2024-11-27 12:00:00,5.4,93,92,7.9,0.0,0.0,207.6
2024-11-27 13:00:00,6.5,55,87,7.9,0.0,0.0,223.0
2024-11-27 14:00:00,7.1,47,83,8.0,0.0,0.0,212.3
2024-11-27 15:00:00,7.2,80,82,8.1,0.0,0.0,128.1
2024-11-27 16:00:00,6.5,41,86,4.0,0.0,0.0,52.6
2024-11-27 17:00:00,5.4,64,88,6.3,0.0,0.0,0.0
2024-11-27 18:00:00,4.7,100,91,8.2,0.0,0.0,0.0
2024-11-27 19:00:00,4.2,92,93,8.8,0.0,0.0,0.0
2024-11-27 20:00:00,3.7,94,95,9.0,0.0,0.0,0.0
2024-11-27 21:00:00,3.2,1,95,8.5,0.0,0.0,0.0
2024-11-27 22:00:00,2.7,2,95,8.5,0.0,0.0,0.0
2024-11-27 23:00:00,2.4,0,95,9.9,0.0,0.0,0.0
2024-11-28 00:00:00,2.7,1,94,11.7,0.0,0.0,0.0
2024-11-28 01:00:00,3.0,13,93,12.2,0.0,0.0,0.0
2024-11-28 02:00:00,3.5,97,93,14.6,0.0,0.0,0.0
2024-11-28 03:00:00,4.1,100,93,14.9,0.0,0.0,0.0
2024-11-28 04:00:00,4.9,100,91,15.9,0.0,0.0,0.0
2024-11-28 05:00:00,5.6,99,88,15.9,0.0,0.0,0.0
2024-11-28 06:00:00,6.1,100,84,17.1,0.0,0.0,0.0
2024-11-28 07:00:00,6.2,100,86,16.8,0.2,0.0,0.0
2024-11-28 08:00:00,6.0,100,93,17.4,1.0,0.0,0.0
2024-11-28 09:00:00,6.3,100,94,21.3,1.3,0.0,3.3
2024-11-28 10:00:00,6.4,100,93,22.9,1.6,0.0,9.8
2024-11-28 11:00:00,6.7,100,91,26.4,0.8,0.0,15.1
2024-11-28 12:00:00,6.5,100,94,25.0,0.8,0.0,37.1
2024-11-28 13:00:00,7.1,99,89,22.8,0.1,0.0,58.5
2024-11-28 14:00:00,7.5,100,85,21.1,0.0,0.0,103.3
2024-11-28 15:00:00,7.4,71,81,23.5,0.1,0.0,130.4
2024-11-28 16:00:00,7.0,13,80,19.6,0.0,0.0,43.2
2024-11-28 17:00:00,6.1,100,78,18.8,0.0,0.0,0.0
2024-11-28 18:00:00,6.0,100,75,18.2,0.0,0.0,0.0
2024-11-28 19:00:00,5.8,100,75,18.9,0.0,0.0,0.0
2024-11-28 20:00:00,5.4,100,78,17.5,0.2,0.0,0.0
2024-11-28 21:00:00,5.4,100,78,16.8,0.0,0.0,0.0
2024-11-28 22:00:00,5.3,100,77,15.5,0.1,0.0,0.0
2024-11-28 23:00:00,4.9,100,81,17.9,0.5,0.0,0.0
2024-11-29 00:00:00,4.0,100,90,19.1,0.4,0.0,0.0
2024-11-29 01:00:00,3.6,100,95,17.6,0.4,0.0,0.0
2024-11-29 02:00:00,3.8,100,97,16.8,0.6,0.0,0.0
2024-11-29 03:00:00,4.0,100,98,17.8,1.2,0.0,0.0
2024-11-29 04:00:00,3.4,100,98,14.2,1.7,0.0,0.0
2024-11-29 05:00:00,3.3,100,98,13.0,1.2,0.0,0.0
2024-11-29 06:00:00,3.5,100,97,10.7,0.3,0.0,0.0
2024-11-29 07:00:00,3.8,100,97,11.5,0.1,0.0,0.0
2024-11-29 08:00:00,4.0,100,97,14.1,0.0,0.0,0.0
2024-11-29 09:00:00,4.1,100,96,13.5,0.1,0.0,10.5
2024-11-29 10:00:00,4.2,100,95,15.2,0.1,0.0,22.5
2024-11-29 11:00:00,4.4,100,94,14.7,0.2,0.0,33.7
2024-11-29 12:00:00,4.5,100,94,16.1,0.1,0.0,46.7
2024-11-29 13:00:00,4.3,100,94,16.7,0.3,0.0,49.6
2024-11-29 14:00:00,4.1,100,96,16.1,0.7,0.0,41.5
2024-11-29 15:00:00,4.3,100,94,16.1,0.2,0.0,26.4
2024-11-29 16:00:00,4.0,100,94,16.9,0.2,0.0,10.7
2024-11-29 17:00:00,3.8,100,94,14.9,0.1,0.0,0.0
2024-11-29 18:00:00,3.7,100,94,15.2,0.1,0.0,0.0
2024-11-29 19:00:00,3.4,100,94,14.6,0.2,0.0,0.0
2024-11-29 20:00:00,3.3,100,94,13.7,0.0,0.0,0.0
2024-11-29 21:00:00,3.4,100,93,12.7,0.0,0.0,0.0
2024-11-29 22:00:00,3.4,100,93,11.8,0.0,0.0,0.0
2024-11-29 23:00:00,3.4,100,93,11.2,0.0,0.0,0.0
2024-11-30 00:00:00,3.4,100,93,11.1,0.0,0.0,0.0
2024-11-30 01:00:00,3.4,100,94,10.2,0.0,0.0,0.0
2024-11-30 02:00:00,3.2,100,95,8.4,0.0,0.0,0.0
2024-11-30 03:00:00,3.7,100,95,9.2,0.0,0.0,0.0
2024-11-30 04:00:00,3.7,100,95,8.1,0.0,0.0,0.0
2024-11-30 05:00:00,3.7,100,95,7.3,0.0,0.0,0.0
2024-11-30 06:00:00,3.4,100,96,8.4,0.0,0.0,0.0
2024-11-30 07:00:00,3.3,100,97,7.7,0.0,0.0,0.0
2024-11-30 08:00:00,3.2,100,98,6.8,0.0,0.0,0.0
2024-11-30 09:00:00,3.3,96,95,7.9,0.0,0.0,14.5
2024-11-30 10:00:00,3.5,88,90,8.4,0.0,0.0,70.7
2024-11-30 11:00:00,4.0,99,86,7.4,0.0,0.0,103.6
2024-11-30 12:00:00,4.4,100,85,7.3,0.0,0.0,78.6
2024-11-30 13:00:00,4.7,100,82,7.0,0.1,0.0,74.4
2024-11-30 14:00:00,4.8,100,80,6.7,0.1,0.0,56.3
2024-11-30 15:00:00,5.4,100,76,7.3,0.1,0.0,88.1
2024-11-30 16:00:00,5.2,100,78,5.6,0.0,0.0,27.8
2024-11-30 17:00:00,4.7,100,80,5.6,0.0,0.0,0.0
2024-11-30 18:00:00,4.3,95,81,7.2,0.0,0.0,0.0
2024-11-30 19:00:00,3.9,79,81,8.7,0.0,0.0,0.0
2024-11-30 20:00:00,3.0,10,84,9.6,0.0,0.0,0.0
2024-11-30 21:00:00,2.3,41,88,9.5,0.0,0.0,0.0
2024-11-30 22:00:00,2.2,23,92,10.0,0.0,0.0,0.0
2024-11-30 23:00:00,2.2,3,93,10.4,0.0,0.0,0.0
2024-12-01 00:00:00,2.0,4,94,10.3,0.0,0.0,0.0
2024-12-01 01:00:00,1.7,6,95,9.5,0.0,0.0,0.0
2024-12-01 02:00:00,1.1,4,96,8.3,0.0,0.0,0.0
2024-12-01 03:00:00,0.9,19,98,7.7,0.0,0.0,0.0
2024-12-01 04:00:00,0.4,46,98,7.4,0.0,0.0,0.0
2024-12-01 05:00:00,-0.2,74,97,6.3,0.0,0.0,0.0
2024-12-01 06:00:00,-0.2,100,99,7.1,0.0,0.0,0.0
2024-12-01 07:00:00,-0.6,100,99,5.9,0.0,0.0,0.0
2024-12-01 08:00:00,-1.0,100,99,5.2,0.0,0.0,0.0
2024-12-01 09:00:00,-1.1,100,99,7.3,0.0,0.0,26.5
2024-12-01 10:00:00,-0.1,100,97,8.3,0.0,0.0,93.9
2024-12-01 11:00:00,1.1,100,96,5.1,0.0,0.0,156.3
2024-12-01 12:00:00,2.7,96,94,3.8,0.0,0.0,200.9
2024-12-01 13:00:00,4.4,19,91,4.2,0.0,0.0,253.1
2024-12-01 14:00:00,5.5,8,84,4.4,0.0,0.0,231.5
2024-12-01 15:00:00,5.6,3,81,4.6,0.0,0.0,157.0
2024-12-01 16:00:00,4.5,0,85,4.4,0.0,0.0,57.6
2024-12-01 17:00:00,3.5,1,85,7.0,0.0,0.0,0.0
2024-12-01 18:00:00,3.0,1,86,8.1,0.0,0.0,0.0
2024-12-01 19:00:00,2.4,1,88,8.6,0.0,0.0,0.0
2024-12-01 20:00:00,1.8,0,91,8.1,0.0,0.0,0.0
2024-12-01 21:00:00,1.4,0,92,8.4,0.0,0.0,0.0
2024-12-01 22:00:00,1.0,0,94,8.8,0.0,0.0,0.0
2024-12-01 23:00:00,0.9,0,93,8.9,0.0,0.0,0.0
2024-12-02 00:00:00,0.9,0,92,8.1,0.0,0.0,0.0
2024-12-02 01:00:00,0.6,3,92,8.1,0.0,0.0,0.0
2024-12-02 02:00:00,0.4,4,93,8.6,0.0,0.0,0.0
2024-12-02 03:00:00,0.3,2,93,10.4,0.0,0.0,0.0
2024-12-02 04:00:00,0.3,9,93,10.2,0.0,0.0,0.0
2024-12-02 05:00:00,0.6,17,93,11.0,0.0,0.0,0.0
2024-12-02 06:00:00,0.7,11,93,11.5,0.0,0.0,0.0
2024-12-02 07:00:00,0.8,3,93,12.1,0.0,0.0,0.0
2024-12-02 08:00:00,0.9,1,93,12.4,0.0,0.0,0.0
2024-12-02 09:00:00,1.0,0,94,12.0,0.0,0.0,35.7
2024-12-02 10:00:00,2.3,0,92,12.7,0.0,0.0,124.8
2024-12-02 11:00:00,4.0,1,87,14.4,0.0,0.0,212.7
2024-12-02 12:00:00,5.1,5,85,10.6,0.0,0.0,266.0
2024-12-02 13:00:00,5.9,3,82,9.6,0.0,0.0,273.0
2024-12-02 14:00:00,6.3,19,79,12.0,0.0,0.0,228.7
2024-12-02 15:00:00,6.1,42,78,14.1,0.0,0.0,153.6
2024-12-02 16:00:00,5.4,22,79,13.5,0.0,0.0,55.5
2024-12-02 17:00:00,4.4,22,79,13.9,0.0,0.0,0.0
2024-12-02 18:00:00,3.7,15,80,13.8,0.0,0.0,0.0
2024-12-02 19:00:00,3.1,0,81,13.9,0.0,0.0,0.0
2024-12-02 20:00:00,2.8,0,80,14.4,0.0,0.0,0.0
2024-12-02 21:00:00,2.5,0,80,14.3,0.0,0.0,0.0
2024-12-02 22:00:00,2.3,0,80,13.8,0.0,0.0,0.0
2024-12-02 23:00:00,2.0,0,82,12.9,0.0,0.0,0.0
2024-12-03 00:00:00,1.7,0,85,12.3,0.0,0.0,0.0
2024-12-03 01:00:00,1.4,0,86,11.9,0.0,0.0,0.0
2024-12-03 02:00:00,1.1,2,87,10.5,0.0,0.0,0.0
2024-12-03 03:00:00,0.9,3,88,9.3,0.0,0.0,0.0
2024-12-03 04:00:00,0.5,8,90,8.7,0.0,0.0,0.0
2024-12-03 05:00:00,0.4,65,91,8.4,0.0,0.0,0.0
2024-12-03 06:00:00,0.3,98,92,9.2,0.0,0.0,0.0
2024-12-03 07:00:00,0.4,100,93,9.9,0.0,0.0,0.0
2024-12-03 08:00:00,0.8,100,93,10.6,0.0,0.0,0.0
2024-12-03 09:00:00,1.2,100,92,11.6,0.0,0.0,24.9
2024-12-03 10:00:00,2.2,100,88,12.3,0.0,0.0,80.9
2024-12-03 11:00:00,3.1,100,82,10.5,0.0,0.0,146.4
2024-12-03 12:00:00,3.7,100,78,10.5,0.0,0.0,132.1
2024-12-03 13:00:00,4.0,100,75,13.7,0.0,0.0,112.2
2024-12-03 14:00:00,4.4,100,74,14.7,0.0,0.0,147.5
2024-12-03 15:00:00,4.4,100,74,13.1,0.0,0.0,77.2
2024-12-03 16:00:00,4.0,100,77,12.7,0.0,0.0,27.3
2024-12-03 17:00:00,3.4,100,79,11.2,0.0,0.0,0.0
2024-12-03 18:00:00,3.1,100,81,10.7,0.0,0.0,0.0
2024-12-03 19:00:00,2.9,100,83,10.1,0.0,0.0,0.0
2024-12-03 20:00:00,2.8,100,84,9.7,0.0,0.0,0.0
2024-12-03 21:00:00,2.7,100,86,9.1,0.0,0.0,0.0
2024-12-03 22:00:00,2.5,100,89,8.4,0.0,0.0,0.0
2024-12-03 23:00:00,2.5,100,91,8.4,0.1,0.0,0.0
2024-12-04 00:00:00,2.5,100,94,8.1,0.1,0.0,0.0
2024-12-04 01:00:00,2.4,100,96,7.3,0.2,0.0,0.0
2024-12-04 02:00:00,2.4,100,98,7.1,0.2,0.0,0.0
2024-12-04 03:00:00,2.6,100,99,7.4,0.2,0.0,0.0
2024-12-04 04:00:00,2.6,100,98,7.5,0.2,0.0,0.0
2024-12-04 05:00:00,2.6,100,99,7.7,0.1,0.0,0.0
2024-12-04 06:00:00,2.6,100,98,7.2,0.0,0.0,0.0
2024-12-04 07:00:00,2.6,100,98,7.4,0.0,0.0,0.0
2024-12-04 08:00:00,2.5,100,98,7.1,0.0,0.0,0.0
2024-12-04 09:00:00,2.3,96,98,7.1,0.0,0.0,13.0
2024-12-04 10:00:00,2.4,100,96,6.9,0.0,0.0,80.1
2024-12-04 11:00:00,3.2,100,92,7.0,0.0,0.0,116.2
2024-12-04 12:00:00,4.0,100,89,7.1,0.0,0.0,177.0
2024-12-04 13:00:00,4.3,72,87,6.0,0.0,0.0,110.3
2024-12-04 14:00:00,4.4,94,86,6.5,0.0,0.0,99.6
2024-12-04 15:00:00,4.0,100,89,7.4,0.0,0.0,32.8
2024-12-04 16:00:00,3.8,100,91,6.1,0.0,0.0,15.0
2024-12-04 17:00:00,3.3,98,94,4.0,0.0,0.0,0.0
2024-12-04 18:00:00,3.1,92,96,2.5,0.0,0.0,0.0
2024-12-04 19:00:00,3.0,99,97,1.8,0.0,0.0,0.0
2024-12-04 20:00:00,2.9,100,97,3.9,0.0,0.0,0.0
2024-12-04 21:00:00,2.8,100,95,4.6,0.2,0.0,0.0
2024-12-04 22:00:00,2.7,100,97,4.0,0.1,0.0,0.0
2024-12-04 23:00:00,2.6,99,97,2.9,0.0,0.0,0.0
2024-12-05 00:00:00,2.6,100,97,3.6,0.0,0.0,0.0
2024-12-05 01:00:00,2.5,100,98,3.8,0.1,0.0,0.0
2024-12-05 02:00:00,2.5,100,98,4.9,0.2,0.0,0.0
2024-12-05 03:00:00,2.5,100,95,5.4,0.0,0.0,0.0
2024-12-05 04:00:00,2.4,100,97,3.1,0.0,0.0,0.0
2024-12-05 05:00:00,2.3,100,98,2.5,0.1,0.0,0.0
2024-12-05 06:00:00,2.2,99,98,2.7,0.1,0.0,0.0
2024-12-05 07:00:00,1.9,73,99,4.9,0.0,0.0,0.0
2024-12-05 08:00:00,1.6,97,99,5.4,0.0,0.0,0.0
2024-12-05 09:00:00,1.6,100,98,3.9,0.0,0.0,9.1
2024-12-05 10:00:00,1.8,100,94,3.3,0.0,0.0,35.2
2024-12-05 11:00:00,2.2,59,94,1.9,0.0,0.0,67.1
2024-12-05 12:00:00,3.1,100,87,5.0,0.0,0.0,185.7
2024-12-05 13:00:00,3.5,98,82,4.3,0.0,0.0,161.0
2024-12-05 14:00:00,3.7,97,78,2.9,0.0,0.0,116.2
2024-12-05 15:00:00,3.5,38,81,2.3,0.0,0.0,83.6
2024-12-05 16:00:00,2.8,18,85,1.1,0.0,0.0,46.6
2024-12-05 17:00:00,1.6,26,87,1.9,0.0,0.0,0.0
2024-12-05 18:00:00,1.2,11,91,4.8,0.0,0.0,0.0
2024-12-05 19:00:00,0.8,10,94,6.3,0.0,0.0,0.0
2024-12-05 20:00:00,0.1,29,95,6.2,0.0,0.0,0.0
2024-12-05 21:00:00,-0.3,5,94,5.7,0.0,0.0,0.0
2024-12-05 22:00:00,-0.6,3,93,5.2,0.0,0.0,0.0
2024-12-05 23:00:00,-1.5,11,94,5.2,0.0,0.0,0.0
2024-12-06 00:00:00,-1.3,40,95,7.3,0.0,0.0,0.0
2024-12-06 01:00:00,-1.8,84,98,6.9,0.0,0.0,0.0
2024-12-06 02:00:00,-1.9,100,98,10.1,0.0,0.0,0.0
2024-12-06 03:00:00,-1.2,50,93,12.5,0.0,0.0,0.0
2024-12-06 04:00:00,-1.3,80,92,12.8,0.0,0.0,0.0
2024-12-06 05:00:00,-1.0,75,89,13.0,0.0,0.0,0.0
2024-12-06 06:00:00,-0.8,12,84,13.1,0.0,0.0,0.0
2024-12-06 07:00:00,-0.7,26,80,13.3,0.0,0.0,0.0
2024-12-06 08:00:00,-0.4,100,78,13.9,0.0,0.0,0.0
2024-12-06 09:00:00,0.3,100,79,13.0,0.0,0.0,23.9
2024-12-06 10:00:00,1.5,100,77,14.3,0.0,0.0,69.5
2024-12-06 11:00:00,2.3,100,75,12.8,0.0,0.0,49.5
2024-12-06 12:00:00,3.0,100,72,9.6,0.0,0.0,79.1
2024-12-06 13:00:00,2.8,100,77,9.0,0.2,0.0,112.4
2024-12-06 14:00:00,1.8,100,88,11.3,1.0,0.49,39.7
2024-12-06 15:00:00,1.4,100,91,11.7,1.0,0.63,29.5
2024-12-06 16:00:00,0.8,100,95,9.6,0.7,0.42,9.2
2024-12-06 17:00:00,0.8,100,96,11.5,0.1,0.07,0.0
2024-12-06 18:00:00,0.9,100,94,11.1,0.1,0.0,0.0
2024-12-06 19:00:00,0.9,100,93,10.6,0.0,0.0,0.0
2024-12-06 20:00:00,0.9,100,93,10.0,0.1,0.0,0.0
2024-12-06 21:00:00,0.9,100,94,9.9,0.3,0.21,0.0
2024-12-06 22:00:00,0.7,100,96,9.7,0.5,0.28,0.0
2024-12-06 23:00:00,0.8,100,96,10.1,0.2,0.14,0.0
2024-12-07 00:00:00,0.7,100,98,7.9,0.1,0.0,0.0
2024-12-07 01:00:00,0.7,100,98,8.6,0.1,0.0,0.0
2024-12-07 02:00:00,1.0,100,97,7.3,0.0,0.0,0.0
2024-12-07 03:00:00,1.5,100,98,8.6,0.2,0.0,0.0
2024-12-07 04:00:00,1.5,100,99,8.4,0.2,0.0,0.0
2024-12-07 05:00:00,1.7,100,98,8.3,0.2,0.0,0.0
2024-12-07 06:00:00,1.8,100,99,6.8,0.1,0.0,0.0
2024-12-07 07:00:00,1.7,100,99,6.2,0.0,0.0,0.0
2024-12-07 08:00:00,1.7,100,99,6.9,0.0,0.0,0.0
2024-12-07 09:00:00,1.8,100,98,7.4,0.0,0.0,5.0
2024-12-07 10:00:00,2.2,100,97,7.2,0.0,0.0,22.4
2024-12-07 11:00:00,2.4,100,97,7.8,0.1,0.0,36.6
2024-12-07 12:00:00,2.9,100,95,8.3,0.0,0.0,56.7
2024-12-07 13:00:00,3.6,7,94,9.7,0.0,0.0,112.4
2024-12-07 14:00:00,4.5,42,87,11.0,0.0,0.0,193.7
2024-12-07 15:00:00,4.9,100,81,9.1,0.0,0.0,130.2
2024-12-07 16:00:00,4.5,79,82,6.4,0.0,0.0,29.1
2024-12-07 17:00:00,3.4,86,88,9.2,0.0,0.0,0.0
2024-12-07 18:00:00,3.0,75,91,10.0,0.0,0.0,0.0
2024-12-07 19:00:00,2.6,5,92,8.8,0.0,0.0,0.0
2024-12-07 20:00:00,1.7,28,93,7.8,0.0,0.0,0.0
2024-12-07 21:00:00,1.2,3,93,7.6,0.0,0.0,0.0
2024-12-07 22:00:00,0.6,9,93,7.1,0.0,0.0,0.0
2024-12-07 23:00:00,0.2,16,93,6.1,0.0,0.0,0.0
2024-12-08 00:00:00,-0.3,55,94,6.3,0.0,0.0,0.0
2024-12-08 01:00:00,-0.6,89,96,7.7,0.0,0.0,0.0
2024-12-08 02:00:00,-0.8,100,98,7.3,0.0,0.0,0.0
2024-12-08 03:00:00,-0.5,100,97,6.8,0.0,0.0,0.0
2024-12-08 04:00:00,-0.7,100,98,5.4,0.0,0.0,0.0
2024-12-08 05:00:00,-1.3,100,99,2.3,0.0,0.0,0.0
2024-12-08 06:00:00,-1.0,100,99,4.4,0.0,0.0,0.0
2024-12-08 07:00:00,-0.9,100,99,6.2,0.0,0.0,0.0
2024-12-08 08:00:00,-1.3,100,99,7.6,0.0,0.0,0.0
2024-12-08 09:00:00,-1.1,100,99,8.6,0.0,0.0,15.8
2024-12-08 10:00:00,-0.8,100,99,7.4,0.0,0.0,75.1
2024-12-08 11:00:00,0.1,98,96,5.9,0.0,0.0,148.0
2024-12-08 12:00:00,1.5,52,92,6.6,0.0,0.0,222.6
2024-12-08 13:00:00,2.6,36,87,9.0,0.0,0.0,238.9
2024-12-08 14:00:00,2.8,62,85,9.0,0.0,0.0,210.4
2024-12-08 15:00:00,2.0,100,87,8.1,0.0,0.0,74.5
2024-12-08 16:00:00,1.2,100,90,9.3,0.0,0.0,19.9
2024-12-08 17:00:00,0.8,100,92,9.7,0.0,0.0,0.0
2024-12-08 18:00:00,0.7,100,93,10.1,0.0,0.0,0.0
2024-12-08 19:00:00,0.8,100,93,8.6,0.0,0.0,0.0
2024-12-08 20:00:00,0.9,99,93,9.2,0.0,0.0,0.0
2024-12-08 21:00:00,0.9,77,91,10.1,0.0,0.0,0.0
2024-12-08 22:00:00,1.0,100,92,9.8,0.0,0.0,0.0
2024-12-08 23:00:00,1.1,100,92,9.8,0.0,0.0,0.0
2024-12-09 00:00:00,1.2,100,92,9.8,0.0,0.0,0.0
2024-12-09 01:00:00,1.0,100,94,10.3,0.0,0.0,0.0
2024-12-09 02:00:00,1.1,100,94,9.6,0.0,0.0,0.0
2024-12-09 03:00:00,1.6,100,92,9.4,0.0,0.0,0.0
2024-12-09 04:00:00,1.6,100,92,9.0,0.0,0.0,0.0
2024-12-09 05:00:00,1.6,100,95,10.3,0.0,0.0,0.0
2024-12-09 06:00:00,1.8,100,95,11.7,0.1,0.0,0.0
2024-12-09 07:00:00,1.9,100,95,11.2,0.0,0.0,0.0
2024-12-09 08:00:00,2.1,100,95,10.6,0.0,0.0,0.0
2024-12-09 09:00:00,2.3,100,96,10.5,0.0,0.0,5.6
2024-12-09 10:00:00,2.6,100,95,10.7,0.0,0.0,13.6
2024-12-09 11:00:00,3.0,100,94,11.6,0.0,0.0,30.9
2024-12-09 12:00:00,3.1,100,92,13.3,0.0,0.0,37.5
2024-12-09 13:00:00,3.1,100,91,13.8,0.1,0.0,40.8
2024-12-09 14:00:00,3.2,100,89,14.0,0.0,0.0,48.9
2024-12-09 15:00:00,2.7,100,90,11.6,0.0,0.0,27.0
2024-12-09 16:00:00,2.5,100,91,13.4,0.1,0.0,8.0
2024-12-09 17:00:00,2.1,100,91,13.9,0.1,0.0,0.0
2024-12-09 18:00:00,1.8,100,92,13.9,0.0,0.0,0.0
2024-12-09 19:00:00,1.6,100,93,13.4,0.0,0.0,0.0
2024-12-09 20:00:00,1.7,100,91,13.4,0.0,0.0,0.0
2024-12-09 21:00:00,1.7,100,91,13.7,0.0,0.0,0.0
2024-12-09 22:00:00,1.6,100,92,13.9,0.0,0.0,0.0
2024-12-09 23:00:00,1.5,100,92,13.3,0.0,0.0,0.0
2024-12-10 00:00:00,1.5,100,92,13.1,0.0,0.0,0.0
2024-12-10 01:00:00,1.4,100,92,13.1,0.0,0.0,0.0
2024-12-10 02:00:00,1.3,100,92,12.6,0.1,0.0,0.0
2024-12-10 03:00:00,0.9,100,94,13.5,0.2,0.07,0.0
2024-12-10 04:00:00,0.9,100,93,13.7,0.1,0.07,0.0
2024-12-10 05:00:00,0.8,100,93,13.3,0.1,0.0,0.0
2024-12-10 06:00:00,0.8,100,92,12.3,0.0,0.0,0.0
2024-12-10 07:00:00,0.8,100,93,11.8,0.0,0.0,0.0
2024-12-10 08:00:00,0.8,100,93,12.6,0.0,0.0,0.0
2024-12-10 09:00:00,0.8,100,92,12.4,0.0,0.0,5.9
2024-12-10 10:00:00,0.9,100,91,12.6,0.1,0.07,16.8
2024-12-10 11:00:00,1.2,100,87,14.2,0.0,0.0,47.6
2024-12-10 12:00:00,1.3,100,87,13.6,0.0,0.0,82.6
2024-12-10 13:00:00,1.2,100,87,11.6,0.0,0.0,61.8
2024-12-10 14:00:00,1.3,100,86,13.2,0.0,0.0,51.7
2024-12-10 15:00:00,0.8,100,88,11.0,0.0,0.0,32.7
2024-12-10 16:00:00,0.7,100,88,10.2,0.0,0.0,10.2
2024-12-10 17:00:00,0.4,100,88,10.4,0.0,0.0,0.0
2024-12-10 18:00:00,0.2,100,88,9.2,0.0,0.0,0.0
2024-12-10 19:00:00,0.1,100,89,8.9,0.0,0.0,0.0
2024-12-10 20:00:00,0.0,100,89,9.6,0.0,0.0,0.0
2024-12-10 21:00:00,-0.2,100,90,9.2,0.0,0.0,0.0
2024-12-10 22:00:00,-0.3,100,89,9.8,0.0,0.0,0.0
2024-12-10 23:00:00,-0.4,100,90,9.2,0.1,0.0,0.0
2024-12-11 00:00:00,-0.4,100,89,8.4,0.1,0.0,0.0
2024-12-11 01:00:00,-0.4,100,89,8.1,0.1,0.0,0.0
2024-12-11 02:00:00,-0.4,100,88,5.7,0.0,0.0,0.0
2024-12-11 03:00:00,-0.6,100,85,6.7,0.0,0.0,0.0
2024-12-11 04:00:00,-0.7,100,86,7.2,0.0,0.0,0.0
2024-12-11 05:00:00,-0.6,100,88,7.7,0.0,0.0,0.0
2024-12-11 06:00:00,-0.4,100,92,8.0,0.0,0.0,0.0
2024-12-11 07:00:00,-0.2,100,95,7.7,0.0,0.0,0.0
2024-12-11 08:00:00,0.1,98,96,9.5,0.0,0.0,0.0
2024-12-11 09:00:00,0.2,79,92,10.3,0.0,0.0,6.2
2024-12-11 10:00:00,0.4,100,87,9.5,0.0,0.0,55.4
2024-12-11 11:00:00,0.6,100,82,8.9,0.0,0.0,59.6
2024-12-11 12:00:00,0.8,100,80,8.1,0.0,0.0,78.4
2024-12-11 13:00:00,0.9,100,78,9.0,0.0,0.0,92.7
2024-12-11 14:00:00,0.8,100,81,9.2,0.0,0.0,61.9
2024-12-11 15:00:00,1.0,100,83,9.0,0.0,0.0,43.4
2024-12-11 16:00:00,1.0,100,83,7.8,0.0,0.0,14.7
2024-12-11 17:00:00,0.8,100,86,5.6,0.0,0.0,0.0
2024-12-11 18:00:00,0.8,100,90,5.9,0.0,0.0,0.0
2024-12-11 19:00:00,0.8,100,93,6.5,0.0,0.0,0.0
2024-12-11 20:00:00,0.7,100,95,7.7,0.1,0.0,0.0
2024-12-11 21:00:00,0.8,100,96,7.8,0.0,0.0,0.0
2024-12-11 22:00:00,0.7,100,96,8.1,0.0,0.0,0.0
2024-12-11 23:00:00,0.6,100,96,9.3,0.0,0.0,0.0
2024-12-12 00:00:00,0.4,100,93,10.2,0.0,0.0,0.0
2024-12-12 01:00:00,0.3,100,91,9.3,0.0,0.0,0.0
2024-12-12 02:00:00,0.2,100,92,9.6,0.0,0.0,0.0
2024-12-12 03:00:00,0.3,100,93,8.4,0.0,0.0,0.0
2024-12-12 04:00:00,0.3,100,91,7.8,0.0,0.0,0.0
2024-12-12 05:00:00,0.0,100,93,7.4,0.0,0.0,0.0
2024-12-12 06:00:00,0.0,100,93,6.0,0.0,0.0,0.0
2024-12-12 07:00:00,0.1,100,92,5.9,0.0,0.0,0.0
2024-12-12 08:00:00,0.2,100,93,6.6,0.0,0.0,0.0
2024-12-12 09:00:00,0.1,100,93,7.6,0.0,0.0,6.5
2024-12-12 10:00:00,0.2,100,84,8.3,0.0,0.0,27.9
2024-12-12 11:00:00,0.4,100,80,7.5,0.0,0.0,58.5
2024-12-12 12:00:00,0.3,100,82,6.4,0.0,0.0,56.9
2024-12-12 13:00:00,0.5,100,82,6.9,0.0,0.0,75.8
2024-12-12 14:00:00,0.7,100,82,6.5,0.0,0.0,61.0
2024-12-12 15:00:00,0.9,100,82,6.1,0.0,0.0,33.6
2024-12-12 16:00:00,0.9,100,83,5.8,0.0,0.0,16.4
2024-12-12 17:00:00,0.6,100,87,5.7,0.0,0.0,0.0
2024-12-12 18:00:00,0.6,100,89,6.4,0.0,0.0,0.0
2024-12-12 19:00:00,0.5,100,91,6.8,0.0,0.0,0.0
2024-12-12 20:00:00,0.5,100,91,6.9,0.0,0.0,0.0
2024-12-12 21:00:00,0.4,100,94,6.7,0.1,0.0,0.0
2024-12-12 22:00:00,0.3,99,95,8.6,0.1,0.07,0.0
2024-12-12 23:00:00,0.2,77,90,6.7,0.0,0.0,0.0
2024-12-13 00:00:00,-0.3,99,91,7.4,0.0,0.0,0.0
2024-12-13 01:00:00,-0.4,55,90,4.3,0.0,0.0,0.0
2024-12-13 02:00:00,-1.0,99,91,0.0,0.0,0.0,0.0
2024-12-13 03:00:00,-0.2,100,94,3.6,0.0,0.0,0.0
2024-12-13 04:00:00,-0.2,100,95,3.1,0.0,0.0,0.0
2024-12-13 05:00:00,-0.3,100,95,2.2,0.0,0.0,0.0
2024-12-13 06:00:00,-0.3,100,94,3.6,0.1,0.07,0.0
2024-12-13 07:00:00,-0.3,100,94,4.9,0.0,0.0,0.0
2024-12-13 08:00:00,-0.2,100,94,1.7,0.0,0.0,0.0
2024-12-13 09:00:00,-0.2,100,94,0.4,0.0,0.0,6.8
2024-12-13 10:00:00,0.3,99,94,1.1,0.0,0.0,25.0
2024-12-13 11:00:00,0.9,94,90,4.0,0.0,0.0,80.2
2024-12-13 12:00:00,1.4,99,83,5.8,0.0,0.0,131.2
2024-12-13 13:00:00,1.5,92,82,6.8,0.0,0.0,99.8
2024-12-13 14:00:00,1.6,100,77,7.9,0.0,0.0,86.9
2024-12-13 15:00:00,1.3,75,83,6.6,0.0,0.0,38.5
2024-12-13 16:00:00,0.9,13,86,5.6,0.0,0.0,36.9
2024-12-13 17:00:00,-0.4,35,89,7.0,0.0,0.0,0.0
2024-12-13 18:00:00,-0.5,51,88,8.7,0.0,0.0,0.0
2024-12-13 19:00:00,-0.8,10,86,9.6,0.0,0.0,0.0
2024-12-13 20:00:00,-1.4,6,86,9.0,0.0,0.0,0.0
2024-12-13 21:00:00,-1.8,13,86,7.7,0.0,0.0,0.0
2024-12-13 22:00:00,-2.0,2,85,6.6,0.0,0.0,0.0
2024-12-13 23:00:00,-2.2,0,86,7.4,0.0,0.0,0.0
2024-12-14 00:00:00,-2.2,2,85,8.2,0.0,0.0,0.0
2024-12-14 01:00:00,-2.2,3,86,8.1,0.0,0.0,0.0
2024-12-14 02:00:00,-2.3,6,86,8.1,0.0,0.0,0.0
2024-12-14 03:00:00,-2.1,31,88,7.8,0.0,0.0,0.0
2024-12-14 04:00:00,-2.2,34,88,7.8,0.0,0.0,0.0
2024-12-14 05:00:00,-2.0,96,87,9.5,0.0,0.0,0.0
2024-12-14 06:00:00,-2.0,100,84,10.5,0.0,0.0,0.0
2024-12-14 07:00:00,-1.4,74,80,11.4,0.0,0.0,0.0
2024-12-14 08:00:00,-1.1,96,78,12.4,0.0,0.0,0.0
2024-12-14 09:00:00,-0.8,100,77,12.8,0.0,0.0,14.4
2024-12-14 10:00:00,-0.2,100,76,11.8,0.0,0.0,50.4
2024-12-14 11:00:00,0.4,100,73,12.5,0.0,0.0,104.3
2024-12-14 12:00:00,0.5,100,73,18.5,0.0,0.0,73.2
2024-12-14 13:00:00,0.6,100,74,16.7,0.0,0.0,63.9
2024-12-14 14:00:00,0.8,100,75,18.6,0.0,0.0,54.5
2024-12-14 15:00:00,0.4,100,76,18.7,0.0,0.0,32.0
2024-12-14 16:00:00,0.2,100,79,16.5,0.0,0.0,11.4
2024-12-14 17:00:00,-0.1,100,82,15.9,0.0,0.0,0.0
2024-12-14 18:00:00,-0.2,100,84,16.1,0.0,0.0,0.0
2024-12-14 19:00:00,-0.2,100,86,15.9,0.0,0.0,0.0
2024-12-14 20:00:00,-0.3,99,86,15.9,0.0,0.0,0.0
2024-12-14 21:00:00,-0.7,100,84,14.7,0.0,0.0,0.0
2024-12-14 22:00:00,-0.7,100,81,12.9,0.0,0.0,0.0
2024-12-14 23:00:00,-0.8,100,80,11.5,0.0,0.0,0.0
2024-12-15 00:00:00,-0.5,99,78,12.7,0.0,0.0,0.0
2024-12-15 01:00:00,-0.4,100,78,13.9,0.0,0.0,0.0
2024-12-15 02:00:00,-0.2,100,79,14.0,0.0,0.0,0.0
2024-12-15 03:00:00,0.3,100,85,15.5,0.0,0.0,0.0
2024-12-15 04:00:00,0.6,100,86,15.8,0.1,0.07,0.0
2024-12-15 05:00:00,0.8,100,87,16.4,0.2,0.14,0.0
2024-12-15 06:00:00,0.9,100,88,17.3,0.3,0.21,0.0
2024-12-15 07:00:00,1.0,100,88,16.9,0.1,0.0,0.0
2024-12-15 08:00:00,1.4,100,86,17.0,0.0,0.0,0.0
2024-12-15 09:00:00,1.7,100,85,16.9,0.0,0.0,7.6
2024-12-15 10:00:00,1.9,100,86,18.2,0.0,0.0,23.8
2024-12-15 11:00:00,2.0,100,87,18.9,0.1,0.0,30.0
2024-12-15 12:00:00,1.9,100,87,18.0,0.3,0.0,33.4
2024-12-15 13:00:00,1.4,100,90,17.4,2.1,1.33,62.0
2024-12-15 14:00:00,2.1,57,89,17.3,1.4,0.91,104.5
2024-12-15 15:00:00,2.5,100,94,21.9,0.1,0.0,55.0
2024-12-15 16:00:00,2.5,100,93,21.3,0.1,0.0,11.4
2024-12-15 17:00:00,2.1,100,92,17.8,0.3,0.0,0.0
2024-12-15 18:00:00,1.9,100,95,17.7,0.3,0.0,0.0
2024-12-15 19:00:00,2.6,100,93,17.8,0.0,0.0,0.0
2024-12-15 20:00:00,2.6,100,93,16.4,0.2,0.0,0.0
2024-12-15 21:00:00,2.7,100,90,19.5,0.0,0.0,0.0
2024-12-15 22:00:00,2.6,100,88,18.8,0.2,0.0,0.0
2024-12-15 23:00:00,2.0,100,91,17.7,0.4,0.0,0.0
2024-12-16 00:00:00,1.8,100,94,18.3,0.3,0.0,0.0
2024-12-16 01:00:00,2.2,100,93,19.5,0.1,0.0,0.0
2024-12-16 02:00:00,2.5,100,95,19.2,0.7,0.0,0.0
2024-12-16 03:00:00,2.7,100,95,20.3,0.6,0.0,0.0
2024-12-16 04:00:00,3.0,100,94,18.6,0.2,0.0,0.0
2024-12-16 05:00:00,3.4,100,94,19.1,0.0,0.0,0.0
2024-12-16 06:00:00,4.3,100,93,20.8,0.0,0.0,0.0
2024-12-16 07:00:00,4.9,100,93,22.6,0.3,0.0,0.0
2024-12-16 08:00:00,5.3,100,92,22.4,0.0,0.0,0.0
2024-12-16 09:00:00,5.5,100,90,21.6,0.0,0.0,0.0
2024-12-16 10:00:00,5.8,100,89,22.3,0.2,0.0,12.8
2024-12-16 11:00:00,6.3,100,89,23.3,0.2,0.0,25.3
2024-12-16 12:00:00,7.4,100,86,24.9,0.1,0.0,49.6
2024-12-16 13:00:00,8.1,100,82,25.0,0.1,0.0,42.0
2024-12-16 14:00:00,8.4,100,81,24.9,0.2,0.0,35.2
2024-12-16 15:00:00,8.0,100,85,24.0,0.3,0.0,20.5
2024-12-16 16:00:00,8.2,100,84,23.5,0.2,0.0,4.0
2024-12-16 17:00:00,8.5,100,82,23.0,0.1,0.0,0.0
2024-12-16 18:00:00,8.4,100,82,22.2,0.1,0.0,0.0
2024-12-16 19:00:00,8.5,100,82,21.7,0.0,0.0,0.0
2024-12-16 20:00:00,8.2,100,84,20.8,0.0,0.0,0.0
2024-12-16 21:00:00,7.9,100,85,19.5,0.0,0.0,0.0
2024-12-16 22:00:00,7.6,100,86,20.0,0.1,0.0,0.0
2024-12-16 23:00:00,7.4,100,85,20.5,0.1,0.0,0.0
2024-12-17 00:00:00,7.4,100,84,20.8,0.1,0.0,0.0
2024-12-17 01:00:00,7.4,100,83,20.6,0.1,0.0,0.0
2024-12-17 02:00:00,7.2,100,84,20.4,0.1,0.0,0.0
2024-12-17 03:00:00,8.0,100,80,22.0,0.0,0.0,0.0
2024-12-17 04:00:00,7.8,100,82,19.7,0.1,0.0,0.0
2024-12-17 05:00:00,7.7,100,80,20.0,0.0,0.0,0.0
2024-12-17 06:00:00,7.3,100,84,17.9,0.0,0.0,0.0
2024-12-17 07:00:00,7.1,100,86,18.0,0.1,0.0,0.0
2024-12-17 08:00:00,7.2,100,83,21.4,0.0,0.0,0.0
2024-12-17 09:00:00,7.3,100,81,20.2,0.0,0.0,0.0
2024-12-17 10:00:00,7.2,100,83,17.3,0.0,0.0,25.7
2024-12-17 11:00:00,7.5,100,82,17.4,0.0,0.0,30.1
2024-12-17 12:00:00,8.0,100,77,19.5,0.0,0.0,46.4
2024-12-17 13:00:00,7.9,100,80,18.4,0.1,0.0,49.0
2024-12-17 14:00:00,7.8,100,81,17.6,0.0,0.0,35.2
2024-12-17 15:00:00,8.4,100,79,18.4,0.0,0.0,42.7
2024-12-17 16:00:00,8.1,74,80,18.3,0.0,0.0,20.0
2024-12-17 17:00:00,7.6,94,81,17.9,0.0,0.0,0.0
2024-12-17 18:00:00,7.1,88,83,16.6,0.0,0.0,0.0
2024-12-17 19:00:00,7.1,100,82,15.1,0.0,0.0,0.0
2024-12-17 20:00:00,7.2,100,82,14.3,0.0,0.0,0.0
2024-12-17 21:00:00,7.1,100,82,13.6,0.0,0.0,0.0
2024-12-17 22:00:00,7.1,100,81,14.0,0.0,0.0,0.0
2024-12-17 23:00:00,7.0,100,80,14.1,0.0,0.0,0.0
2024-12-18 00:00:00,6.3,100,84,13.4,0.0,0.0,0.0
2024-12-18 01:00:00,6.0,100,84,12.5,0.0,0.0,0.0
2024-12-18 02:00:00,5.9,100,84,11.4,0.0,0.0,0.0
2024-12-18 03:00:00,7.0,100,81,10.6,0.0,0.0,0.0
2024-12-18 04:00:00,6.4,100,83,8.8,0.0,0.0,0.0
2024-12-18 05:00:00,5.9,100,87,8.4,0.0,0.0,0.0
2024-12-18 06:00:00,5.4,100,90,7.4,0.0,0.0,0.0
2024-12-18 07:00:00,5.0,100,93,8.6,0.0,0.0,0.0
2024-12-18 08:00:00,4.7,93,91,9.1,0.0,0.0,0.0
2024-12-18 09:00:00,4.4,2,90,11.0,0.0,0.0,8.8
2024-12-18 10:00:00,4.9,3,86,12.6,0.0,0.0,89.0
2024-12-18 11:00:00,6.0,7,83,10.4,0.0,0.0,177.4
2024-12-18 12:00:00,7.1,9,77,12.7,0.0,0.0,232.2
2024-12-18 13:00:00,7.9,25,71,13.9,0.0,0.0,242.2
2024-12-18 14:00:00,8.4,35,70,13.4,0.0,0.0,204.7
2024-12-18 15:00:00,8.1,20,72,15.1,0.0,0.0,132.4
2024-12-18 16:00:00,7.7,47,75,16.8,0.0,0.0,48.9
2024-12-18 17:00:00,6.8,100,79,17.4,0.0,0.0,0.0
2024-12-18 18:00:00,6.6,99,80,18.2,0.0,0.0,0.0
2024-12-18 19:00:00,6.3,100,80,18.6,0.0,0.0,0.0
2024-12-18 20:00:00,6.4,53,79,19.3,0.1,0.0,0.0
2024-12-18 21:00:00,6.0,73,80,19.2,0.0,0.0,0.0
2024-12-18 22:00:00,6.1,87,79,18.4,0.0,0.0,0.0
2024-12-18 23:00:00,6.5,100,77,18.2,0.0,0.0,0.0
2024-12-19 00:00:00,6.9,15,75,17.5,0.0,0.0,0.0
2024-12-19 01:00:00,6.2,18,77,16.8,0.0,0.0,0.0
2024-12-19 02:00:00,6.3,29,73,17.2,0.0,0.0,0.0
2024-12-19 03:00:00,7.9,93,67,17.8,0.0,0.0,0.0
2024-12-19 04:00:00,7.4,69,71,17.9,0.0,0.0,0.0
2024-12-19 05:00:00,6.8,92,74,16.8,0.0,0.0,0.0
2024-12-19 06:00:00,6.3,100,76,15.5,0.0,0.0,0.0
2024-12-19 07:00:00,6.2,100,76,16.2,0.0,0.0,0.0
2024-12-19 08:00:00,6.5,100,72,16.7,0.0,0.0,0.0
2024-12-19 09:00:00,7.0,99,68,19.6,0.0,0.0,9.2
2024-12-19 10:00:00,7.8,97,66,19.0,0.0,0.0,86.3
2024-12-19 11:00:00,8.6,99,65,16.2,0.0,0.0,148.6
2024-12-19 12:00:00,9.9,100,62,15.6,0.0,0.0,189.1
2024-12-19 13:00:00,11.3,93,57,14.8,0.0,0.0,205.3
2024-12-19 14:00:00,11.7,99,55,15.8,0.0,0.0,199.3
2024-12-19 15:00:00,11.1,100,58,15.5,0.0,0.0,133.3
2024-12-19 16:00:00,10.4,98,56,17.1,0.0,0.0,34.1
2024-12-19 17:00:00,9.6,100,56,15.3,0.0,0.0,0.0
2024-12-19 18:00:00,9.0,100,59,15.6,0.0,0.0,0.0
2024-12-19 19:00:00,8.5,100,62,17.6,0.0,0.0,0.0
2024-12-19 20:00:00,7.9,100,66,17.3,0.0,0.0,0.0
2024-12-19 21:00:00,7.3,100,73,16.0,0.1,0.0,0.0
2024-12-19 22:00:00,6.6,100,81,15.4,0.4,0.0,0.0
2024-12-19 23:00:00,5.8,100,93,15.7,0.8,0.0,0.0
2024-12-20 00:00:00,5.7,100,94,16.6,1.6,0.0,0.0
2024-12-20 01:00:00,5.6,100,95,15.7,1.6,0.0,0.0
2024-12-20 02:00:00,5.6,100,95,16.2,0.8,0.0,0.0
2024-12-20 03:00:00,6.0,100,96,15.1,0.2,0.0,0.0
2024-12-20 04:00:00,6.0,100,96,18.4,1.1,0.0,0.0
2024-12-20 05:00:00,6.0,100,97,15.8,0.6,0.0,0.0
2024-12-20 06:00:00,5.7,100,96,19.7,1.1,0.0,0.0
2024-12-20 07:00:00,4.8,100,93,17.8,0.2,0.0,0.0
2024-12-20 08:00:00,4.2,100,93,17.6,0.1,0.0,0.0
2024-12-20 09:00:00,3.7,100,92,16.4,0.0,0.0,9.6
2024-12-20 10:00:00,3.9,100,86,15.4,0.0,0.0,31.1
2024-12-20 11:00:00,4.3,100,84,12.7,0.0,0.0,59.3
2024-12-20 12:00:00,4.8,99,76,19.6,0.0,0.0,100.6
2024-12-20 13:00:00,4.9,100,72,19.4,0.0,0.0,96.2
2024-12-20 14:00:00,4.9,100,70,19.0,0.0,0.0,78.8
2024-12-20 15:00:00,4.8,97,73,16.2,0.0,0.0,70.9
2024-12-20 16:00:00,4.2,55,77,15.3,0.0,0.0,39.5
2024-12-20 17:00:00,3.5,77,80,13.7,0.0,0.0,0.0
2024-12-20 18:00:00,3.1,3,79,14.0,0.0,0.0,0.0
2024-12-20 19:00:00,2.5,15,79,14.2,0.0,0.0,0.0
2024-12-20 20:00:00,2.0,22,81,12.3,0.0,0.0,0.0
2024-12-20 21:00:00,1.5,36,83,11.9,0.0,0.0,0.0
2024-12-20 22:00:00,1.2,33,85,11.9,0.0,0.0,0.0
2024-12-20 23:00:00,0.9,73,87,11.8,0.0,0.0,0.0
2024-12-21 00:00:00,1.1,100,88,11.1,0.0,0.0,0.0
2024-12-21 01:00:00,1.6,100,87,10.9,0.0,0.0,0.0
2024-12-21 02:00:00,1.7,100,86,10.9,0.0,0.0,0.0
2024-12-21 03:00:00,2.1,100,88,10.0,0.0,0.0,0.0
2024-12-21 04:00:00,2.3,100,86,9.8,0.0,0.0,0.0
2024-12-21 05:00:00,2.2,100,87,9.1,0.0,0.0,0.0
2024-12-21 06:00:00,2.3,100,86,9.0,0.0,0.0,0.0
2024-12-21 07:00:00,2.2,57,85,8.5,0.0,0.0,0.0
2024-12-21 08:00:00,1.7,100,87,6.7,0.0,0.0,0.0
2024-12-21 09:00:00,1.4,98,89,6.6,0.0,0.0,10.0
2024-12-21 10:00:00,1.6,95,84,8.2,0.0,0.0,44.4
2024-12-21 11:00:00,2.3,65,79,8.4,0.0,0.0,106.6
2024-12-21 12:00:00,3.0,18,76,9.2,0.0,0.0,188.3
2024-12-21 13:00:00,3.4,2,74,10.9,0.0,0.0,237.6
2024-12-21 14:00:00,3.4,35,73,13.4,0.0,0.0,212.6
2024-12-21 15:00:00,3.2,23,74,13.8,0.0,0.0,145.2
2024-12-21 16:00:00,2.6,20,74,12.1,0.0,0.0,53.8
2024-12-21 17:00:00,1.8,37,76,13.3,0.0,0.0,0.0
2024-12-21 18:00:00,1.2,4,79,14.0,0.0,0.0,0.0
2024-12-21 19:00:00,0.9,14,80,14.1,0.0,0.0,0.0
2024-12-21 20:00:00,0.8,19,81,14.3,0.0,0.0,0.0
2024-12-21 21:00:00,0.8,26,81,14.2,0.0,0.0,0.0
2024-12-21 22:00:00,0.9,36,81,14.6,0.0,0.0,0.0
2024-12-21 23:00:00,1.1,55,81,15.5,0.0,0.0,0.0
2024-12-22 00:00:00,1.4,55,80,16.1,0.0,0.0,0.0
2024-12-22 01:00:00,1.4,100,80,16.0,0.0,0.0,0.0
2024-12-22 02:00:00,1.5,98,79,16.8,0.0,0.0,0.0
2024-12-22 03:00:00,2.2,99,74,18.5,0.0,0.0,0.0
2024-12-22 04:00:00,2.6,97,72,18.3,0.0,0.0,0.0
2024-12-22 05:00:00,2.1,97,77,18.9,0.1,0.0,0.0
2024-12-22 06:00:00,1.7,100,83,18.7,0.1,0.0,0.0
2024-12-22 07:00:00,2.2,100,84,20.9,0.1,0.0,0.0
2024-12-22 08:00:00,2.7,100,80,20.1,0.0,0.0,0.0
2024-12-22 09:00:00,2.8,97,88,22.8,0.5,0.0,10.4
2024-12-22 10:00:00,3.2,100,91,24.0,0.5,0.0,48.0
2024-12-22 11:00:00,3.8,100,86,21.7,0.1,0.0,48.5
2024-12-22 12:00:00,5.4,84,69,20.7,0.0,0.0,73.6
2024-12-22 13:00:00,6.4,100,63,17.3,0.0,0.0,216.7
2024-12-22 14:00:00,5.2,92,59,20.6,0.0,0.0,61.3
2024-12-22 15:00:00,5.5,100,67,18.5,0.0,0.0,68.6
2024-12-22 16:00:00,4.6,100,69,19.4,0.1,0.0,12.4
2024-12-22 17:00:00,3.4,100,78,20.3,0.5,0.0,0.0
2024-12-22 18:00:00,2.2,100,87,16.2,0.5,0.0,0.0
2024-12-22 19:00:00,2.0,100,89,15.3,0.4,0.0,0.0
2024-12-22 20:00:00,2.4,100,83,15.0,0.1,0.0,0.0
2024-12-22 21:00:00,2.0,100,84,13.8,0.2,0.07,0.0
2024-12-22 22:00:00,1.9,100,87,13.1,0.2,0.07,0.0
2024-12-22 23:00:00,2.0,100,87,15.0,0.1,0.0,0.0
2024-12-23 00:00:00,2.3,100,85,13.6,0.0,0.0,0.0
2024-12-23 01:00:00,2.3,100,85,15.4,0.0,0.0,0.0
2024-12-23 02:00:00,2.3,100,86,14.6,0.0,0.0,0.0
2024-12-23 03:00:00,2.2,100,87,12.3,0.0,0.0,0.0
2024-12-23 04:00:00,1.9,100,90,10.8,0.0,0.0,0.0
2024-12-23 05:00:00,2.0,100,91,8.6,0.0,0.0,0.0
2024-12-23 06:00:00,1.9,100,93,7.1,0.0,0.0,0.0
2024-12-23 07:00:00,1.9,100,96,6.9,0.0,0.0,0.0
2024-12-23 08:00:00,2.0,100,98,6.6,0.0,0.0,0.0
2024-12-23 09:00:00,2.1,100,97,8.2,0.0,0.0,0.0
2024-12-23 10:00:00,2.0,100,92,11.1,0.1,0.0,16.6
2024-12-23 11:00:00,2.0,100,89,11.7,0.0,0.0,48.6
2024-12-23 12:00:00,2.2,99,86,9.9,0.0,0.0,112.7
2024-12-23 13:00:00,2.4,100,83,8.9,0.0,0.0,164.6
2024-12-23 14:00:00,2.5,100,80,8.8,0.0,0.0,98.5
2024-12-23 15:00:00,3.0,100,74,12.0,0.0,0.0,96.0
2024-12-23 16:00:00,2.7,100,77,10.1,0.0,0.0,28.4
2024-12-23 17:00:00,2.3,100,83,7.1,0.0,0.0,0.0
2024-12-23 18:00:00,1.4,100,89,4.0,0.0,0.0,0.0
2024-12-23 19:00:00,0.5,100,93,3.8,0.0,0.0,0.0
2024-12-23 20:00:00,1.4,100,93,3.9,0.0,0.0,0.0
2024-12-23 21:00:00,1.1,100,94,2.7,0.0,0.0,0.0
2024-12-23 22:00:00,0.3,91,96,3.9,0.0,0.0,0.0
2024-12-23 23:00:00,-0.5,69,97,4.3,0.0,0.0,0.0
2024-12-24 00:00:00,-0.7,62,99,5.9,0.0,0.0,0.0
2024-12-24 01:00:00,-1.2,78,98,4.2,0.0,0.0,0.0
2024-12-24 02:00:00,-1.3,100,98,3.5,0.0,0.0,0.0
2024-12-24 03:00:00,-0.3,100,94,4.2,0.0,0.0,0.0
2024-12-24 04:00:00,0.5,78,92,4.0,0.0,0.0,0.0
2024-12-24 05:00:00,0.4,100,92,3.8,0.0,0.0,0.0
2024-12-24 06:00:00,0.8,100,91,4.7,0.0,0.0,0.0
2024-12-24 07:00:00,0.8,100,91,5.4,0.0,0.0,0.0
2024-12-24 08:00:00,0.8,93,92,4.5,0.0,0.0,0.0
2024-12-24 09:00:00,0.4,71,92,5.8,0.0,0.0,11.2
2024-12-24 10:00:00,1.2,91,89,7.3,0.0,0.0,55.0
2024-12-24 11:00:00,2.2,100,83,6.1,0.0,0.0,90.0
2024-12-24 12:00:00,2.8,100,76,5.9,0.0,0.0,106.3
2024-12-24 13:00:00,3.2,100,72,7.9,0.0,0.0,100.5
2024-12-24 14:00:00,3.4,100,71,8.7,0.0,0.0,76.3
2024-12-24 15:00:00,3.3,95,66,11.1,0.0,0.0,85.4
2024-12-24 16:00:00,2.9,98,70,8.7,0.0,0.0,27.5
2024-12-24 17:00:00,2.4,100,74,6.9,0.0,0.0,0.0
2024-12-24 18:00:00,2.0,100,76,6.7,0.0,0.0,0.0
2024-12-24 19:00:00,1.8,100,79,6.1,0.0,0.0,0.0
2024-12-24 20:00:00,1.6,100,82,5.8,0.0,0.0,0.0
2024-12-24 21:00:00,1.4,100,84,5.1,0.0,0.0,0.0
2024-12-24 22:00:00,1.1,100,85,5.3,0.0,0.0,0.0
2024-12-24 23:00:00,0.9,68,82,7.1,0.0,0.0,0.0
2024-12-25 00:00:00,0.7,28,78,7.9,0.0,0.0,0.0
2024-12-25 01:00:00,0.4,57,77,7.7,0.0,0.0,0.0
2024-12-25 02:00:00,0.5,45,77,7.0,0.0,0.0,0.0
2024-12-25 03:00:00,0.4,21,77,7.3,0.0,0.0,0.0
2024-12-25 04:00:00,0.2,26,78,7.5,0.0,0.0,0.0
2024-12-25 05:00:00,0.1,77,78,6.7,0.0,0.0,0.0
2024-12-25 06:00:00,0.1,100,77,6.3,0.0,0.0,0.0
2024-12-25 07:00:00,0.6,100,76,5.9,0.0,0.0,0.0
2024-12-25 08:00:00,0.4,100,80,3.1,0.0,0.0,0.0
2024-12-25 09:00:00,0.6,100,79,2.7,0.0,0.0,0.0
2024-12-25 10:00:00,1.1,100,76,4.5,0.0,0.0,31.8
2024-12-25 11:00:00,1.7,100,74,4.5,0.0,0.0,68.2
2024-12-25 12:00:00,2.4,100,66,6.0,0.0,0.0,96.6
2024-12-25 13:00:00,2.8,100,65,6.0,0.0,0.0,126.6
2024-12-25 14:00:00,3.1,99,64,6.6,0.0,0.0,137.8
2024-12-25 15:00:00,2.9,68,62,5.9,0.0,0.0,119.6
2024-12-25 16:00:00,2.5,31,67,3.9,0.0,0.0,51.2
2024-12-25 17:00:00,1.3,50,73,5.1,0.0,0.0,0.0
2024-12-25 18:00:00,0.8,52,74,5.7,0.0,0.0,0.0
2024-12-25 19:00:00,0.0,43,76,5.2,0.0,0.0,0.0
2024-12-25 20:00:00,-0.6,16,78,4.5,0.0,0.0,0.0
2024-12-25 21:00:00,-1.1,5,80,4.0,0.0,0.0,0.0
2024-12-25 22:00:00,-1.5,3,82,4.2,0.0,0.0,0.0
2024-12-25 23:00:00,-1.9,15,84,4.0,0.0,0.0,0.0
2024-12-26 00:00:00,-2.2,0,85,4.0,0.0,0.0,0.0
2024-12-26 01:00:00,-2.0,0,84,4.5,0.0,0.0,0.0
2024-12-26 02:00:00,-2.1,0,86,5.1,0.0,0.0,0.0
2024-12-26 03:00:00,-2.7,0,88,4.6,0.0,0.0,0.0
2024-12-26 04:00:00,-2.7,0,88,5.4,0.0,0.0,0.0
2024-12-26 05:00:00,-2.7,0,88,5.8,0.0,0.0,0.0
2024-12-26 06:00:00,-2.9,0,88,5.3,0.0,0.0,0.0
2024-12-26 07:00:00,-3.0,0,87,5.6,0.0,0.0,0.0
2024-12-26 08:00:00,-3.0,0,88,6.9,0.0,0.0,0.0
2024-12-26 09:00:00,-3.0,0,88,7.3,0.0,0.0,11.8
2024-12-26 10:00:00,-2.2,0,84,7.2,0.0,0.0,90.6
2024-12-26 11:00:00,-0.8,0,73,4.9,0.0,0.0,181.5
2024-12-26 12:00:00,0.6,12,64,4.4,0.0,0.0,241.0
2024-12-26 13:00:00,1.8,29,56,4.0,0.0,0.0,256.5
2024-12-26 14:00:00,2.6,69,51,3.8,0.0,0.0,226.5
2024-12-26 15:00:00,2.5,1,61,3.6,0.0,0.0,155.6
2024-12-26 16:00:00,0.9,1,68,3.8,0.0,0.0,61.3
2024-12-26 17:00:00,-0.7,1,75,4.8,0.0,0.0,0.0
2024-12-26 18:00:00,-1.3,1,78,4.5,0.0,0.0,0.0
2024-12-26 19:00:00,-1.9,0,81,4.2,0.0,0.0,0.0
2024-12-26 20:00:00,-2.4,0,81,4.1,0.0,0.0,0.0
2024-12-26 21:00:00,-2.8,0,81,3.9,0.0,0.0,0.0
2024-12-26 22:00:00,-3.1,0,82,4.0,0.0,0.0,0.0
2024-12-26 23:00:00,-3.4,0,83,2.9,0.0,0.0,0.0
2024-12-27 00:00:00,-3.7,0,84,1.9,0.0,0.0,0.0
2024-12-27 01:00:00,-4.0,0,86,1.8,0.0,0.0,0.0
2024-12-27 02:00:00,-4.1,0,86,1.7,0.0,0.0,0.0
2024-12-27 03:00:00,-4.2,2,92,2.8,0.0,0.0,0.0
2024-12-27 04:00:00,-4.4,13,93,2.7,0.0,0.0,0.0
2024-12-27 05:00:00,-4.5,37,95,1.4,0.0,0.0,0.0
2024-12-27 06:00:00,-4.8,37,97,2.4,0.0,0.0,0.0
2024-12-27 07:00:00,-4.6,100,97,3.0,0.0,0.0,0.0
2024-12-27 08:00:00,-4.8,100,96,3.6,0.0,0.0,0.0
2024-12-27 09:00:00,-5.1,100,96,3.3,0.0,0.0,12.1
2024-12-27 10:00:00,-4.4,100,92,2.1,0.0,0.0,67.3
2024-12-27 11:00:00,-2.3,100,85,1.0,0.0,0.0,129.2
2024-12-27 12:00:00,-0.4,100,72,0.6,0.0,0.0,169.5
2024-12-27 13:00:00,1.1,100,64,0.7,0.0,0.0,135.9
2024-12-27 14:00:00,1.9,100,59,1.7,0.0,0.0,70.0
2024-12-27 15:00:00,2.5,100,67,1.1,0.0,0.0,58.4
2024-12-27 16:00:00,1.8,100,71,2.3,0.0,0.0,19.0
2024-12-27 17:00:00,1.5,100,74,3.6,0.0,0.0,0.0
2024-12-27 18:00:00,1.4,100,77,3.4,0.0,0.0,0.0
2024-12-27 19:00:00,1.4,100,79,2.7,0.0,0.0,0.0
2024-12-27 20:00:00,1.3,100,81,2.4,0.0,0.0,0.0
2024-12-27 21:00:00,1.4,100,81,2.1,0.0,0.0,0.0
2024-12-27 22:00:00,1.4,100,81,2.6,0.0,0.0,0.0
2024-12-27 23:00:00,1.2,100,82,1.6,0.0,0.0,0.0
2024-12-28 00:00:00,1.1,100,82,2.1,0.0,0.0,0.0
2024-12-28 01:00:00,1.0,100,82,2.8,0.0,0.0,0.0
2024-12-28 02:00:00,1.1,100,81,3.6,0.0,0.0,0.0
2024-12-28 03:00:00,0.5,100,79,4.7,0.0,0.0,0.0
2024-12-28 04:00:00,0.5,100,80,4.8,0.0,0.0,0.0
2024-12-28 05:00:00,0.2,100,84,4.3,0.0,0.0,0.0
2024-12-28 06:00:00,0.2,100,86,4.2,0.0,0.0,0.0
2024-12-28 07:00:00,0.1,100,89,4.5,0.0,0.0,0.0
2024-12-28 08:00:00,0.1,100,90,4.3,0.0,0.0,0.0
2024-12-28 09:00:00,0.3,100,91,4.2,0.0,0.0,0.0
2024-12-28 10:00:00,0.7,100,89,3.5,0.0,0.0,28.7
2024-12-28 11:00:00,1.2,100,87,1.7,0.0,0.0,62.2
2024-12-28 12:00:00,1.6,100,87,1.3,0.0,0.0,71.7
2024-12-28 13:00:00,2.2,100,86,0.2,0.0,0.0,86.6
2024-12-28 14:00:00,2.4,100,87,1.4,0.0,0.0,70.0
2024-12-28 15:00:00,2.2,100,89,3.6,0.0,0.0,47.6
2024-12-28 16:00:00,1.8,100,92,4.2,0.0,0.0,19.2
2024-12-28 17:00:00,1.3,100,95,3.9,0.0,0.0,0.0
2024-12-28 18:00:00,1.3,100,95,4.0,0.0,0.0,0.0
2024-12-28 19:00:00,1.0,100,96,2.8,0.0,0.0,0.0
2024-12-28 20:00:00,0.8,100,96,2.3,0.0,0.0,0.0
2024-12-28 21:00:00,0.9,100,96,1.7,0.0,0.0,0.0
2024-12-28 22:00:00,0.8,100,97,0.9,0.0,0.0,0.0
2024-12-28 23:00:00,0.7,100,98,1.7,0.0,0.0,0.0
2024-12-29 00:00:00,0.9,100,98,4.1,0.0,0.0,0.0
2024-12-29 01:00:00,0.9,100,98,4.5,0.0,0.0,0.0
2024-12-29 02:00:00,0.9,100,98,4.5,0.0,0.0,0.0
2024-12-29 03:00:00,-0.1,100,97,4.3,0.0,0.0,0.0
2024-12-29 04:00:00,0.3,99,97,5.2,0.0,0.0,0.0
2024-12-29 05:00:00,0.6,100,98,5.6,0.0,0.0,0.0
2024-12-29 06:00:00,0.5,100,97,5.4,0.0,0.0,0.0
2024-12-29 07:00:00,0.2,100,99,5.0,0.0,0.0,0.0
2024-12-29 08:00:00,-0.3,95,99,4.1,0.0,0.0,0.0
2024-12-29 09:00:00,-1.3,93,99,3.1,0.0,0.0,12.4
2024-12-29 10:00:00,-0.3,94,98,4.4,0.0,0.0,69.2
2024-12-29 11:00:00,0.7,28,90,3.9,0.0,0.0,144.0
2024-12-29 12:00:00,1.9,24,82,4.0,0.0,0.0,214.2
2024-12-29 13:00:00,3.2,73,74,4.2,0.0,0.0,249.9
2024-12-29 14:00:00,3.9,29,70,4.4,0.0,0.0,223.4
2024-12-29 15:00:00,3.8,12,72,5.7,0.0,0.0,159.0
2024-12-29 16:00:00,2.5,93,78,6.0,0.0,0.0,65.5
2024-12-29 17:00:00,1.3,95,80,6.6,0.0,0.0,0.0
2024-12-29 18:00:00,0.9,60,80,7.0,0.0,0.0,0.0
2024-12-29 19:00:00,0.5,63,78,7.6,0.0,0.0,0.0
2024-12-29 20:00:00,0.0,55,77,7.8,0.0,0.0,0.0
2024-12-29 21:00:00,-0.5,27,78,8.0,0.0,0.0,0.0
2024-12-29 22:00:00,-0.9,72,79,7.4,0.0,0.0,0.0
2024-12-29 23:00:00,-1.2,60,80,7.1,0.0,0.0,0.0
2024-12-30 00:00:00,-1.5,0,81,6.9,0.0,0.0,0.0
2024-12-30 01:00:00,-2.0,0,83,7.2,0.0,0.0,0.0
2024-12-30 02:00:00,-2.3,0,86,7.8,0.0,0.0,0.0
2024-12-30 03:00:00,-1.6,0,86,7.9,0.0,0.0,0.0
2024-12-30 04:00:00,-1.9,1,87,8.6,0.0,0.0,0.0
2024-12-30 05:00:00,-2.1,3,89,7.6,0.0,0.0,0.0
2024-12-30 06:00:00,-2.6,61,91,6.7,0.0,0.0,0.0
2024-12-30 07:00:00,-2.8,97,92,6.6,0.0,0.0,0.0
2024-12-30 08:00:00,-2.9,28,92,6.7,0.0,0.0,0.0
2024-12-30 09:00:00,-3.1,0,92,6.6,0.0,0.0,12.5
2024-12-30 10:00:00,-2.3,0,91,5.7,0.0,0.0,91.3
2024-12-30 11:00:00,-0.7,0,83,4.6,0.0,0.0,180.7
2024-12-30 12:00:00,0.7,0,75,6.0,0.0,0.0,240.4
2024-12-30 13:00:00,1.7,12,69,5.8,0.0,0.0,259.1
2024-12-30 14:00:00,2.3,32,65,6.4,0.0,0.0,232.0
2024-12-30 15:00:00,2.0,1,72,8.4,0.0,0.0,162.7
2024-12-30 16:00:00,1.1,5,77,8.1,0.0,0.0,66.7
2024-12-30 17:00:00,-0.1,2,82,8.7,0.0,0.0,0.0
2024-12-30 18:00:00,-0.6,2,83,9.4,0.0,0.0,0.0
2024-12-30 19:00:00,-1.1,5,86,10.1,0.0,0.0,0.0
2024-12-30 20:00:00,-1.6,0,88,10.3,0.0,0.0,0.0
2024-12-30 21:00:00,-2.0,39,88,10.7,0.0,0.0,0.0
2024-12-30 22:00:00,-2.1,26,89,11.5,0.0,0.0,0.0
2024-12-30 23:00:00,-2.0,18,89,11.6,0.0,0.0,0.0
2024-12-31 00:00:00,-1.8,10,89,12.2,0.0,0.0,0.0
2024-12-31 01:00:00,-1.3,0,88,13.4,0.0,0.0,0.0
2024-12-31 02:00:00,-0.9,2,88,14.4,0.0,0.0,0.0
2024-12-31 03:00:00,-0.1,29,85,16.4,0.0,0.0,0.0
2024-12-31 04:00:00,-0.1,68,85,16.0,0.0,0.0,0.0
2024-12-31 05:00:00,-0.2,84,85,15.2,0.0,0.0,0.0
2024-12-31 06:00:00,-0.4,98,85,14.1,0.0,0.0,0.0
2024-12-31 07:00:00,-0.7,95,86,13.6,0.0,0.0,0.0
2024-12-31 08:00:00,-0.8,99,86,13.2,0.0,0.0,0.0
2024-12-31 09:00:00,-0.8,100,85,14.0,0.0,0.0,12.5
2024-12-31 10:00:00,0.1,96,78,14.1,0.0,0.0,81.1
2024-12-31 11:00:00,1.7,15,69,13.3,0.0,0.0,173.4
2024-12-31 12:00:00,3.0,2,62,11.0,0.0,0.0,247.0
2024-12-31 13:00:00,3.7,1,59,10.3,0.0,0.0,263.2
2024-12-31 14:00:00,4.0,1,59,10.5,0.0,0.0,235.0
2024-12-31 15:00:00,3.1,7,64,12.6,0.0,0.0,165.6
2024-12-31 16:00:00,2.0,3,67,16.4,0.0,0.0,69.2
2024-12-31 17:00:00,0.8,4,71,16.4,0.0,0.0,0.0
2024-12-31 18:00:00,0.2,2,73,16.4,0.0,0.0,0.0
2024-12-31 19:00:00,-0.2,1,74,16.6,0.0,0.0,0.0
2024-12-31 20:00:00,-0.6,2,75,17.0,0.0,0.0,0.0
2024-12-31 21:00:00,-0.8,1,75,18.1,0.0,0.0,0.0
2024-12-31 22:00:00,-0.9,18,76,19.1,0.0,0.0,0.0
2024-12-31 23:00:00,-0.9,19,77,19.9,0.0,0.0,0.0
2025-01-01 00:00:00,-0.9,18,78,20.0,0.0,0.0,0.0
2025-01-01 01:00:00,-1.1,58,79,20.0,0.0,0.0,0.0
2025-01-01 02:00:00,-1.2,39,80,19.6,0.0,0.0,0.0
2025-01-01 03:00:00,-1.1,11,80,20.5,0.0,0.0,0.0
2025-01-01 04:00:00,-1.2,9,79,20.9,0.0,0.0,0.0
2025-01-01 05:00:00,-1.2,9,78,22.1,0.0,0.0,0.0
2025-01-01 06:00:00,-1.0,89,75,22.9,0.0,0.0,0.0
2025-01-01 07:00:00,-0.7,15,71,21.6,0.0,0.0,0.0
2025-01-01 08:00:00,-0.9,33,73,21.5,0.0,0.0,0.0
2025-01-01 09:00:00,-1.0,80,74,22.2,0.0,0.0,12.5
2025-01-01 10:00:00,-0.2,33,70,21.6,0.0,0.0,87.9
2025-01-01 11:00:00,0.8,37,66,17.1,0.0,0.0,184.4
2025-01-01 12:00:00,2.0,10,61,16.7,0.0,0.0,249.3
2025-01-01 13:00:00,3.3,17,57,17.8,0.0,0.0,267.4
2025-01-01 14:00:00,3.7,54,57,17.3,0.0,0.0,239.9
2025-01-01 15:00:00,2.6,78,60,18.5,0.0,0.0,166.0
2025-01-01 16:00:00,2.2,49,61,25.3,0.0,0.0,68.5
2025-01-01 17:00:00,1.9,36,62,25.1,0.0,0.0,0.0
2025-01-01 18:00:00,1.9,57,61,25.1,0.0,0.0,0.0
2025-01-01 19:00:00,2.2,78,58,24.1,0.0,0.0,0.0
2025-01-01 20:00:00,2.6,70,55,23.4,0.0,0.0,0.0
2025-01-01 21:00:00,3.0,74,51,24.1,0.0,0.0,0.0
2025-01-01 22:00:00,3.3,83,48,24.7,0.0,0.0,0.0
2025-01-01 23:00:00,3.0,75,48,24.1,0.0,0.0,0.0
2025-01-02 00:00:00,2.9,84,48,24.6,0.0,0.0,0.0
2025-01-02 01:00:00,3.0,50,48,25.9,0.0,0.0,0.0
2025-01-02 02:00:00,3.0,89,49,26.4,0.0,0.0,0.0
2025-01-02 03:00:00,2.8,78,53,27.2,0.0,0.0,0.0
2025-01-02 04:00:00,3.0,90,51,26.5,0.0,0.0,0.0
2025-01-02 05:00:00,3.1,92,49,24.3,0.0,0.0,0.0
2025-01-02 06:00:00,3.4,97,48,25.0,0.0,0.0,0.0
2025-01-02 07:00:00,3.3,98,49,24.9,0.0,0.0,0.0
2025-01-02 08:00:00,3.4,99,50,26.6,0.0,0.0,0.0
2025-01-02 09:00:00,4.0,100,48,27.8,0.0,0.0,12.3
2025-01-02 10:00:00,5.0,100,45,28.1,0.0,0.0,47.3
2025-01-02 11:00:00,5.0,100,45,28.7,0.0,0.0,65.9
2025-01-02 12:00:00,5.0,100,47,28.4,0.0,0.0,86.0
2025-01-02 13:00:00,5.1,100,48,27.7,0.0,0.0,71.7
2025-01-02 14:00:00,4.7,100,51,24.9,0.0,0.0,48.8
2025-01-02 15:00:00,3.5,100,58,23.0,0.0,0.0,21.1
2025-01-02 16:00:00,2.1,100,71,17.8,0.3,0.21,9.7
2025-01-02 17:00:00,1.1,100,84,15.0,1.1,0.77,0.0
2025-01-02 18:00:00,0.5,100,91,10.8,0.5,0.35,0.0
2025-01-02 19:00:00,0.2,100,96,8.2,0.5,0.35,0.0
2025-01-02 20:00:00,0.0,100,97,8.1,0.6,0.42,0.0
2025-01-02 21:00:00,-0.2,100,98,8.0,0.6,0.42,0.0
2025-01-02 22:00:00,-0.3,100,98,7.9,0.3,0.21,0.0
2025-01-02 23:00:00,-0.5,100,98,7.9,0.2,0.14,0.0
2025-01-03 00:00:00,-0.6,100,98,9.1,0.1,0.07,0.0
2025-01-03 01:00:00,-0.9,100,97,8.9,0.0,0.0,0.0
2025-01-03 02:00:00,-0.6,100,95,9.2,0.0,0.0,0.0
2025-01-03 03:00:00,-1.0,100,95,9.1,0.0,0.0,0.0
2025-01-03 04:00:00,-1.1,86,94,10.5,0.0,0.0,0.0
2025-01-03 05:00:00,-1.5,99,93,11.0,0.0,0.0,0.0
2025-01-03 06:00:00,-1.3,93,91,10.8,0.0,0.0,0.0
2025-01-03 07:00:00,-2.1,100,91,12.4,0.0,0.0,0.0
2025-01-03 08:00:00,-1.8,100,87,14.3,0.0,0.0,0.0
2025-01-03 09:00:00,-1.4,100,85,15.4,0.0,0.0,0.0
2025-01-03 10:00:00,-0.8,100,82,15.9,0.0,0.0,47.2
2025-01-03 11:00:00,-0.3,100,80,16.0,0.0,0.0,101.4
2025-01-03 12:00:00,-0.1,100,80,14.2,0.0,0.0,116.5
2025-01-03 13:00:00,0.4,100,79,17.6,0.0,0.0,135.4
2025-01-03 14:00:00,0.5,99,79,17.8,0.0,0.0,78.9
2025-01-03 15:00:00,0.3,95,82,16.3,0.0,0.0,149.8
2025-01-03 16:00:00,0.0,89,82,15.3,0.1,0.07,65.9
2025-01-03 17:00:00,-0.7,17,83,16.6,0.0,0.0,0.0
2025-01-03 18:00:00,-1.2,14,84,16.8,0.0,0.0,0.0
2025-01-03 19:00:00,-1.2,48,82,19.2,0.0,0.0,0.0
2025-01-03 20:00:00,-1.1,43,82,20.0,0.0,0.0,0.0
2025-01-03 21:00:00,-1.0,97,82,21.1,0.0,0.0,0.0
2025-01-03 22:00:00,-0.9,99,80,22.4,0.0,0.0,0.0
2025-01-03 23:00:00,-0.6,100,77,22.5,0.0,0.0,0.0
2025-01-04 00:00:00,-0.9,97,80,23.3,0.0,0.0,0.0
2025-01-04 01:00:00,-1.5,50,83,19.9,0.1,0.07,0.0
2025-01-04 02:00:00,-2.1,18,83,18.3,0.0,0.0,0.0
2025-01-04 03:00:00,-2.9,0,82,18.3,0.0,0.0,0.0
2025-01-04 04:00:00,-3.6,0,82,17.0,0.0,0.0,0.0
2025-01-04 05:00:00,-3.9,97,82,15.5,0.0,0.0,0.0
2025-01-04 06:00:00,-4.3,81,73,10.7,1.9,1.33,0.0
2025-01-04 07:00:00,-3.9,76,79,14.7,1.5,1.05,0.0
2025-01-04 08:00:00,-3.0,95,83,18.4,0.0,0.0,0.0
2025-01-04 09:00:00,-2.6,99,83,17.4,0.0,0.0,11.9
2025-01-04 10:00:00,-2.4,100,84,16.8,0.0,0.0,60.5
2025-01-04 11:00:00,-2.1,100,84,15.9,0.0,0.0,98.9
2025-01-04 12:00:00,-2.0,92,83,14.9,0.0,0.0,136.1
2025-01-04 13:00:00,-1.9,50,83,14.3,0.0,0.0,178.9
2025-01-04 14:00:00,-1.9,76,81,12.8,0.0,0.0,197.4
2025-01-04 15:00:00,-2.3,99,82,9.8,0.0,0.0,184.9
2025-01-04 16:00:00,-3.1,100,84,7.5,0.0,0.0,76.3
2025-01-04 17:00:00,-4.2,100,86,5.8,0.0,0.0,0.0
2025-01-04 18:00:00,-4.8,100,87,6.0,0.0,0.0,0.0
2025-01-04 19:00:00,-4.3,100,87,7.3,0.0,0.0,0.0
2025-01-04 20:00:00,-3.5,100,88,8.0,0.0,0.0,0.0
2025-01-04 21:00:00,-3.8,100,87,9.3,0.0,0.0,0.0
2025-01-04 22:00:00,-4.4,99,87,9.8,0.0,0.0,0.0
2025-01-04 23:00:00,-5.0,100,87,9.5,0.0,0.0,0.0
2025-01-05 00:00:00,-5.3,16,87,9.1,0.0,0.0,0.0
2025-01-05 01:00:00,-5.6,44,86,10.5,0.0,0.0,0.0
2025-01-05 02:00:00,-5.5,97,84,8.7,0.0,0.0,0.0
2025-01-05 03:00:00,-7.0,98,81,8.2,0.0,0.0,0.0
2025-01-05 04:00:00,-5.4,100,82,7.1,0.0,0.0,0.0
2025-01-05 05:00:00,-4.5,100,82,6.8,0.0,0.0,0.0
2025-01-05 06:00:00,-6.9,94,84,5.9,0.0,0.0,0.0
2025-01-05 07:00:00,-7.2,94,82,6.6,0.0,0.0,0.0
2025-01-05 08:00:00,-7.2,100,80,7.7,0.0,0.0,0.0
2025-01-05 09:00:00,-6.9,100,82,8.5,0.0,0.0,11.6
2025-01-05 10:00:00,-6.2,100,81,9.3,0.0,0.0,82.2
2025-01-05 11:00:00,-5.0,100,80,8.7,0.0,0.0,155.0
2025-01-05 12:00:00,-4.0,100,80,8.7,0.0,0.0,188.4
2025-01-05 13:00:00,-2.6,100,77,6.3,0.0,0.0,204.2
2025-01-05 14:00:00,-1.7,100,76,6.7,0.0,0.0,159.9
2025-01-05 15:00:00,-1.9,100,77,6.5,0.0,0.0,103.7
2025-01-05 16:00:00,-2.0,100,80,7.6,0.1,0.07,40.5
2025-01-05 17:00:00,-2.0,100,83,8.3,0.1,0.07,0.0
2025-01-05 18:00:00,-2.0,100,84,9.1,0.0,0.0,0.0
2025-01-05 19:00:00,-1.9,100,85,9.7,0.0,0.0,0.0
2025-01-05 20:00:00,-1.8,100,86,10.5,0.1,0.07,0.0
2025-01-05 21:00:00,-1.7,100,89,10.4,0.2,0.14,0.0
2025-01-05 22:00:00,-1.3,100,91,9.1,0.6,0.42,0.0
2025-01-05 23:00:00,-0.9,100,93,9.1,0.5,0.28,0.0
2025-01-06 00:00:00,0.3,100,89,11.9,0.3,0.0,0.0
2025-01-06 01:00:00,1.4,100,88,11.6,0.0,0.0,0.0
2025-01-06 02:00:00,2.1,100,89,11.3,0.1,0.0,0.0
2025-01-06 03:00:00,2.9,100,90,18.0,0.9,0.0,0.0
2025-01-06 04:00:00,3.1,100,91,18.8,0.0,0.0,0.0
2025-01-06 05:00:00,3.1,100,91,17.2,0.0,0.0,0.0
2025-01-06 06:00:00,3.4,100,90,18.1,0.0,0.0,0.0
2025-01-06 07:00:00,3.4,99,89,17.3,0.0,0.0,0.0
2025-01-06 08:00:00,2.7,100,89,15.5,0.0,0.0,0.0
2025-01-06 09:00:00,2.5,91,89,13.7,0.0,0.0,11.2
2025-01-06 10:00:00,2.7,82,89,13.5,0.0,0.0,85.2
2025-01-06 11:00:00,3.4,56,87,12.9,0.0,0.0,172.0
2025-01-06 12:00:00,4.2,100,85,12.1,0.0,0.0,250.6
2025-01-06 13:00:00,4.9,100,82,12.4,0.0,0.0,244.8
2025-01-06 14:00:00,5.3,99,80,12.1,0.0,0.0,205.3
2025-01-06 15:00:00,4.8,100,82,12.8,0.0,0.0,142.2
2025-01-06 16:00:00,4.5,100,84,11.0,0.0,0.0,58.9
2025-01-06 17:00:00,4.3,100,85,10.3,0.0,0.0,0.0
2025-01-06 18:00:00,4.4,100,86,11.4,0.0,0.0,0.0
2025-01-06 19:00:00,4.0,100,88,9.6,0.0,0.0,0.0
2025-01-06 20:00:00,3.2,100,90,7.8,0.0,0.0,0.0
2025-01-06 21:00:00,2.7,100,91,7.2,0.0,0.0,0.0
2025-01-06 22:00:00,2.6,100,92,9.8,0.0,0.0,0.0
2025-01-06 23:00:00,2.9,100,91,11.9,0.0,0.0,0.0
2025-01-07 00:00:00,3.2,100,91,15.0,0.0,0.0,0.0
2025-01-07 01:00:00,3.4,100,90,16.4,0.0,0.0,0.0
2025-01-07 02:00:00,3.6,100,90,15.0,0.0,0.0,0.0
2025-01-07 03:00:00,4.1,100,86,11.5,0.0,0.0,0.0
2025-01-07 04:00:00,4.3,100,85,10.9,0.0,0.0,0.0
2025-01-07 05:00:00,4.2,100,87,9.5,0.0,0.0,0.0
2025-01-07 06:00:00,3.4,100,90,7.3,0.0,0.0,0.0
2025-01-07 07:00:00,3.0,100,91,5.7,0.0,0.0,0.0
2025-01-07 08:00:00,3.8,100,89,9.5,0.0,0.0,0.0
2025-01-07 09:00:00,4.1,100,91,13.4,0.0,0.0,10.8
2025-01-07 10:00:00,4.4,100,91,14.1,0.0,0.0,59.9
2025-01-07 11:00:00,4.8,100,90,13.9,0.0,0.0,91.4
2025-01-07 12:00:00,4.1,100,92,12.1,0.3,0.0,39.2
2025-01-07 13:00:00,3.9,100,94,13.8,0.3,0.0,47.6
2025-01-07 14:00:00,3.4,100,97,11.8,1.0,0.0,26.4
2025-01-07 15:00:00,3.6,100,98,9.4,0.8,0.0,30.7
2025-01-07 16:00:00,3.4,100,98,11.4,1.4,0.0,16.9
2025-01-07 17:00:00,3.1,100,97,13.9,1.4,0.0,0.0
2025-01-07 18:00:00,2.5,100,98,15.3,0.9,0.0,0.0
2025-01-07 19:00:00,2.1,100,98,14.1,0.4,0.0,0.0
2025-01-07 20:00:00,1.8,100,97,15.1,0.2,0.0,0.0
2025-01-07 21:00:00,1.8,100,96,16.3,0.2,0.0,0.0
2025-01-07 22:00:00,2.0,87,95,19.8,0.0,0.0,0.0
2025-01-07 23:00:00,1.8,49,94,20.2,0.0,0.0,0.0
2025-01-08 00:00:00,1.7,5,93,20.3,0.0,0.0,0.0
2025-01-08 01:00:00,1.4,2,93,18.2,0.0,0.0,0.0
2025-01-08 02:00:00,0.9,2,93,17.4,0.0,0.0,0.0
2025-01-08 03:00:00,1.3,1,94,17.4,0.0,0.0,0.0
2025-01-08 04:00:00,0.9,0,93,16.4,0.0,0.0,0.0
2025-01-08 05:00:00,1.0,1,92,18.5,0.0,0.0,0.0
2025-01-08 06:00:00,1.2,2,91,19.0,0.0,0.0,0.0
2025-01-08 07:00:00,1.2,72,89,17.0,0.0,0.0,0.0
2025-01-08 08:00:00,1.4,91,86,17.4,0.0,0.0,0.0
2025-01-08 09:00:00,1.8,100,83,17.2,0.0,0.0,0.0
2025-01-08 10:00:00,1.6,100,90,18.2,0.3,0.07,21.5
2025-01-08 11:00:00,1.4,99,96,14.8,0.7,0.14,21.9
2025-01-08 12:00:00,1.3,100,99,11.7,1.0,0.42,87.1
2025-01-08 13:00:00,1.1,100,99,13.9,0.8,0.35,29.4
2025-01-08 14:00:00,1.9,100,96,19.8,0.7,0.21,32.1
2025-01-08 15:00:00,1.8,96,94,15.6,0.0,0.0,63.3
2025-01-08 16:00:00,1.7,100,93,14.0,0.0,0.0,47.0
2025-01-08 17:00:00,1.5,100,93,13.1,0.0,0.0,0.0
2025-01-08 18:00:00,1.5,100,92,13.8,0.0,0.0,0.0
2025-01-08 19:00:00,1.6,94,91,13.5,0.0,0.0,0.0
2025-01-08 20:00:00,1.2,100,93,12.0,0.0,0.0,0.0
2025-01-08 21:00:00,1.2,85,94,11.9,0.0,0.0,0.0
2025-01-08 22:00:00,0.6,30,95,11.7,0.0,0.0,0.0
2025-01-08 23:00:00,0.3,100,95,9.2,0.0,0.0,0.0
2025-01-09 00:00:00,1.0,100,94,8.7,0.0,0.0,0.0
2025-01-09 01:00:00,1.1,100,94,7.2,0.0,0.0,0.0
2025-01-09 02:00:00,1.0,100,95,8.4,0.1,0.0,0.0
2025-01-09 03:00:00,1.5,100,93,9.2,0.0,0.0,0.0
2025-01-09 04:00:00,2.0,100,91,12.3,0.0,0.0,0.0
2025-01-09 05:00:00,2.1,100,92,13.5,0.0,0.0,0.0
2025-01-09 06:00:00,2.4,100,91,10.8,0.0,0.0,0.0
2025-01-09 07:00:00,3.4,100,90,11.3,0.2,0.0,0.0
2025-01-09 08:00:00,3.9,100,94,13.4,0.3,0.0,0.0
2025-01-09 09:00:00,4.6,100,94,18.1,0.8,0.0,0.0
2025-01-09 10:00:00,4.8,100,95,16.1,0.5,0.0,9.9
2025-01-09 11:00:00,5.3,100,95,15.1,1.3,0.0,35.3
2025-01-09 12:00:00,6.5,100,91,17.9,0.1,0.0,88.2
2025-01-09 13:00:00,8.5,98,83,18.6,0.0,0.0,250.1
2025-01-09 14:00:00,9.2,100,78,15.8,0.0,0.0,245.5
2025-01-09 15:00:00,9.8,100,77,15.1,0.0,0.0,162.1
2025-01-09 16:00:00,9.1,100,79,14.1,0.0,0.0,71.5
2025-01-09 17:00:00,7.8,100,82,15.3,0.0,0.0,0.0
2025-01-09 18:00:00,7.3,100,83,16.0,0.0,0.0,0.0
2025-01-09 19:00:00,7.7,100,80,20.3,0.0,0.0,0.0
2025-01-09 20:00:00,8.9,100,79,23.0,0.0,0.0,0.0
2025-01-09 21:00:00,8.8,92,80,21.3,0.0,0.0,0.0
2025-01-09 22:00:00,8.9,97,80,18.9,0.0,0.0,0.0
2025-01-09 23:00:00,9.1,95,80,17.3,0.0,0.0,0.0
2025-01-10 00:00:00,9.1,100,81,19.1,0.0,0.0,0.0
2025-01-10 01:00:00,8.4,100,88,21.8,0.3,0.0,0.0
2025-01-10 02:00:00,7.9,100,92,24.2,0.2,0.0,0.0
2025-01-10 03:00:00,3.4,100,91,33.4,0.9,0.0,0.0
2025-01-10 04:00:00,1.0,100,90,27.1,0.3,0.07,0.0
2025-01-10 05:00:00,1.4,100,79,21.4,0.1,0.07,0.0
2025-01-10 06:00:00,1.4,100,80,16.7,0.0,0.0,0.0
2025-01-10 07:00:00,1.3,100,81,15.6,0.1,0.07,0.0
2025-01-10 08:00:00,1.5,100,80,16.4,0.0,0.0,0.0
2025-01-10 09:00:00,1.5,100,78,16.0,0.0,0.0,0.0
2025-01-10 10:00:00,1.4,100,78,16.0,0.1,0.07,31.2
2025-01-10 11:00:00,1.2,100,78,16.6,0.4,0.28,43.8
2025-01-10 12:00:00,1.0,100,80,18.2,0.2,0.14,39.2
2025-01-10 13:00:00,1.5,99,78,19.4,0.1,0.07,112.4
2025-01-10 14:00:00,1.3,95,79,18.5,0.3,0.21,100.2
2025-01-10 15:00:00,1.6,99,79,19.6,0.1,0.0,115.2
2025-01-10 16:00:00,1.1,51,80,15.0,0.1,0.07,45.0
2025-01-10 17:00:00,0.4,87,81,15.2,0.1,0.07,0.0
2025-01-10 18:00:00,0.8,100,69,17.9,0.0,0.0,0.0
2025-01-10 19:00:00,0.6,100,69,15.5,0.0,0.0,0.0
2025-01-10 20:00:00,0.3,99,73,15.4,0.0,0.0,0.0
2025-01-10 21:00:00,0.2,100,74,16.6,0.0,0.0,0.0
2025-01-10 22:00:00,0.0,100,77,17.6,0.0,0.07,0.0
2025-01-10 23:00:00,0.0,100,78,18.7,0.5,0.35,0.0
2025-01-11 00:00:00,0.1,100,79,17.1,0.4,0.28,0.0
2025-01-11 01:00:00,0.2,100,77,16.7,0.2,0.14,0.0
2025-01-11 02:00:00,-0.2,100,79,15.9,0.3,0.21,0.0
2025-01-11 03:00:00,-0.6,100,80,14.8,0.8,0.56,0.0
2025-01-11 04:00:00,-0.5,99,80,16.3,0.1,0.07,0.0
2025-01-11 05:00:00,-0.8,85,82,15.9,0.0,0.0,0.0
2025-01-11 06:00:00,-0.9,87,83,14.9,0.0,0.0,0.0
2025-01-11 07:00:00,-1.3,97,84,15.0,0.0,0.0,0.0
2025-01-11 08:00:00,-1.3,99,83,15.6,0.0,0.0,0.0
2025-01-11 09:00:00,-1.1,100,80,15.9,0.0,0.0,9.1
2025-01-11 10:00:00,-0.9,100,79,16.8,0.0,0.0,45.7
2025-01-11 11:00:00,-0.6,100,76,19.0,0.0,0.0,81.4
2025-01-11 12:00:00,-0.8,100,79,21.6,0.5,0.35,120.9
2025-01-11 13:00:00,-0.8,100,77,20.2,0.2,0.14,136.8
2025-01-11 14:00:00,-0.7,100,80,18.9,0.5,0.28,152.3
2025-01-11 15:00:00,-1.0,100,86,17.1,0.4,0.28,92.2
2025-01-11 16:00:00,-1.4,100,87,20.9,0.4,0.28,45.4
2025-01-11 17:00:00,-1.8,100,87,20.7,0.6,0.42,0.0
2025-01-11 18:00:00,-1.9,100,89,22.9,0.6,0.42,0.0
2025-01-11 19:00:00,-1.9,100,88,20.5,0.7,0.49,0.0
2025-01-11 20:00:00,-1.9,100,89,20.3,0.6,0.42,0.0
2025-01-11 21:00:00,-1.8,100,88,20.6,0.3,0.21,0.0
2025-01-11 22:00:00,-1.8,100,88,21.7,0.2,0.14,0.0
2025-01-11 23:00:00,-1.7,100,88,21.8,0.3,0.21,0.0
2025-01-12 00:00:00,-1.7,100,90,22.7,0.5,0.35,0.0
2025-01-12 01:00:00,-1.6,100,91,22.9,0.4,0.28,0.0
2025-01-12 02:00:00,-1.4,100,92,22.6,0.1,0.07,0.0
2025-01-12 03:00:00,-1.1,100,91,22.3,0.2,0.14,0.0
2025-01-12 04:00:00,-1.1,100,92,21.2,0.5,0.35,0.0
2025-01-12 05:00:00,-1.1,100,93,20.5,0.3,0.21,0.0
2025-01-12 06:00:00,-1.1,100,92,20.2,0.2,0.14,0.0
2025-01-12 07:00:00,-1.1,100,93,19.9,0.3,0.21,0.0
2025-01-12 08:00:00,-1.0,100,92,20.2,0.3,0.21,0.0
2025-01-12 09:00:00,-0.9,100,92,20.2,0.2,0.14,8.6
2025-01-12 10:00:00,-0.8,100,92,20.2,0.1,0.07,42.1
2025-01-12 11:00:00,-0.6,100,92,19.4,0.2,0.14,65.5
2025-01-12 12:00:00,-0.5,100,91,20.2,0.3,0.21,69.7
2025-01-12 13:00:00,-0.5,100,92,21.5,0.3,0.21,91.2
2025-01-12 14:00:00,-0.6,100,92,21.0,0.3,0.21,68.2
2025-01-12 15:00:00,-0.7,100,91,20.7,0.3,0.21,78.6
2025-01-12 16:00:00,-0.8,100,91,21.6,0.2,0.14,43.7
2025-01-12 17:00:00,-1.0,100,91,21.2,0.3,0.21,0.0
2025-01-12 18:00:00,-1.2,100,91,21.6,0.4,0.28,0.0
2025-01-12 19:00:00,-1.4,100,91,21.7,0.3,0.21,0.0
2025-01-12 20:00:00,-1.4,100,90,20.9,0.2,0.14,0.0
2025-01-12 21:00:00,-1.4,100,89,21.0,0.1,0.07,0.0
2025-01-12 22:00:00,-1.5,100,91,20.4,0.1,0.07,0.0
2025-01-12 23:00:00,-1.7,100,94,18.9,0.2,0.14,0.0
2025-01-13 00:00:00,-1.6,100,95,19.0,0.2,0.14,0.0
2025-01-13 01:00:00,-1.4,100,94,19.0,0.2,0.07,0.0
2025-01-13 02:00:00,-1.3,100,94,17.3,0.2,0.14,0.0
2025-01-13 03:00:00,-1.0,100,94,15.3,0.2,0.14,0.0
2025-01-13 04:00:00,-0.9,100,93,16.4,0.2,0.07,0.0
2025-01-13 05:00:00,-0.8,100,90,16.5,0.0,0.0,0.0
2025-01-13 06:00:00,-0.9,100,88,14.5,0.0,0.0,0.0
2025-01-13 07:00:00,-1.2,75,89,12.1,0.0,0.0,0.0
2025-01-13 08:00:00,-1.5,86,90,11.0,0.0,0.0,0.0
2025-01-13 09:00:00,-2.3,99,91,11.0,0.0,0.0,16.4
2025-01-13 10:00:00,-2.5,100,91,8.9,0.0,0.0,82.1
2025-01-13 11:00:00,-1.9,100,89,9.6,0.0,0.0,138.1
2025-01-13 12:00:00,-1.6,100,83,9.0,0.0,0.0,161.1
2025-01-13 13:00:00,-1.6,100,82,9.0,0.0,0.0,173.4
2025-01-13 14:00:00,-1.7,100,83,8.4,0.0,0.0,154.5
2025-01-13 15:00:00,-1.9,100,86,6.7,0.0,0.0,102.1
2025-01-13 16:00:00,-2.2,100,88,5.9,0.0,0.0,52.5
2025-01-13 17:00:00,-2.4,100,89,3.6,0.0,0.0,0.3
2025-01-13 18:00:00,-2.7,100,90,3.8,0.0,0.0,0.0
2025-01-13 19:00:00,-3.0,97,90,5.3,0.0,0.0,0.0
2025-01-13 20:00:00,-3.9,98,91,4.2,0.0,0.0,0.0
2025-01-13 21:00:00,-6.1,10,94,3.6,0.0,0.0,0.0
2025-01-13 22:00:00,-7.9,27,98,4.0,0.0,0.0,0.0
2025-01-13 23:00:00,-8.4,84,98,3.8,0.0,0.0,0.0
2025-01-14 00:00:00,-8.1,97,97,2.1,0.0,0.0,0.0
2025-01-14 01:00:00,-7.3,100,95,1.3,0.0,0.0,0.0
2025-01-14 02:00:00,-6.5,100,93,5.2,0.0,0.0,0.0
2025-01-14 03:00:00,-4.2,100,97,6.9,0.0,0.0,0.0
2025-01-14 04:00:00,-4.4,100,95,7.6,0.0,0.0,0.0
2025-01-14 05:00:00,-5.1,99,95,9.3,0.0,0.0,0.0
2025-01-14 06:00:00,-5.1,94,95,8.5,0.0,0.0,0.0
2025-01-14 07:00:00,-5.3,79,94,7.7,0.0,0.0,0.0
2025-01-14 08:00:00,-5.6,55,92,8.5,0.0,0.0,0.0
2025-01-14 09:00:00,-6.1,21,90,9.4,0.0,0.0,15.6
2025-01-14 10:00:00,-5.8,40,86,9.8,0.0,0.0,116.8
2025-01-14 11:00:00,-4.6,58,81,10.1,0.0,0.0,225.1
2025-01-14 12:00:00,-3.5,34,79,11.1,0.0,0.0,293.8
2025-01-14 13:00:00,-2.6,49,78,11.0,0.0,0.0,319.5
2025-01-14 14:00:00,-1.9,100,78,10.4,0.0,0.0,287.4
2025-01-14 15:00:00,-0.7,100,80,12.5,0.0,0.0,190.8
2025-01-14 16:00:00,-0.8,100,79,13.4,0.0,0.0,78.7
2025-01-14 17:00:00,-1.3,100,79,14.7,0.0,0.0,2.3
2025-01-14 18:00:00,-1.5,100,79,15.7,0.0,0.0,0.0
2025-01-14 19:00:00,-1.6,100,80,17.0,0.0,0.0,0.0
2025-01-14 20:00:00,-1.6,100,82,16.8,0.0,0.0,0.0
2025-01-14 21:00:00,-1.5,100,82,16.6,0.0,0.0,0.0
2025-01-14 22:00:00,-1.5,100,82,15.8,0.0,0.0,0.0
2025-01-14 23:00:00,-1.2,100,82,15.5,0.1,0.07,0.0
2025-01-15 00:00:00,-1.1,100,82,15.8,0.1,0.07,0.0
2025-01-15 01:00:00,-1.1,100,83,16.0,0.2,0.14,0.0
2025-01-15 02:00:00,-1.4,100,90,14.7,1.0,0.7,0.0
2025-01-15 03:00:00,-1.2,100,94,17.1,0.8,0.56,0.0
2025-01-15 04:00:00,-1.2,100,96,15.2,0.7,0.42,0.0
2025-01-15 05:00:00,-1.0,100,96,13.3,0.4,0.28,0.0
2025-01-15 06:00:00,-0.7,100,97,13.2,0.2,0.0,0.0
2025-01-15 07:00:00,-0.5,100,98,12.1,0.0,0.0,0.0
2025-01-15 08:00:00,-0.1,100,97,10.6,0.1,0.0,0.0
2025-01-15 09:00:00,0.2,100,97,8.6,0.1,0.0,7.4
2025-01-15 10:00:00,0.3,100,97,7.4,0.0,0.0,27.0
2025-01-15 11:00:00,0.4,100,98,7.2,0.1,0.0,65.3
2025-01-15 12:00:00,0.4,100,98,7.7,0.3,0.07,70.7
2025-01-15 13:00:00,0.5,100,97,7.8,0.1,0.0,61.9
2025-01-15 14:00:00,0.7,100,97,8.3,0.0,0.0,67.4
2025-01-15 15:00:00,0.5,100,97,8.4,0.1,0.0,51.3
2025-01-15 16:00:00,0.6,100,96,7.1,0.0,0.0,28.1
2025-01-15 17:00:00,0.7,100,97,5.6,0.0,0.0,1.2
2025-01-15 18:00:00,0.6,100,98,6.6,0.1,0.0,0.0
2025-01-15 19:00:00,0.7,100,97,7.2,0.0,0.0,0.0
2025-01-15 20:00:00,0.8,100,97,7.3,0.0,0.0,0.0
2025-01-15 21:00:00,0.9,100,97,7.6,0.0,0.0,0.0
2025-01-15 22:00:00,0.9,100,98,7.4,0.0,0.0,0.0
2025-01-15 23:00:00,0.8,100,98,7.7,0.0,0.0,0.0
2025-01-16 00:00:00,0.8,100,99,7.9,0.0,0.0,0.0
2025-01-16 01:00:00,0.8,100,99,7.2,0.0,0.0,0.0
2025-01-16 02:00:00,0.8,100,99,7.1,0.0,0.0,0.0
2025-01-16 03:00:00,0.8,100,99,5.9,0.0,0.0,0.0
2025-01-16 04:00:00,0.7,100,99,4.2,0.0,0.0,0.0
2025-01-16 05:00:00,0.7,100,98,3.7,0.0,0.0,0.0
2025-01-16 06:00:00,0.6,100,99,4.6,0.0,0.0,0.0
2025-01-16 07:00:00,0.4,100,99,4.9,0.0,0.0,0.0
2025-01-16 08:00:00,0.4,100,99,4.7,0.0,0.0,0.0
2025-01-16 09:00:00,0.3,100,100,4.2,0.0,0.0,7.0
2025-01-16 10:00:00,0.4,100,99,3.6,0.0,0.0,44.2
2025-01-16 11:00:00,0.7,100,97,2.3,0.0,0.0,107.4
2025-01-16 12:00:00,0.9,100,96,3.4,0.0,0.0,133.8
2025-01-16 13:00:00,1.0,100,96,5.2,0.0,0.0,140.0
2025-01-16 14:00:00,1.1,100,95,6.0,0.0,0.0,125.4
2025-01-16 15:00:00,0.8,100,97,7.1,0.0,0.0,87.1
2025-01-16 16:00:00,0.7,100,98,6.9,0.0,0.0,45.8
2025-01-16 17:00:00,0.5,100,99,7.7,0.0,0.0,2.8
2025-01-16 18:00:00,0.4,100,99,8.3,0.0,0.0,0.0
2025-01-16 19:00:00,0.5,100,99,8.9,0.0,0.0,0.0
2025-01-16 20:00:00,0.6,100,98,8.5,0.0,0.0,0.0
2025-01-16 21:00:00,0.7,100,97,8.0,0.0,0.0,0.0
2025-01-16 22:00:00,0.7,100,96,9.0,0.0,0.0,0.0
2025-01-16 23:00:00,0.4,100,97,8.0,0.0,0.0,0.0
2025-01-17 00:00:00,0.1,89,97,9.4,0.0,0.0,0.0
2025-01-17 01:00:00,-0.5,47,96,8.0,0.0,0.0,0.0
2025-01-17 02:00:00,-1.5,11,96,9.2,0.0,0.0,0.0
2025-01-17 03:00:00,-0.9,94,97,10.8,0.0,0.0,0.0
2025-01-17 04:00:00,-1.3,95,97,11.9,0.0,0.0,0.0
2025-01-17 05:00:00,-1.0,99,97,13.4,0.0,0.0,0.0
2025-01-17 06:00:00,-0.7,100,97,13.0,0.0,0.0,0.0
2025-01-17 07:00:00,-0.9,100,97,13.6,0.0,0.0,0.0
2025-01-17 08:00:00,-0.8,100,97,13.5,0.0,0.0,0.0
2025-01-17 09:00:00,-0.7,100,97,11.2,0.0,0.0,13.4
2025-01-17 10:00:00,-0.5,100,96,10.7,0.0,0.0,78.3
2025-01-17 11:00:00,0.1,62,95,12.3,0.0,0.0,165.1
2025-01-17 12:00:00,0.7,14,93,9.8,0.0,0.0,265.2
2025-01-17 13:00:00,1.1,9,91,7.4,0.0,0.0,308.6
2025-01-17 14:00:00,1.3,7,91,7.3,0.0,0.0,285.4
2025-01-17 15:00:00,1.5,20,92,10.2,0.0,0.0,203.4
2025-01-17 16:00:00,1.2,1,91,11.0,0.0,0.0,112.7
2025-01-17 17:00:00,0.3,1,92,11.2,0.0,0.0,10.0
2025-01-17 18:00:00,-0.4,4,92,11.9,0.0,0.0,0.0
2025-01-17 19:00:00,-0.8,6,93,11.4,0.0,0.0,0.0
2025-01-17 20:00:00,-1.2,12,94,10.1,0.0,0.0,0.0
2025-01-17 21:00:00,-1.6,8,95,9.8,0.0,0.0,0.0
2025-01-17 22:00:00,-1.8,1,95,9.9,0.0,0.0,0.0
2025-01-17 23:00:00,-1.9,0,94,9.5,0.0,0.0,0.0
2025-01-18 00:00:00,-2.1,4,94,8.9,0.0,0.0,0.0
2025-01-18 01:00:00,-2.2,6,95,8.5,0.0,0.0,0.0
2025-01-18 02:00:00,-2.3,14,94,7.0,0.0,0.0,0.0
2025-01-18 03:00:00,-2.0,32,95,8.3,0.0,0.0,0.0
2025-01-18 04:00:00,-2.0,41,96,9.5,0.0,0.0,0.0
2025-01-18 05:00:00,-1.9,99,96,9.7,0.0,0.0,0.0
2025-01-18 06:00:00,-1.7,68,96,7.2,0.0,0.0,0.0
2025-01-18 07:00:00,-1.9,62,96,7.3,0.0,0.0,0.0
2025-01-18 08:00:00,-2.0,57,95,5.7,0.0,0.0,0.0
2025-01-18 09:00:00,-2.1,66,94,6.5,0.0,0.0,19.1
2025-01-18 10:00:00,-1.0,80,94,8.0,0.0,0.0,97.9
2025-01-18 11:00:00,-0.3,60,93,4.3,0.0,0.0,168.4
2025-01-18 12:00:00,0.2,63,93,5.1,0.0,0.0,238.0
2025-01-18 13:00:00,1.1,16,89,6.1,0.0,0.0,291.4
2025-01-18 14:00:00,2.1,7,84,6.0,0.0,0.0,281.8
2025-01-18 15:00:00,2.2,3,85,5.4,0.0,0.0,219.6
2025-01-18 16:00:00,1.8,1,87,4.8,0.0,0.0,120.1
2025-01-18 17:00:00,0.4,0,88,6.1,0.0,0.0,12.8
2025-01-18 18:00:00,0.1,0,89,8.3,0.0,0.0,0.0
2025-01-18 19:00:00,-0.7,0,90,7.9,0.0,0.0,0.0
2025-01-18 20:00:00,-1.6,0,91,6.2,0.0,0.0,0.0
2025-01-18 21:00:00,-3.3,0,93,3.0,0.0,0.0,0.0
2025-01-18 22:00:00,-3.9,0,93,5.0,0.0,0.0,0.0
2025-01-18 23:00:00,-4.2,0,95,4.5,0.0,0.0,0.0
2025-01-19 00:00:00,-4.2,0,95,2.1,0.0,0.0,0.0
2025-01-19 01:00:00,-4.4,0,96,0.7,0.0,0.0,0.0
2025-01-19 02:00:00,-4.9,6,97,2.2,0.0,0.0,0.0
2025-01-19 03:00:00,-4.2,0,95,3.9,0.0,0.0,0.0
2025-01-19 04:00:00,-4.3,1,96,4.0,0.0,0.0,0.0
2025-01-19 05:00:00,-4.3,8,96,4.8,0.0,0.0,0.0
2025-01-19 06:00:00,-4.4,18,96,4.3,0.0,0.0,0.0
2025-01-19 07:00:00,-4.7,100,98,2.7,0.0,0.0,0.0
2025-01-19 08:00:00,-4.3,100,98,4.0,0.0,0.0,0.0
2025-01-19 09:00:00,-3.9,100,97,3.3,0.0,0.0,18.1
2025-01-19 10:00:00,-2.6,98,98,3.8,0.0,0.0,92.6
2025-01-19 11:00:00,-1.3,2,96,3.5,0.0,0.0,188.5
2025-01-19 12:00:00,0.6,1,89,2.8,0.0,0.0,285.7
2025-01-19 13:00:00,1.8,8,85,3.0,0.0,0.0,316.8
2025-01-19 14:00:00,2.9,4,79,4.2,0.0,0.0,292.5
2025-01-19 15:00:00,2.5,4,82,3.4,0.0,0.0,222.7
2025-01-19 16:00:00,2.4,1,81,1.7,0.0,0.0,122.5
2025-01-19 17:00:00,0.2,0,85,4.9,0.0,0.0,15.2
2025-01-19 18:00:00,-0.4,0,87,6.0,0.0,0.0,0.0
2025-01-19 19:00:00,-1.7,0,90,5.4,0.0,0.0,0.0
2025-01-19 20:00:00,-1.7,0,90,6.0,0.0,0.0,0.0
2025-01-19 21:00:00,-1.6,0,90,7.1,0.0,0.0,0.0
2025-01-19 22:00:00,-1.7,1,89,7.7,0.0,0.0,0.0
2025-01-19 23:00:00,-1.9,1,90,7.2,0.0,0.0,0.0
2025-01-20 00:00:00,-2.0,7,90,6.3,0.0,0.0,0.0
2025-01-20 01:00:00,-2.2,11,91,6.5,0.0,0.0,0.0
2025-01-20 02:00:00,-2.2,12,92,7.5,0.0,0.0,0.0
2025-01-20 03:00:00,-1.7,10,93,8.6,0.0,0.0,0.0
2025-01-20 04:00:00,-2.1,29,94,6.7,0.0,0.0,0.0
2025-01-20 05:00:00,-2.6,33,95,5.5,0.0,0.0,0.0
2025-01-20 06:00:00,-2.7,50,95,5.4,0.0,0.0,0.0
2025-01-20 07:00:00,-3.0,57,95,5.7,0.0,0.0,0.0
2025-01-20 08:00:00,-3.0,34,95,6.6,0.0,0.0,0.0
2025-01-20 09:00:00,-3.1,20,95,6.0,0.0,0.0,23.0
2025-01-20 10:00:00,-2.4,21,95,4.5,0.0,0.0,111.8
2025-01-20 11:00:00,-0.9,3,91,4.4,0.0,0.0,213.4
2025-01-20 12:00:00,0.2,10,88,3.5,0.0,0.0,286.6
2025-01-20 13:00:00,1.3,1,85,2.6,0.0,0.0,320.9
2025-01-20 14:00:00,2.1,7,81,2.4,0.0,0.0,298.5
2025-01-20 15:00:00,2.7,98,77,3.4,0.0,0.0,229.3
2025-01-20 16:00:00,2.7,100,76,6.3,0.0,0.0,127.0
2025-01-20 17:00:00,1.2,100,80,7.5,0.0,0.0,16.2
2025-01-20 18:00:00,0.0,100,84,7.3,0.0,0.0,0.0
2025-01-20 19:00:00,-0.8,100,86,7.3,0.0,0.0,0.0
2025-01-20 20:00:00,-1.2,100,86,7.4,0.0,0.0,0.0
2025-01-20 21:00:00,-1.6,100,86,7.2,0.0,0.0,0.0
2025-01-20 22:00:00,-1.7,100,85,7.3,0.0,0.0,0.0
2025-01-20 23:00:00,-1.7,100,85,6.1,0.0,0.0,0.0
2025-01-21 00:00:00,-2.0,100,85,5.6,0.0,0.0,0.0
2025-01-21 01:00:00,-2.2,100,86,5.6,0.0,0.0,0.0
2025-01-21 02:00:00,-2.5,100,86,5.3,0.0,0.0,0.0
2025-01-21 03:00:00,-1.8,100,86,8.1,0.0,0.0,0.0
2025-01-21 04:00:00,-2.3,100,87,8.3,0.0,0.0,0.0
2025-01-21 05:00:00,-2.4,100,87,9.5,0.0,0.0,0.0
2025-01-21 06:00:00,-2.5,100,88,9.0,0.0,0.0,0.0
2025-01-21 07:00:00,-2.3,78,88,8.9,0.0,0.0,0.0
2025-01-21 08:00:00,-2.7,89,89,6.9,0.0,0.0,0.0
2025-01-21 09:00:00,-2.9,100,89,6.8,0.0,0.0,21.8
2025-01-21 10:00:00,-1.8,100,86,7.3,0.0,0.0,107.9
2025-01-21 11:00:00,-0.7,100,83,4.9,0.0,0.0,159.2
2025-01-21 12:00:00,0.4,100,79,5.9,0.0,0.0,211.6
2025-01-21 13:00:00,0.9,100,78,5.0,0.0,0.0,197.0
2025-01-21 14:00:00,1.3,100,76,4.2,0.0,0.0,193.7
2025-01-21 15:00:00,1.6,100,76,4.5,0.0,0.0,151.4
2025-01-21 16:00:00,1.2,100,78,6.6,0.0,0.0,60.2
2025-01-21 17:00:00,0.6,100,80,5.9,0.0,0.0,9.2
2025-01-21 18:00:00,0.1,100,81,5.5,0.0,0.0,0.0
2025-01-21 19:00:00,-0.2,100,81,6.2,0.0,0.0,0.0
2025-01-21 20:00:00,-0.6,100,82,6.1,0.0,0.0,0.0
2025-01-21 21:00:00,-1.0,100,84,6.9,0.0,0.0,0.0
2025-01-21 22:00:00,-1.6,100,86,6.9,0.0,0.0,0.0
2025-01-21 23:00:00,-1.8,100,88,6.2,0.0,0.0,0.0
2025-01-22 00:00:00,-1.6,100,89,5.7,0.0,0.0,0.0
2025-01-22 01:00:00,-1.7,100,89,5.0,0.0,0.0,0.0
2025-01-22 02:00:00,-1.8,100,90,4.1,0.0,0.0,0.0
2025-01-22 03:00:00,-2.1,100,92,3.8,0.0,0.0,0.0
2025-01-22 04:00:00,-1.6,100,92,3.2,0.0,0.0,0.0
2025-01-22 05:00:00,-1.6,100,93,2.9,0.0,0.0,0.0
2025-01-22 06:00:00,-1.5,100,93,3.2,0.0,0.0,0.0
2025-01-22 07:00:00,-3.1,69,95,3.8,0.0,0.0,0.0
2025-01-22 08:00:00,-3.7,36,95,4.2,0.0,0.0,0.0
2025-01-22 09:00:00,-3.8,6,94,4.5,0.0,0.0,26.0
2025-01-22 10:00:00,-1.9,37,89,5.6,0.0,0.0,111.6
2025-01-22 11:00:00,-0.6,40,83,3.9,0.0,0.0,199.5
2025-01-22 12:00:00,0.8,9,79,2.5,0.0,0.0,293.9
2025-01-22 13:00:00,1.7,0,78,1.8,0.0,0.0,322.0
2025-01-22 14:00:00,2.3,1,76,2.2,0.0,0.0,301.8
2025-01-22 15:00:00,2.6,3,75,2.8,0.0,0.0,235.5
2025-01-22 16:00:00,2.4,6,75,2.5,0.0,0.0,133.9
2025-01-22 17:00:00,0.2,2,79,4.3,0.0,0.0,23.1
2025-01-22 18:00:00,-1.2,0,85,5.6,0.0,0.0,0.0
2025-01-22 19:00:00,-2.3,0,88,5.1,0.0,0.0,0.0
2025-01-22 20:00:00,-3.1,0,91,4.9,0.0,0.0,0.0
2025-01-22 21:00:00,-2.9,0,92,6.3,0.0,0.0,0.0
2025-01-22 22:00:00,-3.0,60,93,6.8,0.0,0.0,0.0
2025-01-22 23:00:00,-3.2,69,93,6.5,0.0,0.0,0.0
2025-01-23 00:00:00,-3.6,75,94,5.6,0.0,0.0,0.0
2025-01-23 01:00:00,-4.4,37,95,5.4,0.0,0.0,0.0
2025-01-23 02:00:00,-4.0,100,95,5.7,0.0,0.0,0.0
2025-01-23 03:00:00,-2.1,100,95,6.1,0.0,0.0,0.0
2025-01-23 04:00:00,-1.2,54,94,7.0,0.0,0.0,0.0
2025-01-23 05:00:00,-1.6,74,94,8.3,0.0,0.0,0.0
2025-01-23 06:00:00,-1.0,100,92,9.7,0.0,0.0,0.0
2025-01-23 07:00:00,0.0,100,89,10.1,0.0,0.0,0.0
2025-01-23 08:00:00,0.2,100,90,9.9,0.0,0.0,0.0
2025-01-23 09:00:00,0.1,100,91,9.7,0.0,0.0,19.8
2025-01-23 10:00:00,0.4,97,90,8.1,0.0,0.0,76.4
2025-01-23 11:00:00,1.8,100,84,11.4,0.0,0.0,158.6
2025-01-23 12:00:00,3.3,100,78,11.6,0.0,0.0,252.6
2025-01-23 13:00:00,3.7,99,76,10.6,0.0,0.0,267.2
2025-01-23 14:00:00,4.2,98,76,9.4,0.0,0.0,257.1
2025-01-23 15:00:00,4.9,100,69,11.9,0.0,0.0,226.2
2025-01-23 16:00:00,4.1,100,74,12.2,0.0,0.0,87.5
2025-01-23 17:00:00,2.8,100,85,19.7,0.2,0.0,9.2
2025-01-23 18:00:00,1.8,100,93,19.7,0.6,0.0,0.0
2025-01-23 19:00:00,1.0,100,98,17.8,0.4,0.0,0.0
2025-01-23 20:00:00,1.2,100,95,17.3,0.1,0.0,0.0
2025-01-23 21:00:00,1.2,100,94,16.6,0.0,0.0,0.0
2025-01-23 22:00:00,1.1,100,94,13.1,0.0,0.0,0.0
2025-01-23 23:00:00,1.0,79,94,11.6,0.0,0.0,0.0
2025-01-24 00:00:00,-0.1,71,95,10.2,0.0,0.0,0.0
2025-01-24 01:00:00,-0.8,88,95,9.5,0.0,0.0,0.0
2025-01-24 02:00:00,-0.8,100,95,8.8,0.0,0.0,0.0
2025-01-24 03:00:00,0.4,100,94,7.7,0.0,0.0,0.0
2025-01-24 04:00:00,0.5,100,94,8.2,0.0,0.0,0.0
2025-01-24 05:00:00,0.5,100,95,7.7,0.0,0.0,0.0
2025-01-24 06:00:00,0.4,100,95,6.8,0.0,0.0,0.0
2025-01-24 07:00:00,0.4,100,94,7.8,0.0,0.0,0.0
2025-01-24 08:00:00,0.0,100,94,10.1,0.0,0.0,0.0
2025-01-24 09:00:00,0.0,100,94,10.4,0.0,0.0,18.9
2025-01-24 10:00:00,1.0,100,90,11.4,0.0,0.0,89.2
2025-01-24 11:00:00,1.7,100,89,8.7,0.0,0.0,175.0
2025-01-24 12:00:00,2.5,36,84,9.2,0.0,0.0,203.7
2025-01-24 13:00:00,3.9,21,76,8.9,0.0,0.0,305.8
2025-01-24 14:00:00,4.9,0,71,8.9,0.0,0.0,301.3
2025-01-24 15:00:00,4.7,2,73,10.3,0.0,0.0,210.7
2025-01-24 16:00:00,4.2,2,75,9.4,0.0,0.0,140.1
2025-01-24 17:00:00,2.8,19,82,10.3,0.0,0.0,29.5
2025-01-24 18:00:00,1.9,24,85,12.0,0.0,0.0,0.0
2025-01-24 19:00:00,1.7,100,86,12.3,0.0,0.0,0.0
2025-01-24 20:00:00,1.1,9,87,11.8,0.0,0.0,0.0
2025-01-24 21:00:00,0.8,66,87,12.7,0.0,0.0,0.0
2025-01-24 22:00:00,0.9,93,88,12.9,0.0,0.0,0.0
2025-01-24 23:00:00,0.8,100,88,11.9,0.0,0.0,0.0
2025-01-25 00:00:00,1.8,100,84,11.7,0.0,0.0,0.0
2025-01-25 01:00:00,2.7,100,81,13.1,0.0,0.0,0.0
2025-01-25 02:00:00,3.3,98,81,13.2,0.0,0.0,0.0
2025-01-25 03:00:00,3.7,100,81,15.1,0.0,0.0,0.0
2025-01-25 04:00:00,3.4,100,82,14.0,0.0,0.0,0.0
2025-01-25 05:00:00,4.0,100,79,15.7,0.0,0.0,0.0
2025-01-25 06:00:00,3.9,100,80,15.1,0.0,0.0,0.0
2025-01-25 07:00:00,3.6,100,83,12.4,0.0,0.0,0.0
2025-01-25 08:00:00,3.6,100,83,13.0,0.0,0.0,0.0
2025-01-25 09:00:00,3.8,91,82,13.1,0.0,0.0,18.0
2025-01-25 10:00:00,4.3,100,81,13.5,0.0,0.0,115.0
2025-01-25 11:00:00,5.0,100,80,12.4,0.0,0.0,103.4
2025-01-25 12:00:00,6.8,100,74,10.4,0.0,0.0,245.8
2025-01-25 13:00:00,8.0,79,70,9.4,0.0,0.0,318.0
2025-01-25 14:00:00,8.6,96,68,10.5,0.0,0.0,293.8
2025-01-25 15:00:00,8.9,94,70,9.0,0.0,0.0,239.5
2025-01-25 16:00:00,7.6,98,76,9.7,0.0,0.0,117.0
2025-01-25 17:00:00,5.9,84,83,9.8,0.0,0.0,22.4
2025-01-25 18:00:00,4.6,100,89,11.3,0.0,0.0,0.0
2025-01-25 19:00:00,4.6,100,87,11.4,0.0,0.0,0.0
2025-01-25 20:00:00,4.9,100,82,12.5,0.0,0.0,0.0
2025-01-25 21:00:00,4.9,100,83,12.3,0.0,0.0,0.0
2025-01-25 22:00:00,4.5,100,85,11.9,0.0,0.0,0.0
2025-01-25 23:00:00,4.6,95,87,11.4,0.0,0.0,0.0
2025-01-26 00:00:00,4.0,98,90,9.9,0.0,0.0,0.0
2025-01-26 01:00:00,3.6,100,90,8.6,0.0,0.0,0.0
2025-01-26 02:00:00,3.6,100,90,6.4,0.0,0.0,0.0
2025-01-26 03:00:00,3.9,100,88,7.3,0.0,0.0,0.0
2025-01-26 04:00:00,3.8,100,88,6.3,0.0,0.0,0.0
2025-01-26 05:00:00,3.7,100,90,5.7,0.0,0.0,0.0
2025-01-26 06:00:00,3.3,100,91,8.0,0.0,0.0,0.0
2025-01-26 07:00:00,3.5,100,90,8.2,0.0,0.0,0.0
2025-01-26 08:00:00,3.4,100,91,8.8,0.0,0.0,0.0
2025-01-26 09:00:00,3.4,100,90,8.7,0.0,0.0,8.6
2025-01-26 10:00:00,4.3,100,87,9.2,0.0,0.0,54.2
2025-01-26 11:00:00,6.3,100,83,9.8,0.0,0.0,103.2
2025-01-26 12:00:00,7.2,100,82,13.3,0.0,0.0,99.6
2025-01-26 13:00:00,7.4,100,83,19.7,0.1,0.0,82.3
2025-01-26 14:00:00,7.2,34,82,19.8,0.0,0.0,80.5
2025-01-26 15:00:00,8.3,31,76,19.5,0.0,0.0,171.5
2025-01-26 16:00:00,8.2,69,76,15.9,0.0,0.0,131.6
2025-01-26 17:00:00,7.2,15,82,14.3,0.0,0.0,32.2
2025-01-26 18:00:00,6.5,80,84,13.9,0.0,0.0,0.0
2025-01-26 19:00:00,6.5,100,85,13.7,0.0,0.0,0.0
2025-01-26 20:00:00,6.4,100,86,14.0,0.0,0.0,0.0
2025-01-26 21:00:00,5.9,100,87,13.8,0.1,0.0,0.0
2025-01-26 22:00:00,5.7,14,87,13.2,0.0,0.0,0.0
2025-01-26 23:00:00,4.7,38,91,12.0,0.0,0.0,0.0
2025-01-27 00:00:00,4.2,27,93,10.7,0.0,0.0,0.0
2025-01-27 01:00:00,3.7,35,94,10.8,0.0,0.0,0.0
2025-01-27 02:00:00,3.3,23,93,9.2,0.0,0.0,0.0
2025-01-27 03:00:00,3.6,22,89,8.7,0.0,0.0,0.0
2025-01-27 04:00:00,3.5,64,87,10.5,0.0,0.0,0.0
2025-01-27 05:00:00,3.4,39,88,9.6,0.0,0.0,0.0
2025-01-27 06:00:00,2.4,95,88,1.9,0.0,0.0,0.0
2025-01-27 07:00:00,2.9,100,93,10.3,0.0,0.0,0.0
2025-01-27 08:00:00,2.9,53,94,10.7,0.0,0.0,0.0
2025-01-27 09:00:00,3.0,87,94,11.0,0.0,0.0,32.9
2025-01-27 10:00:00,4.8,79,93,13.2,0.0,0.0,123.5
2025-01-27 11:00:00,7.0,88,87,13.9,0.0,0.0,208.3
2025-01-27 12:00:00,8.7,87,78,15.3,0.0,0.0,271.5
2025-01-27 13:00:00,8.9,69,75,14.7,0.0,0.0,287.6
2025-01-27 14:00:00,9.1,89,72,14.5,0.0,0.0,272.2
2025-01-27 15:00:00,10.5,53,69,13.5,0.0,0.0,216.3
2025-01-27 16:00:00,9.8,72,70,13.1,0.0,0.0,135.4
2025-01-27 17:00:00,8.6,82,74,13.0,0.0,0.0,32.7
2025-01-27 18:00:00,7.0,89,80,11.4,0.0,0.0,0.0
2025-01-27 19:00:00,6.5,78,81,10.7,0.0,0.0,0.0
2025-01-27 20:00:00,5.8,89,83,10.2,0.0,0.0,0.0
2025-01-27 21:00:00,5.5,92,85,10.1,0.0,0.0,0.0
2025-01-27 22:00:00,5.2,89,86,9.3,0.0,0.0,0.0
2025-01-27 23:00:00,4.6,78,87,6.8,0.0,0.0,0.0
2025-01-28 00:00:00,3.5,89,89,5.7,0.0,0.0,0.0
2025-01-28 01:00:00,3.7,45,87,6.2,0.0,0.0,0.0
2025-01-28 02:00:00,4.6,73,86,6.9,0.0,0.0,0.0
2025-01-28 03:00:00,4.9,100,84,5.5,0.0,0.0,0.0
2025-01-28 04:00:00,4.0,100,85,4.5,0.0,0.0,0.0
2025-01-28 05:00:00,4.4,98,85,6.6,0.0,0.0,0.0
2025-01-28 06:00:00,4.5,99,88,8.9,0.0,0.0,0.0
2025-01-28 07:00:00,4.1,100,88,9.3,0.0,0.0,0.0
2025-01-28 08:00:00,3.9,100,89,10.3,0.0,0.0,0.0
2025-01-28 09:00:00,3.5,100,91,11.8,0.0,0.0,23.6
2025-01-28 10:00:00,4.8,11,87,11.0,0.0,0.0,109.7
2025-01-28 11:00:00,7.2,70,82,11.1,0.0,0.0,241.0
2025-01-28 12:00:00,9.3,100,74,9.0,0.0,0.0,307.0
2025-01-28 13:00:00,10.6,100,72,14.1,0.1,0.0,174.8
2025-01-28 14:00:00,9.4,100,81,15.5,0.7,0.0,72.9
2025-01-28 15:00:00,11.2,98,69,13.0,0.0,0.0,124.8
2025-01-28 16:00:00,11.8,43,69,10.3,0.0,0.0,113.4
2025-01-28 17:00:00,10.6,49,74,7.8,0.0,0.0,31.7
2025-01-28 18:00:00,8.9,32,80,9.2,0.0,0.0,0.0
2025-01-28 19:00:00,8.3,57,82,11.3,0.0,0.0,0.0
2025-01-28 20:00:00,8.8,66,80,13.9,0.0,0.0,0.0
2025-01-28 21:00:00,9.1,93,79,14.4,0.0,0.0,0.0
2025-01-28 22:00:00,8.6,99,87,14.5,2.1,0.0,0.0
2025-01-28 23:00:00,9.0,100,85,13.1,0.0,0.0,0.0
2025-01-29 00:00:00,9.0,100,85,14.3,0.0,0.0,0.0
2025-01-29 01:00:00,8.3,100,88,14.3,0.0,0.0,0.0
2025-01-29 02:00:00,7.4,100,88,13.8,0.0,0.0,0.0
2025-01-29 03:00:00,7.7,100,86,13.5,0.1,0.0,0.0
2025-01-29 04:00:00,6.8,100,85,13.3,0.0,0.0,0.0
2025-01-29 05:00:00,6.1,48,82,13.0,0.0,0.0,0.0
2025-01-29 06:00:00,5.3,17,83,11.0,0.0,0.0,0.0
2025-01-29 07:00:00,4.4,36,88,11.4,0.0,0.0,0.0
2025-01-29 08:00:00,4.1,31,92,12.3,0.0,0.0,0.0
2025-01-29 09:00:00,3.9,30,91,13.1,0.0,0.0,37.6
2025-01-29 10:00:00,4.8,0,85,10.8,0.0,0.0,141.8
2025-01-29 11:00:00,6.2,0,77,12.3,0.0,0.0,252.3
2025-01-29 12:00:00,7.8,21,67,17.6,0.0,0.0,326.2
2025-01-29 13:00:00,8.3,25,65,20.4,0.0,0.0,326.2
2025-01-29 14:00:00,8.7,30,64,20.6,0.0,0.0,312.8
2025-01-29 15:00:00,9.5,94,60,21.5,0.0,0.0,244.7
2025-01-29 16:00:00,9.1,18,65,20.2,0.0,0.0,141.4
2025-01-29 17:00:00,8.3,29,67,17.6,0.0,0.0,40.2
2025-01-29 18:00:00,7.7,45,69,16.1,0.0,0.0,0.0
2025-01-29 19:00:00,7.4,8,69,14.5,0.0,0.0,0.0
2025-01-29 20:00:00,6.9,2,73,14.7,0.0,0.0,0.0
2025-01-29 21:00:00,6.4,1,76,14.8,0.0,0.0,0.0
2025-01-29 22:00:00,6.1,1,76,15.7,0.0,0.0,0.0
2025-01-29 23:00:00,5.7,0,76,15.0,0.0,0.0,0.0
2025-01-30 00:00:00,5.2,0,77,13.9,0.0,0.0,0.0
2025-01-30 01:00:00,4.7,0,77,12.6,0.0,0.0,0.0
2025-01-30 02:00:00,4.1,0,80,11.1,0.0,0.0,0.0
2025-01-30 03:00:00,4.4,0,78,9.3,0.0,0.0,0.0
2025-01-30 04:00:00,3.7,98,81,7.4,0.0,0.0,0.0
2025-01-30 05:00:00,3.5,0,84,6.3,0.0,0.0,0.0
2025-01-30 06:00:00,3.3,0,85,6.3,0.0,0.0,0.0
2025-01-30 07:00:00,3.2,0,87,7.6,0.0,0.0,0.0
2025-01-30 08:00:00,3.1,0,87,8.3,0.0,0.0,0.0
2025-01-30 09:00:00,3.3,0,87,9.8,0.0,0.0,43.2
2025-01-30 10:00:00,4.6,0,83,8.2,0.0,0.0,150.7
2025-01-30 11:00:00,6.6,45,79,6.4,0.0,0.0,260.1
2025-01-30 12:00:00,8.5,1,71,4.8,0.0,0.0,330.3
2025-01-30 13:00:00,10.2,15,63,5.6,0.0,0.0,360.7
2025-01-30 14:00:00,11.2,15,58,6.0,0.0,0.0,338.9
2025-01-30 15:00:00,11.6,75,58,7.6,0.0,0.0,271.1
2025-01-30 16:00:00,11.1,77,63,6.1,0.0,0.0,167.4
2025-01-30 17:00:00,9.3,28,70,8.1,0.0,0.0,49.1
2025-01-30 18:00:00,7.5,60,75,9.4,0.0,0.0,0.0
2025-01-30 19:00:00,7.0,87,74,10.6,0.0,0.0,0.0
2025-01-30 20:00:00,7.1,78,71,11.0,0.0,0.0,0.0
2025-01-30 21:00:00,6.6,20,72,10.3,0.0,0.0,0.0
2025-01-30 22:00:00,5.8,0,75,9.7,0.0,0.0,0.0
2025-01-30 23:00:00,5.0,57,78,10.3,0.0,0.0,0.0
2025-01-31 00:00:00,4.5,0,79,11.0,0.0,0.0,0.0
2025-01-31 01:00:00,4.1,0,79,10.4,0.0,0.0,0.0
2025-01-31 02:00:00,3.6,9,80,8.3,0.0,0.0,0.0
2025-01-31 03:00:00,3.4,16,78,8.7,0.0,0.0,0.0
2025-01-31 04:00:00,3.6,31,78,9.4,0.0,0.0,0.0
2025-01-31 05:00:00,3.5,33,78,10.0,0.0,0.0,0.0
2025-01-31 06:00:00,3.2,6,80,9.1,0.0,0.0,0.0
2025-01-31 07:00:00,2.9,80,83,10.6,0.0,0.0,0.0
2025-01-31 08:00:00,3.3,100,86,13.5,0.0,0.0,0.0
2025-01-31 09:00:00,3.9,5,87,15.3,0.0,0.0,37.9
2025-01-31 10:00:00,4.5,100,86,13.2,0.0,0.0,152.5
2025-01-31 11:00:00,5.0,100,84,11.5,0.0,0.0,170.3
2025-01-31 12:00:00,5.3,100,82,18.8,0.1,0.0,194.2
2025-01-31 13:00:00,3.9,100,88,18.0,0.1,0.0,62.0
2025-01-31 14:00:00,3.7,100,84,16.4,0.0,0.0,45.2
2025-01-31 15:00:00,3.7,77,81,15.7,0.0,0.0,58.2
2025-01-31 16:00:00,3.8,68,80,15.5,0.0,0.0,118.2
2025-01-31 17:00:00,3.2,45,85,13.5,0.0,0.0,34.9
2025-01-31 18:00:00,2.5,89,85,9.8,0.0,0.0,0.0
2025-01-31 19:00:00,2.3,81,83,10.1,0.0,0.0,0.0
2025-01-31 20:00:00,1.7,2,80,9.9,0.0,0.0,0.0
2025-01-31 21:00:00,1.0,0,79,10.5,0.0,0.0,0.0
2025-01-31 22:00:00,0.2,0,80,10.1,0.0,0.0,0.0
2025-01-31 23:00:00,-0.5,1,83,10.2,0.0,0.0,0.0
2025-02-01 00:00:00,-0.7,0,82,10.1,0.0,0.0,0.0
2025-02-01 01:00:00,-0.9,11,81,9.5,0.0,0.0,0.0
2025-02-01 02:00:00,-1.0,8,80,10.3,0.0,0.0,0.0
2025-02-01 03:00:00,-0.5,100,79,9.8,0.0,0.0,0.0
2025-02-01 04:00:00,0.3,91,78,9.6,0.0,0.0,0.0
2025-02-01 05:00:00,0.1,93,80,9.5,0.0,0.0,0.0
2025-02-01 06:00:00,-0.4,100,82,9.9,0.0,0.0,0.0
2025-02-01 07:00:00,-0.2,94,83,9.5,0.0,0.0,0.0
2025-02-01 08:00:00,0.2,66,83,8.3,0.0,0.0,0.0
2025-02-01 09:00:00,-0.2,100,85,8.6,0.0,0.0,39.6
2025-02-01 10:00:00,0.9,100,81,9.6,0.0,0.0,64.5
2025-02-01 11:00:00,1.2,90,82,7.1,0.0,0.0,90.2
2025-02-01 12:00:00,2.2,73,81,7.1,0.0,0.0,169.2
2025-02-01 13:00:00,3.0,100,77,7.0,0.0,0.0,224.6
2025-02-01 14:00:00,2.6,100,81,8.1,0.0,0.0,105.7
2025-02-01 15:00:00,2.4,99,83,9.0,0.2,0.07,70.9
2025-02-01 16:00:00,2.3,66,84,9.3,0.1,0.0,51.8
2025-02-01 17:00:00,2.0,100,85,5.8,0.0,0.0,33.8
2025-02-01 18:00:00,1.9,100,85,5.6,0.0,0.0,0.0
2025-02-01 19:00:00,1.6,63,86,5.3,0.0,0.0,0.0
2025-02-01 20:00:00,1.2,69,87,5.5,0.0,0.0,0.0
2025-02-01 21:00:00,0.6,99,89,5.8,0.0,0.0,0.0
2025-02-01 22:00:00,0.1,100,89,4.8,0.0,0.0,0.0
2025-02-01 23:00:00,-0.4,100,88,4.2,0.0,0.0,0.0
2025-02-02 00:00:00,-0.7,100,88,3.0,0.0,0.0,0.0
2025-02-02 01:00:00,-0.8,100,90,3.8,0.0,0.0,0.0
2025-02-02 02:00:00,-0.8,75,90,3.6,0.0,0.0,0.0
2025-02-02 03:00:00,0.1,100,88,2.0,0.0,0.0,0.0
2025-02-02 04:00:00,0.3,100,89,2.3,0.0,0.0,0.0
2025-02-02 05:00:00,0.2,100,91,0.7,0.0,0.0,0.0
2025-02-02 06:00:00,0.1,100,92,1.4,0.0,0.0,0.0
2025-02-02 07:00:00,0.0,100,94,1.2,0.0,0.0,0.0
2025-02-02 08:00:00,0.2,100,91,1.5,0.1,0.07,0.0
2025-02-02 09:00:00,0.3,100,92,3.3,0.0,0.0,15.8
2025-02-02 10:00:00,0.7,98,85,3.1,0.0,0.0,39.0
2025-02-02 11:00:00,1.1,92,80,3.5,0.0,0.0,97.1
2025-02-02 12:00:00,1.9,100,66,6.2,0.0,0.0,209.0
2025-02-02 13:00:00,1.9,100,64,5.6,0.0,0.0,154.4
2025-02-02 14:00:00,2.1,100,64,5.4,0.0,0.0,137.5
2025-02-02 15:00:00,1.9,100,66,4.6,0.0,0.0,107.0
2025-02-02 16:00:00,1.9,100,66,4.9,0.0,0.0,50.4
2025-02-02 17:00:00,1.7,100,71,4.2,0.0,0.0,15.4
2025-02-02 18:00:00,1.2,100,76,5.1,0.0,0.0,0.0
2025-02-02 19:00:00,0.9,90,78,5.8,0.0,0.0,0.0
2025-02-02 20:00:00,0.3,95,82,6.9,0.0,0.0,0.0
2025-02-02 21:00:00,0.0,61,86,6.1,0.0,0.0,0.0
2025-02-02 22:00:00,-0.6,97,89,3.9,0.0,0.0,0.0
2025-02-02 23:00:00,-0.8,100,90,4.1,0.0,0.0,0.0
2025-02-03 00:00:00,-0.3,98,89,5.4,0.0,0.0,0.0
2025-02-03 01:00:00,-0.6,90,91,5.3,0.0,0.0,0.0
2025-02-03 02:00:00,-0.8,100,92,5.0,0.0,0.0,0.0
2025-02-03 03:00:00,-0.5,100,89,6.2,0.0,0.0,0.0
2025-02-03 04:00:00,-0.5,100,89,7.0,0.0,0.0,0.0
2025-02-03 05:00:00,-0.4,95,88,7.2,0.0,0.0,0.0
2025-02-03 06:00:00,-0.7,25,89,7.0,0.0,0.0,0.0
2025-02-03 07:00:00,-1.4,100,90,5.8,0.0,0.0,0.0
2025-02-03 08:00:00,-0.5,100,89,5.8,0.1,0.07,0.0
2025-02-03 09:00:00,0.0,100,90,5.6,0.0,0.0,21.3
2025-02-03 10:00:00,0.4,100,90,6.0,0.0,0.0,77.4
2025-02-03 11:00:00,1.0,96,82,8.1,0.0,0.0,182.1
2025-02-03 12:00:00,1.6,89,73,9.0,0.0,0.0,203.4
2025-02-03 13:00:00,2.1,98,67,8.9,0.0,0.0,257.0
2025-02-03 14:00:00,2.3,100,66,8.2,0.0,0.0,207.8
2025-02-03 15:00:00,1.1,100,76,7.4,0.0,0.0,126.9
2025-02-03 16:00:00,1.1,93,74,6.9,0.0,0.0,69.9
2025-02-03 17:00:00,0.8,74,75,4.4,0.0,0.0,36.0
2025-02-03 18:00:00,-0.4,98,83,4.2,0.0,0.0,0.0
2025-02-03 19:00:00,-0.5,79,84,3.4,0.0,0.0,0.0
2025-02-03 20:00:00,-0.8,96,86,3.2,0.0,0.0,0.0
2025-02-03 21:00:00,-0.7,100,87,3.2,0.0,0.0,0.0
2025-02-03 22:00:00,-0.4,100,86,2.8,0.0,0.0,0.0
2025-02-03 23:00:00,-0.5,100,88,1.2,0.0,0.0,0.0
2025-02-04 00:00:00,-0.4,100,88,1.0,0.0,0.0,0.0
2025-02-04 01:00:00,-0.6,100,90,0.8,0.0,0.0,0.0
2025-02-04 02:00:00,-0.8,68,90,3.3,0.0,0.0,0.0
2025-02-04 03:00:00,-3.0,58,92,3.9,0.0,0.0,0.0
2025-02-04 04:00:00,-3.4,66,91,3.4,0.0,0.0,0.0
2025-02-04 05:00:00,-3.5,84,91,2.7,0.0,0.0,0.0
2025-02-04 06:00:00,-3.3,38,91,4.5,0.0,0.0,0.0
2025-02-04 07:00:00,-3.5,7,90,4.3,0.0,0.0,0.0
2025-02-04 08:00:00,-3.7,0,89,0.8,0.0,0.0,0.0
2025-02-04 09:00:00,-3.1,0,89,2.5,0.0,0.0,55.5
2025-02-04 10:00:00,-1.3,3,81,2.8,0.0,0.0,171.6
2025-02-04 11:00:00,1.1,0,65,3.1,0.0,0.0,286.5
2025-02-04 12:00:00,2.7,0,52,3.6,0.0,0.0,361.4
2025-02-04 13:00:00,3.6,0,46,4.1,0.0,0.0,389.1
2025-02-04 14:00:00,3.9,0,47,5.0,0.0,0.0,366.8
2025-02-04 15:00:00,4.1,0,45,4.8,0.0,0.0,297.5
2025-02-04 16:00:00,3.8,0,47,3.9,0.0,0.0,192.8
2025-02-04 17:00:00,2.0,0,60,1.3,0.0,0.0,68.5
2025-02-04 18:00:00,-0.1,0,63,4.4,0.0,0.0,0.0
2025-02-04 19:00:00,-0.7,0,63,4.8,0.0,0.0,0.0
2025-02-04 20:00:00,-0.8,0,63,4.9,0.0,0.0,0.0
2025-02-04 21:00:00,-0.4,0,62,8.1,0.0,0.0,0.0
2025-02-04 22:00:00,-0.7,30,63,7.2,0.0,0.0,0.0
2025-02-04 23:00:00,-1.2,97,67,6.8,0.0,0.0,0.0
2025-02-05 00:00:00,-1.7,93,71,4.5,0.0,0.0,0.0
2025-02-05 01:00:00,-0.6,100,63,8.4,0.0,0.0,0.0
2025-02-05 02:00:00,0.0,97,57,10.7,0.0,0.0,0.0
2025-02-05 03:00:00,-0.8,0,69,10.1,0.0,0.0,0.0
2025-02-05 04:00:00,-1.1,3,70,9.6,0.0,0.0,0.0
2025-02-05 05:00:00,-1.3,0,70,9.2,0.0,0.0,0.0
2025-02-05 06:00:00,-1.4,0,71,9.5,0.0,0.0,0.0
2025-02-05 07:00:00,-1.6,1,73,9.6,0.0,0.0,0.0
2025-02-05 08:00:00,-1.9,2,75,9.1,0.0,0.0,0.0
2025-02-05 09:00:00,-1.6,0,74,8.7,0.0,0.0,61.7
2025-02-05 10:00:00,-0.3,30,66,6.0,0.0,0.0,184.2
2025-02-05 11:00:00,1.5,37,58,5.3,0.0,0.0,292.9
2025-02-05 12:00:00,3.1,20,54,6.5,0.0,0.0,371.8
2025-02-05 13:00:00,4.2,48,54,6.1,0.0,0.0,403.3
2025-02-05 14:00:00,4.9,22,53,5.8,0.0,0.0,380.5
2025-02-05 15:00:00,5.0,8,48,7.0,0.0,0.0,311.4
2025-02-05 16:00:00,4.7,12,48,8.6,0.0,0.0,204.9
2025-02-05 17:00:00,2.8,0,58,6.8,0.0,0.0,75.2
2025-02-05 18:00:00,1.2,0,63,9.8,0.0,0.0,0.0
2025-02-05 19:00:00,0.4,6,66,9.5,0.0,0.0,0.0
2025-02-05 20:00:00,-0.3,88,73,9.4,0.0,0.0,0.0
2025-02-05 21:00:00,0.4,100,76,10.2,0.0,0.0,0.0
2025-02-05 22:00:00,0.9,100,82,9.3,0.0,0.0,0.0
2025-02-05 23:00:00,0.8,100,87,8.2,0.0,0.0,0.0
2025-02-06 00:00:00,0.6,100,91,8.2,0.0,0.0,0.0
2025-02-06 01:00:00,0.4,100,93,8.4,0.0,0.0,0.0
2025-02-06 02:00:00,0.1,100,96,8.5,0.1,0.0,0.0
2025-02-06 03:00:00,0.7,100,95,9.6,0.1,0.0,0.0
2025-02-06 04:00:00,0.7,100,96,9.4,0.1,0.0,0.0
2025-02-06 05:00:00,0.7,100,96,8.1,0.0,0.0,0.0
2025-02-06 06:00:00,0.8,100,95,7.1,0.0,0.0,0.0
2025-02-06 07:00:00,0.7,100,96,7.4,0.1,0.0,0.0
2025-02-06 08:00:00,0.7,100,97,4.8,0.0,0.0,0.0
2025-02-06 09:00:00,0.7,100,97,6.3,0.0,0.0,13.5
2025-02-06 10:00:00,1.0,100,95,7.7,0.0,0.0,37.9
2025-02-06 11:00:00,1.4,100,94,5.9,0.1,0.0,54.5
2025-02-06 12:00:00,1.8,100,92,6.4,0.0,0.0,67.7
2025-02-06 13:00:00,2.5,100,87,6.8,0.0,0.0,115.8
2025-02-06 14:00:00,3.1,100,80,5.4,0.0,0.0,137.8
2025-02-06 15:00:00,2.9,100,79,6.3,0.0,0.0,82.3
2025-02-06 16:00:00,2.6,100,84,6.0,0.0,0.0,39.0
2025-02-06 17:00:00,2.2,100,89,5.7,0.0,0.0,16.2
2025-02-06 18:00:00,1.7,100,92,7.0,0.0,0.0,0.0
2025-02-06 19:00:00,1.5,100,94,8.0,0.0,0.0,0.0
2025-02-06 20:00:00,1.4,100,95,9.0,0.0,0.0,0.0
2025-02-06 21:00:00,1.3,100,95,9.1,0.0,0.0,0.0
2025-02-06 22:00:00,1.2,100,96,9.2,0.0,0.0,0.0
2025-02-06 23:00:00,1.0,100,95,8.8,0.0,0.0,0.0
2025-02-07 00:00:00,0.6,100,96,8.7,0.0,0.0,0.0
2025-02-07 01:00:00,0.8,100,95,8.1,0.0,0.0,0.0
2025-02-07 02:00:00,0.7,100,96,7.2,0.0,0.0,0.0
2025-02-07 03:00:00,0.2,100,98,7.9,0.0,0.0,0.0
2025-02-07 04:00:00,-0.3,100,98,8.4,0.0,0.0,0.0
2025-02-07 05:00:00,0.2,100,98,8.4,0.0,0.0,0.0
2025-02-07 06:00:00,0.3,100,98,8.1,0.0,0.0,0.0
2025-02-07 07:00:00,0.2,96,97,7.3,0.0,0.0,0.0
2025-02-07 08:00:00,0.0,100,97,8.3,0.0,0.0,0.0
2025-02-07 09:00:00,0.1,100,94,10.7,0.0,0.0,33.8
2025-02-07 10:00:00,0.3,100,84,14.5,0.0,0.0,60.6
2025-02-07 11:00:00,0.8,100,75,15.7,0.0,0.0,120.4
2025-02-07 12:00:00,1.2,100,68,14.8,0.0,0.0,170.6
2025-02-07 13:00:00,1.7,100,61,13.7,0.0,0.0,246.8
2025-02-07 14:00:00,1.9,100,60,13.8,0.0,0.0,308.5
2025-02-07 15:00:00,1.1,100,69,14.5,0.0,0.0,180.1
2025-02-07 16:00:00,1.3,100,68,13.6,0.0,0.0,116.7
2025-02-07 17:00:00,1.2,100,69,13.7,0.0,0.0,48.8
2025-02-07 18:00:00,1.0,100,72,14.3,0.0,0.0,0.0
2025-02-07 19:00:00,0.9,100,71,16.4,0.0,0.0,0.0
2025-02-07 20:00:00,0.4,100,70,16.2,0.0,0.0,0.0
2025-02-07 21:00:00,0.3,100,70,15.9,0.0,0.0,0.0
2025-02-07 22:00:00,0.0,100,70,14.8,0.0,0.0,0.0
2025-02-07 23:00:00,-0.4,100,71,13.9,0.0,0.0,0.0
2025-02-08 00:00:00,-0.7,100,73,12.9,0.0,0.0,0.0
2025-02-08 01:00:00,-0.9,100,75,12.4,0.0,0.0,0.0
2025-02-08 02:00:00,-1.1,100,76,12.0,0.0,0.0,0.0
2025-02-08 03:00:00,-1.1,100,78,11.7,0.0,0.0,0.0
2025-02-08 04:00:00,-1.1,100,78,11.3,0.0,0.0,0.0
2025-02-08 05:00:00,-1.2,100,79,10.9,0.0,0.0,0.0
2025-02-08 06:00:00,-1.2,100,79,10.5,0.0,0.0,0.0
2025-02-08 07:00:00,-1.3,100,79,10.7,0.0,0.0,0.0
2025-02-08 08:00:00,-1.5,100,79,10.7,0.0,0.0,0.0
2025-02-08 09:00:00,-1.3,100,77,11.8,0.0,0.0,52.6
2025-02-08 10:00:00,0.0,100,71,10.0,0.0,0.0,143.2
2025-02-08 11:00:00,1.8,100,63,9.5,0.0,0.0,241.5
2025-02-08 12:00:00,3.2,100,59,9.8,0.0,0.0,259.5
2025-02-08 13:00:00,4.2,100,56,9.0,0.0,0.0,286.3
2025-02-08 14:00:00,4.8,84,55,9.0,0.0,0.0,266.2
2025-02-08 15:00:00,5.2,43,51,10.4,0.0,0.0,265.6
2025-02-08 16:00:00,5.0,70,52,11.5,0.0,0.0,191.6
2025-02-08 17:00:00,3.6,26,56,12.3,0.0,0.0,81.8
2025-02-08 18:00:00,1.8,50,61,13.1,0.0,0.0,0.0
2025-02-08 19:00:00,1.2,53,60,13.0,0.0,0.0,0.0
2025-02-08 20:00:00,0.9,48,60,11.9,0.0,0.0,0.0
2025-02-08 21:00:00,0.7,67,61,10.0,0.0,0.0,0.0
2025-02-08 22:00:00,0.2,93,63,9.4,0.0,0.0,0.0
2025-02-08 23:00:00,0.1,87,64,9.6,0.0,0.0,0.0
2025-02-09 00:00:00,-0.5,18,65,9.1,0.0,0.0,0.0
2025-02-09 01:00:00,-1.3,13,69,7.4,0.0,0.0,0.0
2025-02-09 02:00:00,-1.6,29,70,7.5,0.0,0.0,0.0
2025-02-09 03:00:00,-1.7,20,79,7.1,0.0,0.0,0.0
2025-02-09 04:00:00,-1.9,19,80,7.6,0.0,0.0,0.0
2025-02-09 05:00:00,-2.1,28,79,7.8,0.0,0.0,0.0
2025-02-09 06:00:00,-2.2,21,78,8.0,0.0,0.0,0.0
2025-02-09 07:00:00,-2.5,26,78,7.2,0.0,0.0,0.0
2025-02-09 08:00:00,-2.6,40,77,6.2,0.0,0.0,0.0
2025-02-09 09:00:00,-2.0,47,73,6.2,0.0,0.0,57.9
2025-02-09 10:00:00,-0.5,71,66,4.8,0.0,0.0,150.3
2025-02-09 11:00:00,0.8,78,63,3.9,0.0,0.0,191.4
2025-02-09 12:00:00,3.0,25,58,3.5,0.0,0.0,313.9
2025-02-09 13:00:00,5.0,1,56,3.1,0.0,0.0,407.1
2025-02-09 14:00:00,6.3,3,54,2.2,0.0,0.0,395.6
2025-02-09 15:00:00,5.5,93,48,3.5,0.0,0.0,259.6
2025-02-09 16:00:00,5.3,90,48,4.9,0.0,0.0,151.2
2025-02-09 17:00:00,4.1,91,51,4.5,0.0,0.0,57.3
2025-02-09 18:00:00,3.2,100,53,6.8,0.0,0.0,0.0
2025-02-09 19:00:00,2.3,100,54,8.1,0.0,0.0,0.0
2025-02-09 20:00:00,1.4,100,56,6.5,0.0,0.0,0.0
2025-02-09 21:00:00,0.7,100,58,7.6,0.0,0.0,0.0
2025-02-09 22:00:00,0.3,100,61,7.2,0.0,0.0,0.0
2025-02-09 23:00:00,-0.2,100,64,6.8,0.0,0.0,0.0
2025-02-10 00:00:00,-0.6,100,66,6.9,0.0,0.0,0.0
2025-02-10 01:00:00,-1.1,99,67,7.4,0.0,0.0,0.0
2025-02-10 02:00:00,-1.4,90,67,6.9,0.0,0.0,0.0
2025-02-10 03:00:00,-2.1,41,84,5.1,0.0,0.0,0.0
2025-02-10 04:00:00,-2.6,31,84,6.1,0.0,0.0,0.0
2025-02-10 05:00:00,-2.9,1,83,6.5,0.0,0.0,0.0
2025-02-10 06:00:00,-3.2,0,82,6.2,0.0,0.0,0.0
2025-02-10 07:00:00,-3.5,0,81,6.3,0.0,0.0,0.0
2025-02-10 08:00:00,-3.8,0,80,6.9,0.0,0.0,0.0
2025-02-10 09:00:00,-3.6,0,76,7.0,0.0,0.0,76.9
2025-02-10 10:00:00,-2.4,4,69,7.0,0.0,0.0,203.7
2025-02-10 11:00:00,-0.8,14,63,6.3,0.0,0.0,320.0
2025-02-10 12:00:00,0.9,29,58,6.2,0.0,0.0,399.3
2025-02-10 13:00:00,2.3,12,55,6.6,0.0,0.0,430.4
2025-02-10 14:00:00,3.4,5,52,7.1,0.0,0.0,411.2
2025-02-10 15:00:00,4.1,0,47,8.0,0.0,0.0,341.7
2025-02-10 16:00:00,3.6,0,50,10.2,0.0,0.0,231.7
2025-02-10 17:00:00,2.1,0,57,10.8,0.0,0.0,97.7
2025-02-10 18:00:00,-0.1,0,62,11.9,0.0,0.0,0.0
2025-02-10 19:00:00,-1.4,0,62,12.5,0.0,0.0,0.0
2025-02-10 20:00:00,-2.1,0,61,12.6,0.0,0.0,0.0
2025-02-10 21:00:00,-2.1,0,57,13.0,0.0,0.0,0.0
2025-02-10 22:00:00,-2.0,0,55,13.0,0.0,0.0,0.0
2025-02-10 23:00:00,-2.2,0,56,12.9,0.0,0.0,0.0
2025-02-11 00:00:00,-2.6,0,58,13.1,0.0,0.0,0.0
2025-02-11 01:00:00,-3.0,0,61,13.0,0.0,0.0,0.0
2025-02-11 02:00:00,-3.4,0,64,12.8,0.0,0.0,0.0
2025-02-11 03:00:00,-3.4,0,63,12.6,0.0,0.0,0.0
2025-02-11 04:00:00,-3.7,0,63,12.4,0.0,0.0,0.0
2025-02-11 05:00:00,-3.9,0,64,12.6,0.0,0.0,0.0
2025-02-11 06:00:00,-4.2,0,66,12.5,0.0,0.0,0.0
2025-02-11 07:00:00,-4.5,0,68,12.1,0.0,0.0,0.0
2025-02-11 08:00:00,-4.8,0,69,11.7,0.0,0.0,0.0
2025-02-11 09:00:00,-4.4,0,67,9.7,0.0,0.0,83.3
2025-02-11 10:00:00,-3.2,0,60,11.2,0.0,0.0,218.3
2025-02-11 11:00:00,-1.5,0,52,10.4,0.0,0.0,338.9
2025-02-11 12:00:00,0.3,0,45,9.9,0.0,0.0,418.3
2025-02-11 13:00:00,1.9,0,38,9.2,0.0,0.0,446.6
2025-02-11 14:00:00,2.9,0,37,8.5,0.0,0.0,423.9
2025-02-11 15:00:00,2.6,0,42,9.9,0.0,0.0,348.4
2025-02-11 16:00:00,2.1,0,44,11.7,0.0,0.0,236.6
2025-02-11 17:00:00,0.7,0,50,12.1,0.0,0.0,101.6
2025-02-11 18:00:00,-1.4,0,58,13.0,0.0,0.0,0.0
2025-02-11 19:00:00,-2.7,0,64,13.7,0.0,0.0,0.0
2025-02-11 20:00:00,-3.5,0,67,13.8,0.0,0.0,0.0
2025-02-11 21:00:00,-3.9,0,68,13.6,0.0,0.0,0.0
2025-02-11 22:00:00,-4.1,0,68,13.3,0.0,0.0,0.0
2025-02-11 23:00:00,-4.4,0,68,12.4,0.0,0.0,0.0
2025-02-12 00:00:00,-4.6,0,69,10.9,0.0,0.0,0.0
2025-02-12 01:00:00,-4.8,0,69,9.9,0.0,0.0,0.0
2025-02-12 02:00:00,-5.1,0,70,9.0,0.0,0.0,0.0
2025-02-12 03:00:00,-6.1,0,79,9.5,0.0,0.0,0.0
2025-02-12 04:00:00,-6.3,5,79,9.5,0.0,0.0,0.0
2025-02-12 05:00:00,-6.3,0,79,9.3,0.0,0.0,0.0
2025-02-12 06:00:00,-6.3,17,79,9.0,0.0,0.0,0.0
2025-02-12 07:00:00,-6.1,47,77,9.7,0.0,0.0,0.0
2025-02-12 08:00:00,-6.1,26,77,9.5,0.0,0.0,0.0
2025-02-12 09:00:00,-5.4,30,72,11.2,0.0,0.0,84.9
2025-02-12 10:00:00,-3.0,68,60,7.0,0.0,0.0,204.0
2025-02-12 11:00:00,-0.5,100,49,5.6,0.0,0.0,229.3
2025-02-12 12:00:00,1.6,99,41,5.1,0.0,0.0,221.3
2025-02-12 13:00:00,3.2,98,34,4.0,0.0,0.0,211.1
2025-02-12 14:00:00,4.4,100,29,4.0,0.0,0.0,194.2
2025-02-12 15:00:00,4.0,100,36,3.8,0.0,0.0,181.2
2025-02-12 16:00:00,3.2,100,40,2.2,0.0,0.0,66.4
2025-02-12 17:00:00,2.4,100,39,4.5,0.0,0.0,21.0
2025-02-12 18:00:00,1.9,100,37,5.0,0.0,0.0,0.0
2025-02-12 19:00:00,1.4,100,37,4.3,0.0,0.0,0.0
2025-02-12 20:00:00,1.1,100,38,4.6,0.0,0.0,0.0
2025-02-12 21:00:00,0.6,100,40,3.9,0.0,0.0,0.0
2025-02-12 22:00:00,1.1,100,41,5.4,0.0,0.0,0.0
2025-02-12 23:00:00,1.0,100,42,5.6,0.0,0.0,0.0
2025-02-13 00:00:00,0.9,100,43,5.1,0.0,0.0,0.0
2025-02-13 01:00:00,1.3,100,42,7.4,0.0,0.0,0.0
2025-02-13 02:00:00,1.5,100,43,8.7,0.0,0.0,0.0
2025-02-13 03:00:00,0.3,100,66,4.3,0.1,0.07,0.0
2025-02-13 04:00:00,-0.3,100,75,5.1,0.4,0.28,0.0
2025-02-13 05:00:00,-0.6,100,82,7.1,0.3,0.21,0.0
2025-02-13 06:00:00,-0.3,100,83,6.5,0.1,0.07,0.0
2025-02-13 07:00:00,-0.1,100,83,6.6,0.0,0.0,0.0
2025-02-13 08:00:00,-0.1,100,82,5.5,0.0,0.0,0.0
2025-02-13 09:00:00,0.2,100,80,5.4,0.0,0.0,19.0
2025-02-13 10:00:00,0.5,100,77,5.0,0.0,0.0,37.7
2025-02-13 11:00:00,1.9,100,67,5.5,0.0,0.0,149.9
2025-02-13 12:00:00,2.6,100,64,5.9,0.0,0.0,169.8
2025-02-13 13:00:00,3.8,100,62,7.2,0.0,0.0,250.6
2025-02-13 14:00:00,4.0,100,65,7.0,0.3,0.14,217.4
2025-02-13 15:00:00,3.1,100,72,7.4,0.0,0.0,139.5
2025-02-13 16:00:00,2.8,100,76,4.8,0.0,0.0,59.1
2025-02-13 17:00:00,2.0,100,82,4.4,0.0,0.0,19.9
2025-02-13 18:00:00,1.0,100,90,2.9,0.0,0.0,0.0
2025-02-13 19:00:00,0.8,100,91,1.5,0.0,0.0,0.0
2025-02-13 20:00:00,0.5,100,91,2.7,0.0,0.0,0.0
2025-02-13 21:00:00,0.8,100,90,5.6,0.0,0.0,0.0
2025-02-13 22:00:00,0.8,100,92,9.0,0.1,0.0,0.0
2025-02-13 23:00:00,0.6,100,95,12.4,0.7,0.49,0.0
2025-02-14 00:00:00,0.6,100,94,14.9,0.4,0.28,0.0
2025-02-14 01:00:00,0.6,100,93,13.5,0.2,0.14,0.0
2025-02-14 02:00:00,0.3,100,94,11.0,0.2,0.14,0.0
2025-02-14 03:00:00,0.2,100,96,9.9,0.2,0.14,0.0
2025-02-14 04:00:00,-0.1,100,97,9.3,0.1,0.07,0.0
2025-02-14 05:00:00,-0.7,100,95,11.0,0.0,0.0,0.0
2025-02-14 06:00:00,-0.9,100,95,10.6,0.0,0.0,0.0
2025-02-14 07:00:00,-1.1,100,94,11.3,0.0,0.0,0.0
2025-02-14 08:00:00,-1.4,100,95,12.3,0.0,0.0,0.0
2025-02-14 09:00:00,-1.5,100,95,11.8,0.0,0.0,24.5
2025-02-14 10:00:00,-1.4,100,94,11.6,0.0,0.0,59.5
2025-02-14 11:00:00,-1.1,100,91,12.0,0.0,0.0,81.1
2025-02-14 12:00:00,-0.7,100,88,13.2,0.0,0.0,114.2
2025-02-14 13:00:00,-0.5,100,86,12.7,0.0,0.0,103.5
2025-02-14 14:00:00,-0.2,100,83,13.0,0.0,0.0,104.4
2025-02-14 15:00:00,-0.5,100,81,13.7,0.1,0.07,80.3
2025-02-14 16:00:00,-0.9,100,79,13.0,0.1,0.07,40.9
2025-02-14 17:00:00,-1.1,100,78,11.8,0.0,0.0,25.5
2025-02-14 18:00:00,-1.4,100,78,11.0,0.0,0.0,0.0
2025-02-14 19:00:00,-1.6,100,76,13.0,0.0,0.0,0.0
2025-02-14 20:00:00,-2.1,99,72,14.9,0.0,0.0,0.0
2025-02-14 21:00:00,-2.5,77,67,11.4,0.0,0.0,0.0
2025-02-14 22:00:00,-3.1,0,68,10.5,0.0,0.0,0.0
2025-02-14 23:00:00,-4.0,0,71,9.9,0.0,0.0,0.0
2025-02-15 00:00:00,-4.6,0,74,7.7,0.0,0.0,0.0
2025-02-15 01:00:00,-4.9,0,79,6.4,0.0,0.0,0.0
2025-02-15 02:00:00,-5.2,5,86,6.7,0.0,0.0,0.0
2025-02-15 03:00:00,-6.3,36,87,5.6,0.0,0.0,0.0
2025-02-15 04:00:00,-5.7,85,87,5.5,0.0,0.0,0.0
2025-02-15 05:00:00,-4.6,57,88,4.9,0.0,0.0,0.0
2025-02-15 06:00:00,-6.0,7,91,4.6,0.0,0.0,0.0
2025-02-15 07:00:00,-7.6,0,94,4.0,0.0,0.0,0.0
2025-02-15 08:00:00,-7.9,10,94,3.1,0.0,0.0,0.0
2025-02-15 09:00:00,-7.3,11,93,3.6,0.0,0.0,100.8
2025-02-15 10:00:00,-4.8,3,87,4.6,0.0,0.0,243.4
2025-02-15 11:00:00,-3.5,65,81,6.6,0.0,0.0,368.3
2025-02-15 12:00:00,-2.6,42,76,7.6,0.0,0.0,429.8
2025-02-15 13:00:00,-2.1,43,70,8.5,0.0,0.0,444.3
2025-02-15 14:00:00,-1.9,84,63,8.1,0.0,0.0,372.3
2025-02-15 15:00:00,-1.9,100,59,8.1,0.0,0.0,158.1
2025-02-15 16:00:00,-2.0,100,59,8.1,0.0,0.0,119.7
2025-02-15 17:00:00,-2.3,100,58,8.4,0.0,0.0,50.9
2025-02-15 18:00:00,-2.7,100,63,6.5,0.0,0.0,0.0
2025-02-15 19:00:00,-3.1,66,67,5.2,0.0,0.0,0.0
2025-02-15 20:00:00,-4.6,15,70,4.8,0.0,0.0,0.0
2025-02-15 21:00:00,-6.4,14,71,4.3,0.0,0.0,0.0
2025-02-15 22:00:00,-6.9,20,71,4.4,0.0,0.0,0.0
2025-02-15 23:00:00,-7.0,36,71,3.8,0.0,0.0,0.0
2025-02-16 00:00:00,-7.4,61,72,3.8,0.0,0.0,0.0
2025-02-16 01:00:00,-7.6,81,73,2.9,0.0,0.0,0.0
2025-02-16 02:00:00,-8.0,92,74,2.0,0.0,0.0,0.0
2025-02-16 03:00:00,-7.2,82,78,1.4,0.0,0.0,0.0
2025-02-16 04:00:00,-7.7,100,81,2.1,0.0,0.0,0.0
2025-02-16 05:00:00,-7.8,99,82,2.9,0.0,0.0,0.0
2025-02-16 06:00:00,-7.9,100,82,2.9,0.0,0.0,0.0
2025-02-16 07:00:00,-6.9,100,78,4.5,0.0,0.0,0.0
2025-02-16 08:00:00,-6.5,98,77,5.6,0.0,0.0,0.0
2025-02-16 09:00:00,-5.5,100,73,4.3,0.0,0.0,67.2
2025-02-16 10:00:00,-4.6,100,77,2.8,0.1,0.07,106.4
2025-02-16 11:00:00,-4.3,100,81,3.7,0.2,0.14,78.5
2025-02-16 12:00:00,-3.3,94,78,2.9,0.1,0.07,156.7
2025-02-16 13:00:00,-2.3,57,71,4.9,0.2,0.14,317.4
2025-02-16 14:00:00,-1.7,91,63,6.2,0.1,0.07,355.0
2025-02-16 15:00:00,-2.2,69,69,4.5,0.1,0.07,222.3
2025-02-16 16:00:00,-2.0,44,63,4.9,0.0,0.0,195.5
2025-02-16 17:00:00,-2.7,37,62,3.8,0.0,0.0,120.6
2025-02-16 18:00:00,-4.7,88,61,2.0,0.0,0.0,0.0
2025-02-16 19:00:00,-3.9,61,65,5.3,0.0,0.0,0.0
2025-02-16 20:00:00,-4.3,59,76,6.8,0.0,0.0,0.0
2025-02-16 21:00:00,-6.4,72,84,4.5,0.0,0.0,0.0
2025-02-16 22:00:00,-6.9,56,85,4.7,0.0,0.0,0.0
2025-02-16 23:00:00,-6.8,0,84,4.8,0.0,0.0,0.0
2025-02-17 00:00:00,-8.5,0,84,4.7,0.0,0.0,0.0
2025-02-17 01:00:00,-9.2,0,84,3.9,0.0,0.0,0.0
2025-02-17 02:00:00,-9.8,0,85,4.1,0.0,0.0,0.0
2025-02-17 03:00:00,-10.5,0,84,5.3,0.0,0.0,0.0
2025-02-17 04:00:00,-11.0,0,84,4.8,0.0,0.0,0.0
2025-02-17 05:00:00,-11.2,0,84,3.8,0.0,0.0,0.0
2025-02-17 06:00:00,-11.4,0,84,3.4,0.0,0.0,0.0
2025-02-17 07:00:00,-11.5,0,85,2.8,0.0,0.0,0.0
2025-02-17 08:00:00,-11.5,0,85,2.1,0.0,0.0,0.0
2025-02-17 09:00:00,-10.1,0,82,1.6,0.0,0.0,112.0
2025-02-17 10:00:00,-7.0,0,77,1.5,0.0,0.0,257.6
2025-02-17 11:00:00,-4.7,0,69,2.6,0.0,0.0,382.9
2025-02-17 12:00:00,-3.5,0,62,1.6,0.0,0.0,465.4
2025-02-17 13:00:00,-2.8,0,53,1.0,0.0,0.0,495.8
2025-02-17 14:00:00,-2.4,0,48,1.0,0.0,0.0,471.2
2025-02-17 15:00:00,-2.3,19,47,0.9,0.0,0.0,321.4
2025-02-17 16:00:00,-2.3,1,41,0.8,0.0,0.0,261.6
2025-02-17 17:00:00,-2.7,1,41,1.2,0.0,0.0,132.8
2025-02-17 18:00:00,-4.0,84,46,0.6,0.0,0.0,0.0
2025-02-17 19:00:00,-4.1,26,47,0.6,0.0,0.0,0.0
2025-02-17 20:00:00,-4.5,7,50,0.6,0.0,0.0,0.0
2025-02-17 21:00:00,-5.1,18,51,1.1,0.0,0.0,0.0
2025-02-17 22:00:00,-5.7,5,54,4.5,0.0,0.0,0.0
2025-02-17 23:00:00,-5.7,0,57,7.6,0.0,0.0,0.0
2025-02-18 00:00:00,-6.3,0,64,7.5,0.0,0.0,0.0
2025-02-18 01:00:00,-7.2,13,70,4.7,0.0,0.0,0.0
2025-02-18 02:00:00,-7.9,26,73,4.0,0.0,0.0,0.0
2025-02-18 03:00:00,-10.1,86,76,1.3,0.0,0.0,0.0
2025-02-18 04:00:00,-10.7,75,78,3.4,0.0,0.0,0.0
2025-02-18 05:00:00,-10.2,19,76,2.3,0.0,0.0,0.0
2025-02-18 06:00:00,-10.9,0,77,1.9,0.0,0.0,0.0
2025-02-18 07:00:00,-11.3,0,78,2.3,0.0,0.0,0.0
2025-02-18 08:00:00,-11.7,2,79,3.8,0.0,0.0,0.0
2025-02-18 09:00:00,-9.8,0,77,4.0,0.0,0.0,114.6
2025-02-18 10:00:00,-6.7,0,69,2.4,0.0,0.0,260.2
2025-02-18 11:00:00,-4.9,0,63,4.6,0.0,0.0,385.6
2025-02-18 12:00:00,-3.7,12,56,6.0,0.0,0.0,467.1
2025-02-18 13:00:00,-2.9,95,55,7.4,0.0,0.0,492.7
2025-02-18 14:00:00,-2.5,28,55,7.2,0.0,0.0,449.1
2025-02-18 15:00:00,-2.0,100,53,8.3,0.0,0.0,231.0
2025-02-18 16:00:00,-2.0,100,53,8.8,0.0,0.0,142.5
2025-02-18 17:00:00,-2.0,94,53,8.3,0.0,0.0,62.8
2025-02-18 18:00:00,-2.6,0,56,5.9,0.0,0.0,2.1
2025-02-18 19:00:00,-3.8,0,61,5.6,0.0,0.0,0.0
2025-02-18 20:00:00,-4.5,0,63,5.0,0.0,0.0,0.0
2025-02-18 21:00:00,-5.2,19,66,5.1,0.0,0.0,0.0
2025-02-18 22:00:00,-5.0,90,64,6.8,0.0,0.0,0.0
2025-02-18 23:00:00,-4.7,100,61,7.6,0.0,0.0,0.0
2025-02-19 00:00:00,-4.5,100,61,7.7,0.0,0.0,0.0
2025-02-19 01:00:00,-4.7,100,63,7.4,0.0,0.0,0.0
2025-02-19 02:00:00,-4.5,100,65,7.0,0.0,0.0,0.0
2025-02-19 03:00:00,-4.4,100,72,5.4,0.0,0.0,0.0
2025-02-19 04:00:00,-4.5,100,73,7.0,0.0,0.0,0.0
2025-02-19 05:00:00,-5.1,99,76,7.1,0.0,0.0,0.0
2025-02-19 06:00:00,-5.6,100,77,6.4,0.0,0.0,0.0
2025-02-19 07:00:00,-5.9,72,76,6.7,0.0,0.0,0.0
2025-02-19 08:00:00,-6.0,84,76,6.5,0.0,0.0,0.0
2025-02-19 09:00:00,-5.5,14,73,5.7,0.0,0.0,83.4
2025-02-19 10:00:00,-4.6,0,69,5.4,0.0,0.0,243.9
2025-02-19 11:00:00,-3.2,0,64,5.4,0.0,0.0,381.5
2025-02-19 12:00:00,-1.9,0,62,5.8,0.0,0.0,460.4
2025-02-19 13:00:00,-0.3,0,50,6.1,0.0,0.0,490.5
2025-02-19 14:00:00,0.4,0,47,5.6,0.0,0.0,466.7
2025-02-19 15:00:00,0.7,0,46,3.7,0.0,0.0,358.7
2025-02-19 16:00:00,0.5,0,46,2.9,0.0,0.0,272.2
2025-02-19 17:00:00,0.1,0,48,2.0,0.0,0.0,139.4
2025-02-19 18:00:00,-1.8,0,59,0.4,0.0,0.0,6.3
2025-02-19 19:00:00,-2.4,0,58,0.9,0.0,0.0,0.0
2025-02-19 20:00:00,-2.8,0,59,2.4,0.0,0.0,0.0
2025-02-19 21:00:00,-3.3,0,62,2.4,0.0,0.0,0.0
2025-02-19 22:00:00,-4.1,0,65,3.0,0.0,0.0,0.0
2025-02-19 23:00:00,-5.1,0,71,4.0,0.0,0.0,0.0
2025-02-20 00:00:00,-5.8,0,75,4.4,0.0,0.0,0.0
2025-02-20 01:00:00,-6.2,4,77,4.7,0.0,0.0,0.0
2025-02-20 02:00:00,-6.5,10,78,4.8,0.0,0.0,0.0
2025-02-20 03:00:00,-7.1,1,79,4.8,0.0,0.0,0.0
2025-02-20 04:00:00,-6.8,83,78,6.8,0.0,0.0,0.0
2025-02-20 05:00:00,-6.8,100,77,7.3,0.0,0.0,0.0
2025-02-20 06:00:00,-6.9,95,76,7.1,0.0,0.0,0.0
2025-02-20 07:00:00,-7.1,23,76,6.2,0.0,0.0,0.0
2025-02-20 08:00:00,-7.6,0,78,5.6,0.0,0.0,13.4
2025-02-20 09:00:00,-6.3,0,71,6.2,0.0,0.0,121.4
2025-02-20 10:00:00,-3.6,0,58,5.1,0.0,0.0,266.7
2025-02-20 11:00:00,-0.7,0,45,4.8,0.0,0.0,391.0
2025-02-20 12:00:00,1.1,0,35,5.0,0.0,0.0,470.7
2025-02-20 13:00:00,2.1,0,31,4.7,0.0,0.0,501.6
2025-02-20 14:00:00,2.6,0,29,5.4,0.0,0.0,478.4
2025-02-20 15:00:00,2.4,0,32,6.9,0.0,0.0,403.1
2025-02-20 16:00:00,2.3,0,31,7.5,0.0,0.0,287.3
2025-02-20 17:00:00,1.8,0,33,6.4,0.0,0.0,145.6
2025-02-20 18:00:00,-0.2,0,40,6.3,0.0,0.0,9.5
2025-02-20 19:00:00,-1.2,0,45,9.4,0.0,0.0,0.0
2025-02-20 20:00:00,-1.7,0,50,11.2,0.0,0.0,0.0
2025-02-20 21:00:00,-2.6,0,57,11.7,0.0,0.0,0.0
2025-02-20 22:00:00,-3.3,0,62,10.6,0.0,0.0,0.0
2025-02-20 23:00:00,-3.8,0,64,9.8,0.0,0.0,0.0
2025-02-21 00:00:00,-4.3,0,67,10.1,0.0,0.0,0.0
2025-02-21 01:00:00,-4.9,21,70,9.4,0.0,0.0,0.0
2025-02-21 02:00:00,-5.5,2,72,9.3,0.0,0.0,0.0
2025-02-21 03:00:00,-5.6,0,69,8.6,0.0,0.0,0.0
2025-02-21 04:00:00,-5.8,1,67,8.8,0.0,0.0,0.0
2025-02-21 05:00:00,-5.9,36,66,9.2,0.0,0.0,0.0
2025-02-21 06:00:00,-5.9,89,65,9.7,0.0,0.0,0.0
2025-02-21 07:00:00,-5.9,85,64,9.3,0.0,0.0,0.0
2025-02-21 08:00:00,-6.2,0,65,10.0,0.0,0.0,11.0
2025-02-21 09:00:00,-4.8,21,59,10.8,0.0,0.0,129.1
2025-02-21 10:00:00,-2.3,61,48,8.3,0.0,0.0,275.5
2025-02-21 11:00:00,0.2,25,39,9.9,0.0,0.0,397.1
2025-02-21 12:00:00,2.4,100,32,9.6,0.0,0.0,475.6
2025-02-21 13:00:00,4.0,93,29,11.2,0.0,0.0,473.1
2025-02-21 14:00:00,5.1,100,29,11.9,0.0,0.0,458.2
2025-02-21 15:00:00,4.7,76,32,11.6,0.0,0.0,362.1
2025-02-21 16:00:00,4.9,94,32,11.3,0.0,0.0,268.4
2025-02-21 17:00:00,4.3,0,35,8.8,0.0,0.0,131.7
2025-02-21 18:00:00,1.8,13,41,6.1,0.0,0.0,12.3
2025-02-21 19:00:00,1.1,54,42,9.4,0.0,0.0,0.0
2025-02-21 20:00:00,0.4,5,46,9.5,0.0,0.0,0.0
2025-02-21 21:00:00,-0.4,1,48,9.1,0.0,0.0,0.0
2025-02-21 22:00:00,-1.2,0,49,8.1,0.0,0.0,0.0
2025-02-21 23:00:00,-1.6,0,48,8.1,0.0,0.0,0.0
2025-02-22 00:00:00,-1.7,2,48,8.3,0.0,0.0,0.0
2025-02-22 01:00:00,-1.9,14,49,9.4,0.0,0.0,0.0
2025-02-22 02:00:00,-2.3,15,51,9.4,0.0,0.0,0.0
2025-02-22 03:00:00,-2.1,15,55,10.3,0.0,0.0,0.0
2025-02-22 04:00:00,-2.5,5,56,10.4,0.0,0.0,0.0
2025-02-22 05:00:00,-2.7,0,55,9.9,0.0,0.0,0.0
2025-02-22 06:00:00,-2.9,0,55,8.5,0.0,0.0,0.0
2025-02-22 07:00:00,-3.3,0,56,7.2,0.0,0.0,0.0
2025-02-22 08:00:00,-3.4,0,55,6.9,0.0,0.0,18.6
2025-02-22 09:00:00,-2.0,0,49,8.7,0.0,0.0,128.2
2025-02-22 10:00:00,0.3,0,40,8.0,0.0,0.0,270.6
2025-02-22 11:00:00,2.1,0,36,8.4,0.0,0.0,392.0
2025-02-22 12:00:00,3.9,0,32,7.8,0.0,0.0,470.0
2025-02-22 13:00:00,5.4,0,32,8.0,0.0,0.0,499.3
2025-02-22 14:00:00,6.4,0,35,7.6,0.0,0.0,477.7
2025-02-22 15:00:00,7.0,0,34,6.7,0.0,0.0,405.6
2025-02-22 16:00:00,7.1,0,36,5.3,0.0,0.0,292.0
2025-02-22 17:00:00,5.5,0,52,3.9,0.0,0.0,151.4
2025-02-22 18:00:00,2.6,0,53,6.1,0.0,0.0,15.9
2025-02-22 19:00:00,1.9,0,50,8.4,0.0,0.0,0.0
2025-02-22 20:00:00,0.9,0,53,6.8,0.0,0.0,0.0
2025-02-22 21:00:00,-0.2,0,63,5.3,0.0,0.0,0.0
2025-02-22 22:00:00,-0.8,0,67,4.8,0.0,0.0,0.0
2025-02-22 23:00:00,-0.8,5,63,5.2,0.0,0.0,0.0
2025-02-23 00:00:00,-1.0,25,58,5.8,0.0,0.0,0.0
2025-02-23 01:00:00,-1.2,53,55,6.5,0.0,0.0,0.0
2025-02-23 02:00:00,-1.3,93,53,7.7,0.0,0.0,0.0
2025-02-23 03:00:00,-0.8,100,52,10.6,0.0,0.0,0.0
2025-02-23 04:00:00,-0.8,83,50,12.5,0.0,0.0,0.0
2025-02-23 05:00:00,-0.8,49,51,13.4,0.0,0.0,0.0
2025-02-23 06:00:00,-0.9,1,52,13.0,0.0,0.0,0.0
2025-02-23 07:00:00,-1.1,0,53,12.9,0.0,0.0,0.0
2025-02-23 08:00:00,-1.1,1,54,13.5,0.0,0.0,16.1
2025-02-23 09:00:00,0.1,18,49,10.7,0.0,0.0,130.7
2025-02-23 10:00:00,1.9,38,43,11.3,0.0,0.0,274.4
2025-02-23 11:00:00,3.7,49,38,11.8,0.0,0.0,389.0
2025-02-23 12:00:00,5.6,88,36,10.6,0.0,0.0,463.2
2025-02-23 13:00:00,6.7,100,41,9.9,0.0,0.0,434.4
2025-02-23 14:00:00,5.9,100,47,9.8,0.0,0.0,188.0
2025-02-23 15:00:00,3.8,100,48,9.3,0.0,0.0,100.3
2025-02-23 16:00:00,2.9,100,57,9.0,0.0,0.0,49.5
2025-02-23 17:00:00,2.2,100,67,9.5,0.1,0.0,24.0
2025-02-23 18:00:00,1.7,100,76,10.3,0.2,0.0,2.4
2025-02-23 19:00:00,1.2,100,84,11.4,0.4,0.0,0.0
2025-02-23 20:00:00,1.1,100,87,11.2,0.1,0.0,0.0
2025-02-23 21:00:00,1.1,100,89,9.7,0.0,0.0,0.0
2025-02-23 22:00:00,1.2,100,90,8.7,0.1,0.0,0.0
2025-02-23 23:00:00,1.3,100,92,9.3,0.0,0.0,0.0
2025-02-24 00:00:00,1.4,100,93,10.3,0.1,0.0,0.0
2025-02-24 01:00:00,1.5,100,94,10.5,0.1,0.0,0.0
2025-02-24 02:00:00,1.5,100,95,10.6,0.1,0.0,0.0
2025-02-24 03:00:00,2.2,100,97,10.8,0.2,0.0,0.0
2025-02-24 04:00:00,2.4,100,99,11.0,0.2,0.0,0.0
2025-02-24 05:00:00,2.6,100,100,10.8,0.1,0.0,0.0
2025-02-24 06:00:00,2.7,100,100,10.3,0.0,0.0,0.0
2025-02-24 07:00:00,2.8,100,100,9.4,0.0,0.0,0.0
2025-02-24 08:00:00,2.8,100,100,8.8,0.0,0.0,7.1
2025-02-24 09:00:00,3.0,100,100,8.1,0.0,0.0,25.7
2025-02-24 10:00:00,4.1,100,99,6.9,0.0,0.0,96.5
2025-02-24 11:00:00,4.9,100,98,7.3,0.0,0.0,134.7
2025-02-24 12:00:00,5.6,100,96,8.3,0.0,0.0,145.1
2025-02-24 13:00:00,7.0,100,81,8.0,0.1,0.0,257.1
2025-02-24 14:00:00,7.3,100,80,6.3,0.0,0.0,188.0
2025-02-24 15:00:00,6.5,100,87,7.1,0.0,0.0,176.9
2025-02-24 16:00:00,6.8,100,84,5.6,0.0,0.0,146.2
2025-02-24 17:00:00,6.6,98,83,4.2,0.0,0.0,79.7
2025-02-24 18:00:00,5.8,81,88,3.6,0.0,0.0,15.9
2025-02-24 19:00:00,4.7,6,88,5.2,0.0,0.0,0.0
2025-02-24 20:00:00,3.7,1,88,7.3,0.0,0.0,0.0
2025-02-24 21:00:00,3.0,0,90,8.6,0.0,0.0,0.0
2025-02-24 22:00:00,2.4,0,91,9.4,0.0,0.0,0.0
2025-02-24 23:00:00,1.9,0,94,10.1,0.0,0.0,0.0
2025-02-25 00:00:00,1.1,0,95,9.7,0.0,0.0,0.0
2025-02-25 01:00:00,0.3,2,96,9.0,0.0,0.0,0.0
2025-02-25 02:00:00,-0.3,3,96,8.3,0.0,0.0,0.0
2025-02-25 03:00:00,0.4,1,94,9.4,0.0,0.0,0.0
2025-02-25 04:00:00,0.5,0,94,10.5,0.0,0.0,0.0
2025-02-25 05:00:00,0.5,0,95,9.7,0.0,0.0,0.0
2025-02-25 06:00:00,0.2,0,96,9.4,0.0,0.0,0.0
2025-02-25 07:00:00,-0.1,0,95,9.0,0.0,0.0,0.0
2025-02-25 08:00:00,-0.1,1,95,9.4,0.0,0.0,25.2
2025-02-25 09:00:00,1.8,3,93,10.6,0.0,0.0,143.7
2025-02-25 10:00:00,4.2,49,90,7.0,0.0,0.0,288.2
2025-02-25 11:00:00,6.1,100,83,6.1,0.0,0.0,401.2
2025-02-25 12:00:00,7.6,100,74,7.0,0.0,0.0,418.1
2025-02-25 13:00:00,8.4,100,70,7.8,0.0,0.0,355.2
2025-02-25 14:00:00,9.1,100,68,7.9,0.0,0.0,293.8
2025-02-25 15:00:00,8.7,100,70,7.0,0.0,0.0,209.3
2025-02-25 16:00:00,9.2,100,69,7.7,0.0,0.0,246.7
2025-02-25 17:00:00,8.4,100,74,8.1,0.0,0.0,129.5
2025-02-25 18:00:00,6.4,100,80,7.5,0.0,0.0,20.4
2025-02-25 19:00:00,5.0,100,83,8.1,0.0,0.0,0.0
2025-02-25 20:00:00,4.3,100,85,8.2,0.0,0.0,0.0
2025-02-25 21:00:00,3.6,100,86,7.3,0.0,0.0,0.0
2025-02-25 22:00:00,3.3,100,88,6.4,0.0,0.0,0.0
2025-02-25 23:00:00,3.2,100,90,4.6,0.0,0.0,0.0
2025-02-26 00:00:00,2.5,100,93,4.0,0.0,0.0,0.0
2025-02-26 01:00:00,2.6,100,94,3.9,0.0,0.0,0.0
2025-02-26 02:00:00,2.4,100,94,4.7,0.0,0.0,0.0
2025-02-26 03:00:00,2.6,100,91,5.2,0.0,0.0,0.0
2025-02-26 04:00:00,2.2,100,92,4.5,0.0,0.0,0.0
2025-02-26 05:00:00,1.9,100,93,4.2,0.0,0.0,0.0
2025-02-26 06:00:00,2.1,100,91,7.3,0.0,0.0,0.0
2025-02-26 07:00:00,2.2,100,89,8.5,0.0,0.0,0.0
2025-02-26 08:00:00,2.2,100,89,8.1,0.0,0.0,17.0
2025-02-26 09:00:00,2.7,100,89,7.8,0.0,0.0,87.1
2025-02-26 10:00:00,3.9,100,88,7.5,0.0,0.0,119.0
2025-02-26 11:00:00,4.9,100,85,5.0,0.0,0.0,145.5
2025-02-26 12:00:00,6.5,100,82,2.9,0.0,0.0,193.6
2025-02-26 13:00:00,8.4,100,72,2.5,0.0,0.0,273.2
2025-02-26 14:00:00,8.9,100,69,5.9,0.0,0.0,231.8
2025-02-26 15:00:00,8.0,100,77,7.3,0.0,0.0,92.3
2025-02-26 16:00:00,7.5,100,79,7.3,0.0,0.0,80.7
2025-02-26 17:00:00,6.9,100,81,7.1,0.0,0.0,30.4
2025-02-26 18:00:00,6.2,100,83,7.7,0.0,0.0,8.0
2025-02-26 19:00:00,5.6,100,85,8.4,0.0,0.0,0.0
2025-02-26 20:00:00,5.0,100,87,9.3,0.0,0.0,0.0
2025-02-26 21:00:00,4.2,100,89,9.3,0.0,0.0,0.0
2025-02-26 22:00:00,3.5,100,91,9.0,0.0,0.0,0.0
2025-02-26 23:00:00,3.2,100,92,8.1,0.0,0.0,0.0
2025-02-27 00:00:00,3.5,100,93,7.6,0.0,0.0,0.0
2025-02-27 01:00:00,3.3,100,93,8.5,0.0,0.0,0.0
2025-02-27 02:00:00,3.4,100,93,8.1,0.0,0.0,0.0
2025-02-27 03:00:00,4.4,100,90,8.6,0.0,0.0,0.0
2025-02-27 04:00:00,4.2,100,92,7.9,0.0,0.0,0.0
2025-02-27 05:00:00,4.0,100,93,8.8,0.0,0.0,0.0
2025-02-27 06:00:00,3.8,100,94,7.1,0.0,0.0,0.0
2025-02-27 07:00:00,3.6,100,95,6.8,0.0,0.0,0.0
2025-02-27 08:00:00,3.5,100,95,5.1,0.1,0.0,5.2
2025-02-27 09:00:00,3.6,100,95,6.4,0.2,0.0,26.1
2025-02-27 10:00:00,4.1,100,95,6.2,0.1,0.0,59.9
2025-02-27 11:00:00,4.4,100,94,3.6,0.1,0.0,71.5
2025-02-27 12:00:00,6.2,100,90,2.3,0.0,0.0,265.3
2025-02-27 13:00:00,7.5,100,80,3.1,0.0,0.0,281.2
2025-02-27 14:00:00,8.6,100,72,3.9,0.0,0.0,339.4
2025-02-27 15:00:00,8.1,100,75,2.2,0.1,0.0,197.6
2025-02-27 16:00:00,7.8,100,76,2.8,0.2,0.0,104.9
2025-02-27 17:00:00,7.3,100,81,5.0,0.2,0.0,64.8
2025-02-27 18:00:00,6.1,100,92,5.5,0.3,0.0,9.4
2025-02-27 19:00:00,5.0,100,98,5.4,0.5,0.0,0.0
2025-02-27 20:00:00,4.6,100,98,5.6,0.8,0.0,0.0
2025-02-27 21:00:00,4.1,100,99,5.1,0.8,0.0,0.0
2025-02-27 22:00:00,3.8,100,99,5.2,0.7,0.0,0.0
2025-02-27 23:00:00,3.5,100,98,6.1,0.7,0.0,0.0
2025-02-28 00:00:00,3.4,100,98,6.6,0.6,0.0,0.0
2025-02-28 01:00:00,3.2,100,98,6.1,0.5,0.0,0.0
2025-02-28 02:00:00,3.1,100,98,5.0,0.3,0.0,0.0
2025-02-28 03:00:00,3.4,100,98,6.6,0.1,0.0,0.0
2025-02-28 04:00:00,2.9,77,98,5.8,0.0,0.0,0.0
2025-02-28 05:00:00,2.2,50,98,6.9,0.0,0.0,0.0
2025-02-28 06:00:00,1.2,69,99,9.3,0.0,0.0,0.0
2025-02-28 07:00:00,1.6,100,100,10.1,0.0,0.0,0.0
2025-02-28 08:00:00,2.1,100,99,10.0,0.0,0.0,14.2
2025-02-28 09:00:00,2.4,100,97,10.9,0.0,0.0,57.4
2025-02-28 10:00:00,2.8,100,96,10.1,0.0,0.0,73.1
2025-02-28 11:00:00,3.4,100,93,11.5,0.0,0.0,84.8
2025-02-28 12:00:00,4.1,99,87,12.6,0.0,0.0,125.7
2025-02-28 13:00:00,5.1,95,77,12.2,0.0,0.0,162.8
2025-02-28 14:00:00,6.0,97,68,11.9,0.0,0.0,234.7
2025-02-28 15:00:00,6.3,29,70,10.3,0.1,0.0,326.2
2025-02-28 16:00:00,6.4,55,66,9.5,0.1,0.0,263.7
2025-02-28 17:00:00,6.1,32,67,7.9,0.0,0.0,150.6
2025-02-28 18:00:00,4.7,38,77,4.0,0.0,0.0,30.5
2025-02-28 19:00:00,3.3,35,81,4.7,0.0,0.0,0.0
2025-02-28 20:00:00,3.1,25,81,5.2,0.0,0.0,0.0
2025-02-28 21:00:00,2.4,3,83,7.2,0.0,0.0,0.0
2025-02-28 22:00:00,1.6,0,85,7.4,0.0,0.0,0.0
2025-02-28 23:00:00,1.1,0,86,7.2,0.0,0.0,0.0
2025-03-01 00:00:00,0.6,2,87,6.5,0.0,0.0,0.0
2025-03-01 01:00:00,0.1,0,89,6.0,0.0,0.0,0.0
2025-03-01 02:00:00,-0.3,2,90,5.9,0.0,0.0,0.0
2025-03-01 03:00:00,-0.8,17,93,4.9,0.0,0.0,0.0
2025-03-01 04:00:00,-1.4,8,94,4.6,0.0,0.0,0.0
2025-03-01 05:00:00,-1.5,27,95,5.4,0.0,0.0,0.0
2025-03-01 06:00:00,-1.3,7,95,6.2,0.0,0.0,0.0
2025-03-01 07:00:00,-1.7,22,95,5.6,0.0,0.0,0.0
2025-03-01 08:00:00,-1.3,14,95,5.9,0.0,0.0,35.0
2025-03-01 09:00:00,0.5,7,94,5.8,0.0,0.0,138.8
2025-03-01 10:00:00,2.5,100,89,8.0,0.0,0.0,302.2
2025-03-01 11:00:00,2.7,100,87,13.0,0.0,0.0,218.3
2025-03-01 12:00:00,2.3,100,89,13.7,0.1,0.0,120.3
2025-03-01 13:00:00,2.3,100,88,15.0,0.1,0.0,119.3
2025-03-01 14:00:00,2.3,100,89,14.4,0.1,0.0,98.0
2025-03-01 15:00:00,2.2,100,90,14.9,0.1,0.0,116.5
2025-03-01 16:00:00,1.7,100,94,12.5,0.2,0.0,56.1
2025-03-01 17:00:00,1.3,100,96,13.3,0.3,0.0,29.4
2025-03-01 18:00:00,1.4,100,96,12.2,0.1,0.0,11.3
2025-03-01 19:00:00,0.9,100,97,11.2,0.0,0.0,0.0
2025-03-01 20:00:00,1.2,100,96,11.3,0.0,0.0,0.0
2025-03-01 21:00:00,1.2,100,95,10.6,0.0,0.0,0.0
2025-03-01 22:00:00,1.2,100,95,10.3,0.0,0.0,0.0
2025-03-01 23:00:00,1.2,100,95,9.0,0.0,0.0,0.0
2025-03-02 00:00:00,1.1,100,95,8.8,0.0,0.0,0.0
2025-03-02 01:00:00,1.0,100,96,9.6,0.0,0.0,0.0
2025-03-02 02:00:00,0.9,100,96,9.5,0.0,0.0,0.0
2025-03-02 03:00:00,0.9,100,95,11.1,0.0,0.0,0.0
2025-03-02 04:00:00,0.5,100,95,10.8,0.0,0.0,0.0
2025-03-02 05:00:00,-0.1,100,95,12.0,0.0,0.0,0.0
2025-03-02 06:00:00,-0.6,95,94,11.1,0.0,0.0,0.0
2025-03-02 07:00:00,-1.3,99,94,9.3,0.0,0.0,0.0
2025-03-02 08:00:00,-1.3,90,93,8.6,0.0,0.0,32.5
2025-03-02 09:00:00,-0.3,100,88,12.5,0.0,0.0,79.6
2025-03-02 10:00:00,0.4,100,88,12.9,0.0,0.0,105.2
2025-03-02 11:00:00,1.1,100,85,13.4,0.1,0.07,144.6
2025-03-02 12:00:00,1.9,100,81,12.9,0.0,0.0,203.5
2025-03-02 13:00:00,2.7,97,76,13.2,0.0,0.0,275.0
2025-03-02 14:00:00,2.8,93,74,12.3,0.0,0.0,263.0
2025-03-02 15:00:00,3.1,95,73,12.7,0.0,0.0,261.9
2025-03-02 16:00:00,3.2,86,71,12.7,0.0,0.0,196.3
2025-03-02 17:00:00,2.9,72,72,12.4,0.0,0.0,128.0
2025-03-02 18:00:00,2.2,100,77,10.6,0.0,0.0,30.6
2025-03-02 19:00:00,1.7,99,80,8.7,0.0,0.0,0.0
2025-03-02 20:00:00,1.5,100,81,8.1,0.0,0.0,0.0
2025-03-02 21:00:00,1.5,100,83,8.5,0.0,0.0,0.0
2025-03-02 22:00:00,1.5,100,83,8.6,0.0,0.0,0.0
2025-03-02 23:00:00,1.5,100,84,8.7,0.0,0.0,0.0
2025-03-03 00:00:00,1.7,100,84,9.4,0.0,0.0,0.0
2025-03-03 01:00:00,1.8,100,85,9.0,0.0,0.0,0.0
2025-03-03 02:00:00,1.7,100,86,8.3,0.0,0.0,0.0
2025-03-03 03:00:00,1.6,68,90,8.7,0.0,0.0,0.0
2025-03-03 04:00:00,0.8,72,92,8.4,0.0,0.0,0.0
2025-03-03 05:00:00,0.8,61,92,8.5,0.0,0.0,0.0
2025-03-03 06:00:00,0.5,96,92,7.8,0.0,0.0,0.0
2025-03-03 07:00:00,0.7,99,92,8.1,0.0,0.0,0.0
2025-03-03 08:00:00,1.1,73,90,8.6,0.0,0.0,22.7
2025-03-03 09:00:00,2.0,41,87,7.1,0.0,0.0,116.6
2025-03-03 10:00:00,3.3,44,81,8.4,0.0,0.0,250.7
2025-03-03 11:00:00,4.7,80,76,11.5,0.0,0.0,345.3
2025-03-03 12:00:00,5.8,94,68,16.2,0.0,0.0,410.0
2025-03-03 13:00:00,6.2,97,64,15.8,0.0,0.0,315.3
2025-03-03 14:00:00,6.7,90,60,16.0,0.0,0.0,324.1
2025-03-03 15:00:00,6.3,99,62,15.5,0.0,0.0,282.4
2025-03-03 16:00:00,6.4,81,62,13.7,0.0,0.0,211.4
2025-03-03 17:00:00,6.0,52,64,12.1,0.0,0.0,139.3
2025-03-03 18:00:00,5.2,17,69,8.3,0.0,0.0,39.1
2025-03-03 19:00:00,3.7,51,77,5.8,0.0,0.0,0.0
2025-03-03 20:00:00,3.1,95,79,6.7,0.0,0.0,0.0
2025-03-03 21:00:00,2.4,94,81,8.8,0.0,0.0,0.0
2025-03-03 22:00:00,2.3,99,80,8.5,0.0,0.0,0.0
2025-03-03 23:00:00,1.8,100,82,7.9,0.0,0.0,0.0
2025-03-04 00:00:00,1.4,100,84,9.2,0.0,0.0,0.0
2025-03-04 01:00:00,1.0,88,86,9.1,0.0,0.0,0.0
2025-03-04 02:00:00,0.4,97,87,8.1,0.0,0.0,0.0
2025-03-04 03:00:00,0.4,100,86,7.6,0.0,0.0,0.0
2025-03-04 04:00:00,-0.1,100,87,7.7,0.0,0.0,0.0
2025-03-04 05:00:00,-0.3,100,87,7.9,0.0,0.0,0.0
2025-03-04 06:00:00,-0.4,100,87,7.6,0.0,0.0,0.0
2025-03-04 07:00:00,-0.6,100,86,7.5,0.0,0.0,0.0
2025-03-04 08:00:00,-0.4,99,86,8.0,0.0,0.0,46.1
2025-03-04 09:00:00,1.2,98,84,9.1,0.0,0.0,181.6
2025-03-04 10:00:00,3.5,99,75,7.6,0.0,0.0,337.6
2025-03-04 11:00:00,5.8,99,63,9.6,0.0,0.0,457.9
2025-03-04 12:00:00,7.4,22,51,10.7,0.0,0.0,540.3
2025-03-04 13:00:00,8.6,27,45,11.2,0.0,0.0,568.8
2025-03-04 14:00:00,9.4,41,39,11.2,0.0,0.0,543.5
2025-03-04 15:00:00,9.6,18,36,11.1,0.0,0.0,466.1
2025-03-04 16:00:00,9.4,0,37,10.4,0.0,0.0,349.7
2025-03-04 17:00:00,8.5,0,44,8.9,0.0,0.0,203.5
2025-03-04 18:00:00,6.3,0,53,8.7,0.0,0.0,53.3
2025-03-04 19:00:00,4.7,0,56,9.6,0.0,0.0,0.0
2025-03-04 20:00:00,3.9,0,57,9.0,0.0,0.0,0.0
2025-03-04 21:00:00,3.0,0,62,8.9,0.0,0.0,0.0
2025-03-04 22:00:00,2.4,0,69,9.4,0.0,0.0,0.0
2025-03-04 23:00:00,1.6,0,74,7.8,0.0,0.0,0.0
2025-03-05 00:00:00,0.9,0,76,7.3,0.0,0.0,0.0
2025-03-05 01:00:00,0.6,0,74,7.6,0.0,0.0,0.0
2025-03-05 02:00:00,0.5,0,68,9.2,0.0,0.0,0.0
2025-03-05 03:00:00,0.5,0,63,8.9,0.0,0.0,0.0
2025-03-05 04:00:00,0.1,0,65,8.2,0.0,0.0,0.0
2025-03-05 05:00:00,-0.2,0,65,8.9,0.0,0.0,0.0
2025-03-05 06:00:00,0.0,1,65,9.3,0.0,0.0,0.0
2025-03-05 07:00:00,-0.1,0,68,8.9,0.0,0.0,0.0
2025-03-05 08:00:00,0.5,0,68,10.1,0.0,0.0,56.7
2025-03-05 09:00:00,2.7,5,63,10.7,0.0,0.0,198.3
2025-03-05 10:00:00,5.5,3,57,9.0,0.0,0.0,354.5
2025-03-05 11:00:00,8.0,21,52,7.8,0.0,0.0,480.5
2025-03-05 12:00:00,10.2,20,44,10.2,0.0,0.0,559.9
2025-03-05 13:00:00,12.0,1,37,11.7,0.0,0.0,587.9
2025-03-05 14:00:00,13.1,0,35,12.4,0.0,0.0,560.1
2025-03-05 15:00:00,13.8,0,31,12.3,0.0,0.0,484.0
2025-03-05 16:00:00,13.5,0,38,9.8,0.0,0.0,361.5
2025-03-05 17:00:00,12.3,0,45,8.7,0.0,0.0,210.6
2025-03-05 18:00:00,9.9,0,52,10.1,0.0,0.0,57.5
2025-03-05 19:00:00,8.0,0,59,11.1,0.0,0.0,0.0
2025-03-05 20:00:00,7.3,0,61,12.7,0.0,0.0,0.0
2025-03-05 21:00:00,6.7,0,64,12.9,0.0,0.0,0.0
2025-03-05 22:00:00,6.0,0,69,11.8,0.0,0.0,0.0
2025-03-05 23:00:00,5.3,0,72,10.7,0.0,0.0,0.0
2025-03-06 00:00:00,4.9,0,73,11.1,0.0,0.0,0.0
2025-03-06 01:00:00,4.8,0,73,11.7,0.0,0.0,0.0
2025-03-06 02:00:00,4.7,0,72,11.7,0.0,0.0,0.0
2025-03-06 03:00:00,5.0,0,67,9.9,0.0,0.0,0.0
2025-03-06 04:00:00,4.3,0,69,8.4,0.0,0.0,0.0
2025-03-06 05:00:00,3.8,0,72,7.5,0.0,0.0,0.0
2025-03-06 06:00:00,3.2,0,74,6.7,0.0,0.0,0.0
2025-03-06 07:00:00,2.4,0,76,6.2,0.0,0.0,0.0
2025-03-06 08:00:00,3.5,0,73,8.2,0.0,0.0,56.7
2025-03-06 09:00:00,6.3,0,66,9.7,0.0,0.0,196.4
2025-03-06 10:00:00,9.3,0,61,10.1,0.0,0.0,349.8
2025-03-06 11:00:00,11.9,0,53,7.2,0.0,0.0,473.3
2025-03-06 12:00:00,13.9,0,47,8.3,0.0,0.0,552.2
2025-03-06 13:00:00,15.5,0,43,9.7,0.0,0.0,578.7
2025-03-06 14:00:00,16.7,0,41,11.1,0.0,0.0,551.5
2025-03-06 15:00:00,17.9,0,38,7.0,0.0,0.0,475.9
2025-03-06 16:00:00,17.9,0,41,7.6,0.0,0.0,356.9
2025-03-06 17:00:00,16.6,0,43,9.8,0.0,0.0,210.0
2025-03-06 18:00:00,13.5,0,52,7.9,0.0,0.0,59.8
2025-03-06 19:00:00,11.2,0,55,10.0,0.0,0.0,0.0
2025-03-06 20:00:00,9.9,0,56,11.5,0.0,0.0,0.0
2025-03-06 21:00:00,9.0,0,57,12.5,0.0,0.0,0.0
2025-03-06 22:00:00,8.3,0,58,12.9,0.0,0.0,0.0
2025-03-06 23:00:00,7.5,0,60,12.6,0.0,0.0,0.0
2025-03-07 00:00:00,6.9,0,61,11.6,0.0,0.0,0.0
2025-03-07 01:00:00,6.5,19,60,11.1,0.0,0.0,0.0
2025-03-07 02:00:00,6.3,6,60,10.7,0.0,0.0,0.0
2025-03-07 03:00:00,7.0,2,56,9.8,0.0,0.0,0.0
2025-03-07 04:00:00,6.6,49,57,8.8,0.0,0.0,0.0
2025-03-07 05:00:00,5.5,71,62,6.7,0.0,0.0,0.0
2025-03-07 06:00:00,4.4,98,64,5.4,0.0,0.0,0.0
2025-03-07 07:00:00,4.6,100,59,3.6,0.0,0.0,0.0
2025-03-07 08:00:00,5.1,100,59,3.9,0.0,0.0,50.8
2025-03-07 09:00:00,6.1,100,62,4.8,0.0,0.0,142.8
2025-03-07 10:00:00,8.4,100,58,3.4,0.0,0.0,251.2
2025-03-07 11:00:00,10.7,97,52,3.0,0.0,0.0,358.9
2025-03-07 12:00:00,13.1,79,40,3.5,0.0,0.0,505.6
2025-03-07 13:00:00,14.8,22,36,4.5,0.0,0.0,562.4
2025-03-07 14:00:00,16.2,3,34,6.0,0.0,0.0,551.5
2025-03-07 15:00:00,17.1,0,31,6.1,0.0,0.0,476.2
2025-03-07 16:00:00,17.3,0,32,7.0,0.0,0.0,363.5
2025-03-07 17:00:00,16.3,0,51,2.8,0.0,0.0,216.3
2025-03-07 18:00:00,14.5,0,48,0.3,0.0,0.0,63.5
2025-03-07 19:00:00,10.8,0,58,5.2,0.0,0.0,0.0
2025-03-07 20:00:00,8.6,0,66,8.9,0.0,0.0,0.0
2025-03-07 21:00:00,7.4,0,66,8.0,0.0,0.0,0.0
2025-03-07 22:00:00,6.7,14,67,7.2,0.0,0.0,0.0
2025-03-07 23:00:00,5.6,35,69,5.9,0.0,0.0,0.0
2025-03-08 00:00:00,4.9,37,70,5.6,0.0,0.0,0.0
2025-03-08 01:00:00,4.2,36,73,5.3,0.0,0.0,0.0
2025-03-08 02:00:00,3.2,14,77,4.6,0.0,0.0,0.0
2025-03-08 03:00:00,3.3,0,73,6.3,0.0,0.0,0.0
2025-03-08 04:00:00,2.1,15,78,4.3,0.0,0.0,0.0
2025-03-08 05:00:00,1.9,4,76,5.6,0.0,0.0,0.0
2025-03-08 06:00:00,2.1,0,73,6.4,0.0,0.0,0.0
2025-03-08 07:00:00,2.1,0,70,6.6,0.0,0.0,0.0
2025-03-08 08:00:00,3.0,0,66,8.5,0.0,0.0,65.2
2025-03-08 09:00:00,5.4,33,60,8.2,0.0,0.0,208.2
2025-03-08 10:00:00,8.7,19,60,7.0,0.0,0.0,352.6
2025-03-08 11:00:00,11.6,29,56,4.4,0.0,0.0,472.0
2025-03-08 12:00:00,14.5,15,47,5.1,0.0,0.0,550.4
2025-03-08 13:00:00,16.4,10,36,7.1,0.0,0.0,584.5
2025-03-08 14:00:00,17.3,7,31,8.0,0.0,0.0,559.4
2025-03-08 15:00:00,18.3,0,24,7.8,0.0,0.0,483.9
2025-03-08 16:00:00,18.0,0,26,6.7,0.0,0.0,365.8
2025-03-08 17:00:00,16.7,0,38,5.8,0.0,0.0,218.0
2025-03-08 18:00:00,14.1,12,44,8.8,0.0,0.0,67.2
2025-03-08 19:00:00,11.0,98,53,10.2,0.0,0.0,0.0
2025-03-08 20:00:00,8.9,100,59,10.0,0.0,0.0,0.0
2025-03-08 21:00:00,7.7,100,59,10.1,0.0,0.0,0.0
2025-03-08 22:00:00,7.2,100,58,10.1,0.0,0.0,0.0
2025-03-08 23:00:00,6.7,100,62,9.9,0.0,0.0,0.0
2025-03-09 00:00:00,6.3,100,66,9.4,0.0,0.0,0.0
2025-03-09 01:00:00,5.7,100,71,9.5,0.0,0.0,0.0
2025-03-09 02:00:00,5.0,100,75,9.8,0.0,0.0,0.0
2025-03-09 03:00:00,5.4,100,74,8.9,0.0,0.0,0.0
2025-03-09 04:00:00,5.2,100,74,8.9,0.0,0.0,0.0
2025-03-09 05:00:00,4.8,83,75,8.6,0.0,0.0,0.0
2025-03-09 06:00:00,4.2,100,76,8.7,0.0,0.0,0.0
2025-03-09 07:00:00,3.7,99,76,9.4,0.0,0.0,0.0
2025-03-09 08:00:00,4.0,100,75,9.3,0.0,0.0,56.7
2025-03-09 09:00:00,5.5,100,71,8.1,0.0,0.0,152.8
2025-03-09 10:00:00,8.2,100,71,8.4,0.0,0.0,266.3
2025-03-09 11:00:00,10.5,100,65,4.8,0.0,0.0,348.0
2025-03-09 12:00:00,13.4,100,56,4.8,0.0,0.0,423.1
2025-03-09 13:00:00,15.7,99,44,4.7,0.0,0.0,477.4
2025-03-09 14:00:00,17.1,100,37,4.1,0.0,0.0,449.7
2025-03-09 15:00:00,18.1,100,28,5.9,0.0,0.0,337.4
2025-03-09 16:00:00,17.8,99,30,6.3,0.0,0.0,283.2
2025-03-09 17:00:00,17.0,82,38,6.2,0.0,0.0,175.1
2025-03-09 18:00:00,14.2,88,44,9.6,0.0,0.0,53.1
2025-03-09 19:00:00,11.6,37,53,9.6,0.0,0.0,0.0
2025-03-09 20:00:00,10.0,40,60,9.7,0.0,0.0,0.0
2025-03-09 21:00:00,9.3,61,61,9.7,0.0,0.0,0.0
2025-03-09 22:00:00,8.9,97,55,10.5,0.0,0.0,0.0
2025-03-09 23:00:00,8.6,96,52,10.2,0.0,0.0,0.0
2025-03-10 00:00:00,8.4,99,50,9.4,0.0,0.0,0.0
2025-03-10 01:00:00,8.5,47,50,10.1,0.0,0.0,0.0
2025-03-10 02:00:00,8.0,95,53,10.1,0.0,0.0,0.0
2025-03-10 03:00:00,8.9,9,51,10.2,0.0,0.0,0.0
2025-03-10 04:00:00,8.7,31,53,11.6,0.0,0.0,0.0
2025-03-10 05:00:00,8.3,1,55,12.1,0.0,0.0,0.0
2025-03-10 06:00:00,7.5,12,58,12.5,0.0,0.0,0.0
2025-03-10 07:00:00,6.8,81,62,11.3,0.0,0.0,0.0
2025-03-10 08:00:00,6.8,100,65,10.8,0.0,0.0,69.5
2025-03-10 09:00:00,8.6,100,64,10.1,0.0,0.0,199.3
2025-03-10 10:00:00,11.1,71,61,8.1,0.0,0.0,334.1
2025-03-10 11:00:00,13.8,100,51,7.6,0.0,0.0,469.7
2025-03-10 12:00:00,14.7,100,49,14.0,0.0,0.0,450.1
2025-03-10 13:00:00,15.4,97,50,13.8,0.0,0.0,439.9
2025-03-10 14:00:00,16.3,6,48,14.5,0.0,0.0,503.1
2025-03-10 15:00:00,17.6,26,42,14.4,0.0,0.0,480.8
2025-03-10 16:00:00,17.7,94,41,14.7,0.0,0.0,360.7
2025-03-10 17:00:00,17.0,99,49,11.4,0.0,0.0,208.0
2025-03-10 18:00:00,15.7,99,56,12.6,0.0,0.0,60.3
2025-03-10 19:00:00,14.3,98,60,14.3,0.0,0.0,0.0
2025-03-10 20:00:00,13.0,100,65,13.4,0.0,0.0,0.0
2025-03-10 21:00:00,12.4,100,66,18.9,0.0,0.0,0.0
2025-03-10 22:00:00,11.0,100,78,18.0,0.0,0.0,0.0
2025-03-10 23:00:00,10.0,100,87,16.3,0.4,0.0,0.0
2025-03-11 00:00:00,9.5,100,93,16.5,0.7,0.0,0.0
2025-03-11 01:00:00,9.2,94,95,17.0,0.7,0.0,0.0
2025-03-11 02:00:00,9.0,100,95,18.1,0.4,0.0,0.0
2025-03-11 03:00:00,9.1,100,94,15.9,0.3,0.0,0.0
2025-03-11 04:00:00,9.2,100,92,17.4,0.0,0.0,0.0
2025-03-11 05:00:00,8.8,100,92,14.7,0.0,0.0,0.0
2025-03-11 06:00:00,8.6,100,93,14.0,0.0,0.0,0.0
2025-03-11 07:00:00,8.3,100,93,12.9,0.1,0.0,0.0
2025-03-11 08:00:00,8.3,99,93,14.8,0.0,0.0,54.1
2025-03-11 09:00:00,9.1,54,89,12.5,0.0,0.0,157.2
2025-03-11 10:00:00,10.3,29,81,12.0,0.0,0.0,287.3
2025-03-11 11:00:00,11.9,97,72,12.2,0.0,0.0,470.2
2025-03-11 12:00:00,13.3,99,63,11.6,0.0,0.0,547.3
2025-03-11 13:00:00,14.1,100,59,13.6,0.0,0.0,500.3
2025-03-11 14:00:00,14.0,100,59,14.4,0.0,0.0,349.7
2025-03-11 15:00:00,13.4,100,63,12.9,0.0,0.0,255.9
2025-03-11 16:00:00,13.6,100,59,12.0,0.0,0.0,245.5
2025-03-11 17:00:00,13.0,100,62,10.4,0.0,0.0,136.3
2025-03-11 18:00:00,12.1,100,66,9.4,0.0,0.0,44.6
2025-03-11 19:00:00,10.8,100,71,8.0,0.0,0.0,0.0
2025-03-11 20:00:00,10.3,100,71,11.1,0.0,0.0,0.0
2025-03-11 21:00:00,9.7,100,73,11.2,0.0,0.0,0.0
2025-03-11 22:00:00,9.6,99,74,12.4,0.0,0.0,0.0
2025-03-11 23:00:00,8.9,78,78,12.7,0.0,0.0,0.0
2025-03-12 00:00:00,8.2,82,82,11.5,0.0,0.0,0.0
2025-03-12 01:00:00,7.6,97,85,10.8,0.0,0.0,0.0
2025-03-12 02:00:00,7.3,100,88,10.5,0.0,0.0,0.0
2025-03-12 03:00:00,7.4,44,87,11.2,0.0,0.0,0.0
2025-03-12 04:00:00,6.8,29,89,10.5,0.0,0.0,0.0
2025-03-12 05:00:00,6.7,1,90,8.6,0.0,0.0,0.0
2025-03-12 06:00:00,6.1,66,91,8.4,0.0,0.0,0.0
2025-03-12 07:00:00,5.8,41,92,8.3,0.0,0.0,0.0
2025-03-12 08:00:00,6.2,76,93,8.9,0.0,0.0,77.7
2025-03-12 09:00:00,8.1,90,88,7.7,0.0,0.0,217.9
2025-03-12 10:00:00,9.9,93,82,7.2,0.0,0.0,347.6
2025-03-12 11:00:00,11.9,91,73,6.3,0.0,0.0,460.8
2025-03-12 12:00:00,13.7,94,66,7.2,0.0,0.0,551.1
2025-03-12 13:00:00,14.9,79,59,11.8,0.1,0.0,537.5
2025-03-12 14:00:00,14.2,89,58,13.2,0.2,0.0,443.0
2025-03-12 15:00:00,14.6,96,60,11.0,0.1,0.0,394.7
2025-03-12 16:00:00,13.7,98,66,12.2,0.5,0.0,309.9
2025-03-12 17:00:00,12.2,100,72,12.4,0.1,0.0,95.7
2025-03-12 18:00:00,10.5,99,86,9.7,5.0,0.0,33.9
2025-03-12 19:00:00,9.8,100,86,0.7,2.7,0.0,0.0
2025-03-12 20:00:00,9.3,92,91,4.7,0.4,0.0,0.0
2025-03-12 21:00:00,9.0,100,93,7.9,0.0,0.0,0.0
2025-03-12 22:00:00,8.8,100,91,7.5,0.0,0.0,0.0
2025-03-12 23:00:00,8.4,100,90,11.3,0.0,0.0,0.0
2025-03-13 00:00:00,8.4,100,89,11.4,0.0,0.0,0.0
2025-03-13 01:00:00,8.3,100,88,11.0,0.0,0.0,0.0
2025-03-13 02:00:00,8.3,100,87,11.4,0.0,0.0,0.0
2025-03-13 03:00:00,9.6,100,84,10.5,0.0,0.0,0.0
2025-03-13 04:00:00,9.6,100,83,8.5,0.0,0.0,0.0
2025-03-13 05:00:00,9.6,100,83,8.9,0.0,0.0,0.0
2025-03-13 06:00:00,9.4,100,85,10.6,0.4,0.0,0.0
2025-03-13 07:00:00,8.5,100,94,7.6,1.5,0.0,0.0
2025-03-13 08:00:00,8.1,100,97,9.3,1.1,0.0,11.3
2025-03-13 09:00:00,8.4,100,97,6.4,0.8,0.0,37.4
2025-03-13 10:00:00,8.7,100,96,7.4,1.4,0.0,49.2
2025-03-13 11:00:00,9.1,100,95,8.6,1.1,0.0,70.1
2025-03-13 12:00:00,9.4,100,97,4.6,0.7,0.0,80.6
2025-03-13 13:00:00,10.0,100,97,5.5,1.0,0.0,125.0
2025-03-13 14:00:00,9.7,100,97,10.4,1.1,0.0,63.2
2025-03-13 15:00:00,10.2,100,98,5.0,0.7,0.0,96.9
2025-03-13 16:00:00,8.0,100,97,17.5,1.3,0.0,72.1
2025-03-13 17:00:00,5.7,100,93,17.1,0.3,0.0,50.0
2025-03-13 18:00:00,3.9,100,93,19.8,0.3,0.0,7.0
2025-03-13 19:00:00,2.2,100,96,21.5,0.1,0.0,0.0
2025-03-13 20:00:00,2.2,100,93,21.5,0.1,0.0,0.0
2025-03-13 21:00:00,2.0,100,93,19.4,0.1,0.0,0.0
2025-03-13 22:00:00,1.9,100,92,17.9,0.0,0.0,0.0
2025-03-13 23:00:00,1.9,100,91,18.0,0.0,0.0,0.0
2025-03-14 00:00:00,2.0,100,91,13.8,0.0,0.0,0.0
2025-03-14 01:00:00,2.1,100,90,11.8,0.0,0.0,0.0
2025-03-14 02:00:00,2.1,100,89,9.4,0.0,0.0,0.0
2025-03-14 03:00:00,2.6,100,87,8.1,0.0,0.0,0.0
2025-03-14 04:00:00,2.6,100,87,6.7,0.0,0.0,0.0
2025-03-14 05:00:00,2.5,97,89,3.8,0.0,0.0,0.0
2025-03-14 06:00:00,1.3,91,94,1.2,0.0,0.0,0.0
2025-03-14 07:00:00,0.7,100,96,3.3,0.0,0.0,0.0
2025-03-14 08:00:00,1.7,100,95,4.9,0.0,0.0,75.9
2025-03-14 09:00:00,2.7,100,88,5.6,0.0,0.0,126.0
2025-03-14 10:00:00,3.7,100,79,6.6,0.0,0.0,169.4
2025-03-14 11:00:00,5.4,100,70,7.9,0.0,0.0,373.3
2025-03-14 12:00:00,5.6,100,67,8.9,0.0,0.0,220.8
2025-03-14 13:00:00,5.6,100,68,9.9,0.0,0.0,159.3
2025-03-14 14:00:00,6.4,100,70,11.6,0.1,0.0,201.1
2025-03-14 15:00:00,3.4,100,95,12.8,0.9,0.0,55.9
2025-03-14 16:00:00,3.2,100,97,10.5,0.9,0.0,46.6
2025-03-14 17:00:00,2.6,100,99,11.9,1.2,0.0,26.3
2025-03-14 18:00:00,2.1,100,100,12.1,1.7,0.0,10.7
2025-03-14 19:00:00,1.5,100,100,12.2,1.9,0.42,0.0
2025-03-14 20:00:00,1.4,100,100,12.2,1.4,0.49,0.0
2025-03-14 21:00:00,1.3,100,100,12.5,1.0,0.35,0.0
2025-03-14 22:00:00,1.2,100,100,13.1,0.6,0.07,0.0
2025-03-14 23:00:00,1.3,100,99,13.5,0.2,0.0,0.0
2025-03-15 00:00:00,1.4,100,97,10.4,0.0,0.0,0.0
2025-03-15 01:00:00,1.6,100,96,11.5,0.0,0.0,0.0
2025-03-15 02:00:00,1.6,100,96,10.3,0.0,0.0,0.0
2025-03-15 03:00:00,1.5,100,95,13.2,0.0,0.0,0.0
2025-03-15 04:00:00,1.3,100,94,13.8,0.0,0.0,0.0
2025-03-15 05:00:00,1.2,100,93,14.0,0.0,0.0,0.0
2025-03-15 06:00:00,1.0,100,92,13.8,0.0,0.0,0.0
2025-03-15 07:00:00,0.9,100,90,13.6,0.0,0.0,0.0
2025-03-15 08:00:00,0.9,100,89,15.1,0.0,0.0,29.2
2025-03-15 09:00:00,1.2,100,86,17.1,0.0,0.0,72.5
2025-03-15 10:00:00,1.7,100,82,16.7,0.0,0.0,128.2
2025-03-15 11:00:00,2.3,100,78,16.5,0.0,0.0,185.9
2025-03-15 12:00:00,3.2,100,73,17.2,0.0,0.0,269.8
2025-03-15 13:00:00,3.7,100,69,17.2,0.0,0.0,247.9
2025-03-15 14:00:00,4.4,100,66,16.7,0.0,0.0,253.6
2025-03-15 15:00:00,3.5,100,71,17.7,0.1,0.0,185.5
2025-03-15 16:00:00,3.5,100,71,16.1,0.0,0.0,130.4
2025-03-15 17:00:00,3.5,100,69,15.4,0.0,0.0,102.2
2025-03-15 18:00:00,3.1,100,69,13.1,0.0,0.0,44.7
2025-03-15 19:00:00,2.6,100,70,12.0,0.0,0.0,0.0
2025-03-15 20:00:00,2.0,100,72,11.4,0.0,0.0,0.0
2025-03-15 21:00:00,1.4,100,75,11.3,0.0,0.0,0.0
2025-03-15 22:00:00,0.8,100,77,11.2,0.0,0.0,0.0
2025-03-15 23:00:00,0.5,64,78,10.0,0.0,0.0,0.0
2025-03-16 00:00:00,-0.3,81,81,7.8,0.0,0.0,0.0
2025-03-16 01:00:00,-0.8,34,83,7.6,0.0,0.0,0.0
2025-03-16 02:00:00,-1.3,0,85,8.6,0.0,0.0,0.0
2025-03-16 03:00:00,-1.8,0,88,8.3,0.0,0.0,0.0
2025-03-16 04:00:00,-2.1,0,89,6.5,0.0,0.0,0.0
2025-03-16 05:00:00,-2.3,0,89,7.0,0.0,0.0,0.0
2025-03-16 06:00:00,-2.5,0,90,6.6,0.0,0.0,0.0
2025-03-16 07:00:00,-2.8,0,90,7.0,0.0,0.0,0.0
2025-03-16 08:00:00,-2.1,0,89,6.1,0.0,0.0,100.3
2025-03-16 09:00:00,-0.6,0,82,8.2,0.0,0.0,258.0
2025-03-16 10:00:00,1.2,0,71,10.3,0.0,0.0,413.9
2025-03-16 11:00:00,2.8,0,63,9.4,0.0,0.0,538.4
2025-03-16 12:00:00,4.1,0,58,7.8,0.0,0.0,615.7
2025-03-16 13:00:00,5.1,0,56,6.2,0.0,0.0,640.8
2025-03-16 14:00:00,5.9,0,53,4.8,0.0,0.0,607.4
2025-03-16 15:00:00,5.7,11,53,4.4,0.0,0.0,514.8
2025-03-16 16:00:00,5.9,0,50,4.0,0.0,0.0,393.4
2025-03-16 17:00:00,5.9,0,48,4.0,0.0,0.0,256.3
2025-03-16 18:00:00,5.3,0,55,3.1,0.0,0.0,100.5
2025-03-16 19:00:00,2.8,0,64,5.0,0.0,0.0,0.0
2025-03-16 20:00:00,2.1,0,62,6.7,0.0,0.0,0.0
2025-03-16 21:00:00,1.1,0,66,7.7,0.0,0.0,0.0
2025-03-16 22:00:00,0.0,0,72,5.2,0.0,0.0,0.0
2025-03-16 23:00:00,-0.4,8,73,5.2,0.0,0.0,0.0
2025-03-17 00:00:00,-0.1,100,73,7.0,0.0,0.0,0.0
2025-03-17 01:00:00,0.8,100,73,8.5,0.0,0.0,0.0
2025-03-17 02:00:00,0.8,93,74,8.2,0.0,0.0,0.0
2025-03-17 03:00:00,1.0,97,77,7.8,0.0,0.0,0.0
2025-03-17 04:00:00,0.8,100,79,8.9,0.0,0.0,0.0
2025-03-17 05:00:00,1.0,100,82,9.7,0.2,0.14,0.0
2025-03-17 06:00:00,0.6,100,90,11.1,0.5,0.35,0.0
2025-03-17 07:00:00,0.6,100,92,17.2,0.6,0.42,0.0
2025-03-17 08:00:00,-0.6,50,81,17.6,0.1,0.07,19.3
2025-03-17 09:00:00,-0.3,43,72,18.7,0.0,0.0,203.1
2025-03-17 10:00:00,0.4,0,59,19.9,0.0,0.0,403.7
2025-03-17 11:00:00,1.1,0,50,18.7,0.0,0.0,554.1
2025-03-17 12:00:00,2.0,7,45,18.5,0.0,0.0,634.1
2025-03-17 13:00:00,2.7,20,38,19.2,0.0,0.0,655.7
2025-03-17 14:00:00,3.0,42,36,21.0,0.0,0.0,609.4
2025-03-17 15:00:00,2.1,77,43,20.9,0.2,0.14,474.0
2025-03-17 16:00:00,2.0,84,42,19.4,0.0,0.0,355.9
2025-03-17 17:00:00,1.6,11,46,18.9,0.0,0.0,224.2
2025-03-17 18:00:00,0.7,0,51,14.9,0.0,0.0,98.1
2025-03-17 19:00:00,-0.5,0,54,12.0,0.0,0.0,0.0
2025-03-17 20:00:00,-1.3,0,58,11.0,0.0,0.0,0.0
2025-03-17 21:00:00,-2.1,0,63,10.8,0.0,0.0,0.0
2025-03-17 22:00:00,-2.7,0,67,10.7,0.0,0.0,0.0
2025-03-17 23:00:00,-2.9,0,70,10.4,0.0,0.0,0.0
2025-03-18 00:00:00,-3.0,0,70,9.9,0.0,0.0,0.0
2025-03-18 01:00:00,-3.3,0,71,8.6,0.0,0.0,0.0
2025-03-18 02:00:00,-3.5,0,72,7.2,0.0,0.0,0.0
2025-03-18 03:00:00,-3.4,0,76,7.8,0.0,0.0,0.0
2025-03-18 04:00:00,-3.6,0,78,6.3,0.0,0.0,0.0
2025-03-18 05:00:00,-3.9,0,80,4.8,0.0,0.0,0.0
2025-03-18 06:00:00,-4.2,0,82,4.4,0.0,0.0,0.0
2025-03-18 07:00:00,-4.4,0,82,4.2,0.0,0.0,0.0
2025-03-18 08:00:00,-3.6,0,77,4.9,0.0,0.0,110.5
2025-03-18 09:00:00,-1.9,0,68,4.7,0.0,0.0,270.5
2025-03-18 10:00:00,0.1,0,58,5.6,0.0,0.0,425.9
2025-03-18 11:00:00,1.5,1,51,7.9,0.0,0.0,548.0
2025-03-18 12:00:00,2.5,5,47,8.7,0.0,0.0,624.3
2025-03-18 13:00:00,3.4,0,44,9.0,0.0,0.0,647.5
2025-03-18 14:00:00,4.0,0,40,9.5,0.0,0.0,619.1
2025-03-18 15:00:00,4.6,59,40,10.2,0.0,0.0,501.3
2025-03-18 16:00:00,5.0,2,40,10.1,0.0,0.0,403.2
2025-03-18 17:00:00,4.8,4,41,9.7,0.0,0.0,258.7
2025-03-18 18:00:00,3.2,0,51,9.2,0.0,0.0,105.0
2025-03-18 19:00:00,1.0,0,58,8.3,0.0,0.0,0.0
2025-03-18 20:00:00,0.1,0,62,6.5,0.0,0.0,0.0
2025-03-18 21:00:00,-0.7,0,67,5.2,0.0,0.0,0.0
2025-03-18 22:00:00,-1.1,0,67,5.0,0.0,0.0,0.0
2025-03-18 23:00:00,-1.3,5,65,5.8,0.0,0.0,0.0
2025-03-19 00:00:00,-1.6,0,64,6.4,0.0,0.0,0.0
2025-03-19 01:00:00,-1.9,0,65,6.2,0.0,0.0,0.0
2025-03-19 02:00:00,-1.8,0,63,7.6,0.0,0.0,0.0
2025-03-19 03:00:00,-1.6,0,67,7.2,0.0,0.0,0.0
2025-03-19 04:00:00,-1.8,0,69,7.2,0.0,0.0,0.0
2025-03-19 05:00:00,-2.0,0,70,7.1,0.0,0.0,0.0
2025-03-19 06:00:00,-2.0,0,70,7.3,0.0,0.0,0.0
2025-03-19 07:00:00,-2.1,0,68,7.2,0.0,0.0,0.0
2025-03-19 08:00:00,-0.9,0,65,9.1,0.0,0.0,118.2
2025-03-19 09:00:00,1.4,0,57,7.0,0.0,0.0,280.6
2025-03-19 10:00:00,3.6,0,51,8.0,0.0,0.0,435.4
2025-03-19 11:00:00,5.2,0,43,10.3,0.0,0.0,558.3
2025-03-19 12:00:00,6.4,0,39,10.0,0.0,0.0,635.4
2025-03-19 13:00:00,7.4,0,38,9.4,0.0,0.0,660.5
2025-03-19 14:00:00,8.1,0,38,9.2,0.0,0.0,629.9
2025-03-19 15:00:00,8.4,0,36,9.3,0.0,0.0,550.1
2025-03-19 16:00:00,8.5,0,37,8.8,0.0,0.0,426.6
2025-03-19 17:00:00,8.1,0,39,8.1,0.0,0.0,274.0
2025-03-19 18:00:00,6.6,0,53,5.0,0.0,0.0,112.7
2025-03-19 19:00:00,4.0,0,59,5.7,0.0,0.0,0.0
2025-03-19 20:00:00,3.2,0,59,6.2,0.0,0.0,0.0
2025-03-19 21:00:00,2.7,0,60,8.0,0.0,0.0,0.0
2025-03-19 22:00:00,1.8,0,62,9.6,0.0,0.0,0.0
2025-03-19 23:00:00,1.6,0,61,12.4,0.0,0.0,0.0
2025-03-20 00:00:00,1.2,0,63,12.2,0.0,0.0,0.0
2025-03-20 01:00:00,0.7,0,64,11.7,0.0,0.0,0.0
2025-03-20 02:00:00,0.3,0,66,10.7,0.0,0.0,0.0
2025-03-20 03:00:00,0.6,0,64,10.5,0.0,0.0,0.0
2025-03-20 04:00:00,0.3,0,65,10.7,0.0,0.0,0.0
2025-03-20 05:00:00,0.1,0,65,10.6,0.0,0.0,0.0
2025-03-20 06:00:00,-0.2,0,65,10.1,0.0,0.0,0.0
2025-03-20 07:00:00,-0.6,0,67,9.3,0.0,0.0,14.6
2025-03-20 08:00:00,0.5,0,65,9.3,0.0,0.0,125.7
2025-03-20 09:00:00,2.6,0,62,7.1,0.0,0.0,291.9
2025-03-20 10:00:00,5.0,0,53,7.2,0.0,0.0,449.4
2025-03-20 11:00:00,7.1,0,45,9.5,0.0,0.0,570.8
2025-03-20 12:00:00,9.0,0,38,12.1,0.0,0.0,646.6
2025-03-20 13:00:00,10.4,0,37,13.8,0.0,0.0,670.4
2025-03-20 14:00:00,11.1,0,40,13.0,0.0,0.0,638.6
2025-03-20 15:00:00,11.8,0,33,11.6,0.0,0.0,558.7
2025-03-20 16:00:00,11.7,0,35,11.9,0.0,0.0,434.2
2025-03-20 17:00:00,11.0,0,41,9.9,0.0,0.0,279.6
2025-03-20 18:00:00,9.4,0,49,9.3,0.0,0.0,116.5
2025-03-20 19:00:00,7.5,0,53,11.6,0.0,0.0,0.0
2025-03-20 20:00:00,6.2,0,55,13.4,0.0,0.0,0.0
2025-03-20 21:00:00,5.0,0,59,12.2,0.0,0.0,0.0
2025-03-20 22:00:00,4.0,0,61,11.8,0.0,0.0,0.0
2025-03-20 23:00:00,3.2,0,63,11.4,0.0,0.0,0.0
2025-03-21 00:00:00,2.7,0,65,10.9,0.0,0.0,0.0
2025-03-21 01:00:00,2.3,0,67,9.9,0.0,0.0,0.0
2025-03-21 02:00:00,1.9,0,69,9.3,0.0,0.0,0.0
2025-03-21 03:00:00,2.4,0,65,9.5,0.0,0.0,0.0
2025-03-21 04:00:00,2.0,0,67,8.9,0.0,0.0,0.0
2025-03-21 05:00:00,1.7,0,68,8.1,0.0,0.0,0.0
2025-03-21 06:00:00,1.4,0,69,7.3,0.0,0.0,0.0
2025-03-21 07:00:00,1.3,11,70,7.1,0.0,0.0,11.5
2025-03-21 08:00:00,2.5,80,69,7.1,0.0,0.0,126.1
2025-03-21 09:00:00,4.7,8,66,5.4,0.0,0.0,289.1
2025-03-21 10:00:00,7.4,11,58,4.7,0.0,0.0,445.0
2025-03-21 11:00:00,9.8,11,52,6.4,0.0,0.0,565.8
2025-03-21 12:00:00,11.7,46,46,7.0,0.0,0.0,639.9
2025-03-21 13:00:00,13.0,36,41,6.4,0.0,0.0,662.2
2025-03-21 14:00:00,13.9,24,39,4.6,0.0,0.0,629.0
2025-03-21 15:00:00,14.3,0,35,4.0,0.0,0.0,551.5
2025-03-21 16:00:00,14.3,0,34,3.1,0.0,0.0,426.6
2025-03-21 17:00:00,13.9,7,36,3.8,0.0,0.0,274.7
2025-03-21 18:00:00,12.0,1,54,4.0,0.0,0.0,115.8
2025-03-21 19:00:00,9.4,0,54,6.0,0.0,0.0,0.0
2025-03-21 20:00:00,8.2,1,57,6.0,0.0,0.0,0.0
2025-03-21 21:00:00,6.7,2,63,6.3,0.0,0.0,0.0
2025-03-21 22:00:00,5.3,0,67,9.4,0.0,0.0,0.0
2025-03-21 23:00:00,4.5,0,69,7.2,0.0,0.0,0.0
2025-03-22 00:00:00,3.7,0,73,7.0,0.0,0.0,0.0
2025-03-22 01:00:00,3.0,0,76,7.4,0.0,0.0,0.0
2025-03-22 02:00:00,2.5,0,77,7.5,0.0,0.0,0.0
2025-03-22 03:00:00,3.1,0,73,8.3,0.0,0.0,0.0
2025-03-22 04:00:00,2.6,0,74,9.0,0.0,0.0,0.0
2025-03-22 05:00:00,2.2,0,75,8.6,0.0,0.0,0.0
2025-03-22 06:00:00,1.9,0,75,9.4,0.0,0.0,0.0
2025-03-22 07:00:00,2.2,0,73,10.0,0.0,0.0,19.0
2025-03-22 08:00:00,3.6,0,69,10.9,0.0,0.0,131.8
2025-03-22 09:00:00,6.0,0,66,10.2,0.0,0.0,296.6
2025-03-22 10:00:00,8.8,0,57,9.4,0.0,0.0,451.0
2025-03-22 11:00:00,11.0,0,47,13.3,0.0,0.0,572.8
2025-03-22 12:00:00,12.1,0,41,15.7,0.0,0.0,647.9
2025-03-22 13:00:00,12.8,0,39,15.6,0.0,0.0,670.1
2025-03-22 14:00:00,13.4,0,38,15.3,0.0,0.0,638.7
2025-03-22 15:00:00,14.1,0,34,16.4,0.0,0.0,558.3
2025-03-22 16:00:00,13.8,0,35,17.1,0.0,0.0,434.2
2025-03-22 17:00:00,13.0,1,37,16.6,0.0,0.0,281.1
2025-03-22 18:00:00,11.5,0,42,16.7,0.0,0.0,120.3
2025-03-22 19:00:00,9.7,4,46,17.4,0.0,0.0,0.0
2025-03-22 20:00:00,8.9,1,46,19.5,0.0,0.0,0.0
2025-03-22 21:00:00,8.1,74,50,16.9,0.0,0.0,0.0
2025-03-22 22:00:00,6.9,100,57,13.1,0.0,0.0,0.0
2025-03-22 23:00:00,5.9,59,62,10.9,0.0,0.0,0.0
2025-03-23 00:00:00,4.8,94,66,10.2,0.0,0.0,0.0
2025-03-23 01:00:00,4.4,100,68,10.6,0.0,0.0,0.0
2025-03-23 02:00:00,4.1,100,69,11.1,0.0,0.0,0.0
2025-03-23 03:00:00,5.6,100,68,10.3,0.0,0.0,0.0
2025-03-23 04:00:00,5.2,75,70,10.1,0.0,0.0,0.0
2025-03-23 05:00:00,5.7,100,70,10.2,0.0,0.0,0.0
2025-03-23 06:00:00,6.0,95,71,10.3,0.0,0.0,0.0
2025-03-23 07:00:00,5.3,53,75,10.0,0.0,0.0,16.2
2025-03-23 08:00:00,6.2,100,74,10.8,0.0,0.0,87.7
2025-03-23 09:00:00,7.7,100,75,10.3,0.0,0.0,161.5
2025-03-23 10:00:00,9.1,100,74,9.9,0.0,0.0,246.3
2025-03-23 11:00:00,9.8,100,75,10.0,0.0,0.0,222.2
2025-03-23 12:00:00,11.4,100,72,11.2,0.0,0.0,301.9
2025-03-23 13:00:00,11.0,100,75,11.4,0.1,0.0,164.0
2025-03-23 14:00:00,10.9,100,80,12.9,0.1,0.0,170.1
2025-03-23 15:00:00,10.7,100,85,14.0,2.0,0.0,196.4
2025-03-23 16:00:00,10.3,100,89,11.4,0.5,0.0,112.9
2025-03-23 17:00:00,9.9,100,94,8.2,2.8,0.0,61.3
2025-03-23 18:00:00,9.4,100,96,9.0,2.9,0.0,12.6
2025-03-23 19:00:00,9.1,100,96,10.0,2.1,0.0,0.0
2025-03-23 20:00:00,8.5,100,98,6.5,0.4,0.0,0.0
2025-03-23 21:00:00,8.7,100,95,8.7,0.0,0.0,0.0
2025-03-23 22:00:00,8.1,97,93,7.1,0.0,0.0,0.0
2025-03-23 23:00:00,7.4,93,93,6.4,0.1,0.0,0.0
2025-03-24 00:00:00,7.7,100,92,9.1,0.1,0.0,0.0
2025-03-24 01:00:00,7.9,92,93,8.2,0.1,0.0,0.0
2025-03-24 02:00:00,7.5,68,94,8.9,0.0,0.0,0.0
2025-03-24 03:00:00,8.3,99,94,12.9,0.1,0.0,0.0
2025-03-24 04:00:00,7.8,12,95,11.6,0.0,0.0,0.0
2025-03-24 05:00:00,7.2,65,94,11.7,0.5,0.0,0.0
2025-03-24 06:00:00,7.3,25,95,11.5,0.0,0.0,0.0
2025-03-24 07:00:00,6.7,96,96,10.1,0.0,0.0,14.1
2025-03-24 08:00:00,7.6,94,94,9.3,0.0,0.0,78.0
2025-03-24 09:00:00,8.8,100,92,10.1,0.0,0.0,254.9
2025-03-24 10:00:00,8.9,100,92,7.9,0.0,0.0,117.8
2025-03-24 11:00:00,9.3,100,89,8.2,0.0,0.0,122.4
2025-03-24 12:00:00,9.7,100,87,8.3,0.0,0.0,136.3
2025-03-24 13:00:00,10.8,100,81,7.3,0.0,0.0,252.4
2025-03-24 14:00:00,11.8,100,74,8.3,0.0,0.0,341.3
2025-03-24 15:00:00,12.4,100,68,9.3,0.0,0.0,385.6
2025-03-24 16:00:00,12.2,100,69,8.1,0.2,0.0,298.0
2025-03-24 17:00:00,11.3,100,72,9.0,0.0,0.0,71.2
2025-03-24 18:00:00,10.6,100,77,6.3,0.0,0.0,45.6
2025-03-24 19:00:00,9.8,100,84,4.3,0.0,0.0,0.0
2025-03-24 20:00:00,8.3,95,89,3.6,0.0,0.0,0.0
2025-03-24 21:00:00,8.0,100,89,3.9,0.0,0.0,0.0
2025-03-24 22:00:00,8.1,100,88,7.5,0.0,0.0,0.0
2025-03-24 23:00:00,7.6,100,90,7.2,0.0,0.0,0.0
2025-03-25 00:00:00,7.2,100,91,7.0,0.0,0.0,0.0
2025-03-25 01:00:00,7.1,100,92,5.1,0.0,0.0,0.0
2025-03-25 02:00:00,7.0,100,93,4.8,0.0,0.0,0.0
2025-03-25 03:00:00,5.8,95,96,1.5,0.0,0.0,0.0
2025-03-25 04:00:00,5.6,100,97,2.4,0.0,0.0,0.0
2025-03-25 05:00:00,5.7,100,97,3.4,0.0,0.0,0.0
2025-03-25 06:00:00,5.5,100,97,4.1,0.0,0.0,0.0
2025-03-25 07:00:00,5.4,99,97,4.4,0.0,0.0,12.5
2025-03-25 08:00:00,5.9,86,95,3.4,0.0,0.0,97.4
2025-03-25 09:00:00,6.9,68,91,2.8,0.0,0.0,186.3
2025-03-25 10:00:00,8.4,70,79,2.2,0.0,0.0,335.5
2025-03-25 11:00:00,9.8,100,70,3.8,0.0,0.0,428.4
2025-03-25 12:00:00,10.1,100,68,5.0,0.0,0.0,335.9
2025-03-25 13:00:00,11.2,73,63,5.2,0.0,0.0,446.4
2025-03-25 14:00:00,12.1,15,58,3.9,0.0,0.0,488.1
2025-03-25 15:00:00,12.6,6,53,2.4,0.0,0.0,507.4
2025-03-25 16:00:00,12.7,2,50,2.8,0.0,0.0,430.1
2025-03-25 17:00:00,12.5,3,49,2.6,0.0,0.0,286.5
2025-03-25 18:00:00,11.9,0,50,1.0,0.0,0.0,129.1
2025-03-25 19:00:00,9.4,1,67,2.0,0.0,0.0,0.0
2025-03-25 20:00:00,8.1,0,71,3.8,0.0,0.0,0.0
2025-03-25 21:00:00,7.5,0,74,5.5,0.0,0.0,0.0
2025-03-25 22:00:00,6.8,0,78,5.4,0.0,0.0,0.0
2025-03-25 23:00:00,6.2,0,82,6.5,0.0,0.0,0.0
2025-03-26 00:00:00,5.6,0,86,6.5,0.0,0.0,0.0
2025-03-26 01:00:00,5.2,0,88,6.1,0.0,0.0,0.0
2025-03-26 02:00:00,4.2,0,91,4.3,0.0,0.0,0.0
2025-03-26 03:00:00,4.8,0,89,4.7,0.0,0.0,0.0
2025-03-26 04:00:00,4.7,20,89,6.2,0.0,0.0,0.0
2025-03-26 05:00:00,4.3,87,90,5.8,0.0,0.0,0.0
2025-03-26 06:00:00,3.9,60,92,4.9,0.0,0.0,0.0
2025-03-26 07:00:00,4.3,4,92,5.1,0.0,0.0,22.4
2025-03-26 08:00:00,5.2,3,90,4.7,0.0,0.0,141.4
2025-03-26 09:00:00,7.5,3,82,3.1,0.0,0.0,303.9
2025-03-26 10:00:00,9.5,7,76,3.4,0.0,0.0,454.5
2025-03-26 11:00:00,11.3,14,73,4.2,0.0,0.0,565.2
2025-03-26 12:00:00,12.8,3,68,6.1,0.0,0.0,628.9
2025-03-26 13:00:00,13.5,33,63,7.6,0.1,0.0,627.3
2025-03-26 14:00:00,13.8,15,60,7.2,0.1,0.0,518.3
2025-03-26 15:00:00,14.1,15,60,7.8,0.0,0.0,457.0
2025-03-26 16:00:00,14.0,15,59,8.3,0.0,0.0,397.6
2025-03-26 17:00:00,13.8,25,59,9.7,0.0,0.0,262.5
2025-03-26 18:00:00,12.5,57,64,9.9,0.0,0.0,106.3
2025-03-26 19:00:00,11.0,69,71,7.7,0.0,0.0,1.9
2025-03-26 20:00:00,9.4,98,77,8.1,0.0,0.0,0.0
2025-03-26 21:00:00,8.3,100,79,12.2,0.0,0.0,0.0
2025-03-26 22:00:00,7.1,100,83,10.6,0.0,0.0,0.0
2025-03-26 23:00:00,6.7,94,85,9.1,0.0,0.0,0.0
2025-03-27 00:00:00,6.0,84,89,7.7,0.0,0.0,0.0
2025-03-27 01:00:00,5.6,92,93,7.9,0.0,0.0,0.0
2025-03-27 02:00:00,5.4,100,96,7.0,0.0,0.0,0.0
2025-03-27 03:00:00,6.0,100,96,6.9,0.0,0.0,0.0
2025-03-27 04:00:00,6.1,100,96,8.5,0.0,0.0,0.0
2025-03-27 05:00:00,6.4,100,94,9.6,0.0,0.0,0.0
2025-03-27 06:00:00,6.3,100,93,6.1,0.0,0.0,0.0
2025-03-27 07:00:00,6.4,99,92,4.5,0.0,0.0,15.3
2025-03-27 08:00:00,6.7,100,87,6.6,0.0,0.0,89.8
2025-03-27 09:00:00,7.1,100,82,7.4,0.0,0.0,109.2
2025-03-27 10:00:00,7.3,100,79,7.0,0.0,0.0,101.2
2025-03-27 11:00:00,8.1,100,74,6.9,0.0,0.0,206.2
2025-03-27 12:00:00,8.7,100,71,7.5,0.0,0.0,253.5
2025-03-27 13:00:00,9.4,100,68,7.5,0.0,0.0,318.6
2025-03-27 14:00:00,10.0,100,64,7.6,0.0,0.0,319.9
2025-03-27 15:00:00,8.8,100,68,9.5,0.0,0.0,196.8
2025-03-27 16:00:00,8.7,100,68,9.6,0.0,0.0,182.0
2025-03-27 17:00:00,8.5,100,68,9.5,0.0,0.0,136.9
2025-03-27 18:00:00,8.1,100,68,8.4,0.0,0.0,60.5
2025-03-27 19:00:00,7.8,100,72,4.8,0.0,0.0,2.6
2025-03-27 20:00:00,7.3,100,75,5.1,0.0,0.0,0.0
2025-03-27 21:00:00,6.9,100,76,7.5,0.0,0.0,0.0
2025-03-27 22:00:00,6.4,83,77,8.4,0.0,0.0,0.0
2025-03-27 23:00:00,6.0,84,78,7.7,0.0,0.0,0.0
2025-03-28 00:00:00,5.8,69,78,7.8,0.0,0.0,0.0
2025-03-28 01:00:00,5.4,53,80,8.2,0.0,0.0,0.0
2025-03-28 02:00:00,5.0,58,82,8.9,0.0,0.0,0.0
2025-03-28 03:00:00,4.4,0,83,9.1,0.0,0.0,0.0
2025-03-28 04:00:00,3.6,0,87,10.6,0.0,0.0,0.0
2025-03-28 05:00:00,3.2,3,88,10.7,0.0,0.0,0.0
2025-03-28 06:00:00,2.9,5,90,11.0,0.0,0.0,0.0
2025-03-28 07:00:00,2.9,6,90,12.0,0.0,0.0,32.6
2025-03-28 08:00:00,4.1,0,87,10.6,0.0,0.0,157.2
2025-03-28 09:00:00,6.4,0,77,11.8,0.0,0.0,322.5
2025-03-28 10:00:00,8.5,0,69,13.9,0.0,0.0,476.8
2025-03-28 11:00:00,10.3,2,62,15.8,0.0,0.0,595.5
2025-03-28 12:00:00,11.6,5,60,15.8,0.0,0.0,669.9
2025-03-28 13:00:00,12.7,3,59,16.1,0.0,0.0,686.3
2025-03-28 14:00:00,13.6,34,57,17.3,0.0,0.0,654.5
2025-03-28 15:00:00,14.3,28,52,19.2,0.0,0.0,568.9
2025-03-28 16:00:00,14.5,100,51,20.0,0.0,0.0,396.5
2025-03-28 17:00:00,14.2,76,55,19.3,0.0,0.0,246.3
2025-03-28 18:00:00,13.0,98,63,15.9,0.0,0.0,129.5
2025-03-28 19:00:00,11.6,100,69,12.1,0.0,0.0,7.1
2025-03-28 20:00:00,10.7,100,73,11.9,0.0,0.0,0.0
2025-03-28 21:00:00,10.3,100,74,12.6,0.0,0.0,0.0
2025-03-28 22:00:00,10.2,98,74,13.0,0.0,0.0,0.0
2025-03-28 23:00:00,9.7,62,77,12.7,0.0,0.0,0.0
2025-03-29 00:00:00,9.0,49,79,12.3,0.0,0.0,0.0
2025-03-29 01:00:00,8.4,100,80,11.7,0.0,0.0,0.0
2025-03-29 02:00:00,7.8,100,82,11.2,0.0,0.0,0.0
2025-03-29 03:00:00,7.8,47,82,10.5,0.0,0.0,0.0
2025-03-29 04:00:00,7.2,99,84,10.1,0.0,0.0,0.0
2025-03-29 05:00:00,6.8,100,85,9.7,0.0,0.0,0.0
2025-03-29 06:00:00,6.5,100,86,8.6,0.0,0.0,0.0
2025-03-29 07:00:00,6.4,100,87,8.1,0.0,0.0,30.1
2025-03-29 08:00:00,7.4,100,85,7.1,0.0,0.0,137.1
2025-03-29 09:00:00,8.7,100,79,6.5,0.0,0.0,286.9
2025-03-29 10:00:00,10.4,100,75,3.5,0.0,0.0,415.9
2025-03-29 11:00:00,11.9,100,71,3.5,0.0,0.0,504.4
2025-03-29 12:00:00,13.6,100,67,4.0,0.0,0.0,593.8
2025-03-29 13:00:00,15.0,100,63,4.2,0.0,0.0,622.9
2025-03-29 14:00:00,16.5,100,58,7.9,0.0,0.0,539.8
2025-03-29 15:00:00,16.0,100,57,12.7,0.0,0.0,272.8
2025-03-29 16:00:00,15.6,100,55,11.2,0.0,0.0,207.4
2025-03-29 17:00:00,15.5,100,55,10.8,0.0,0.0,169.0
2025-03-29 18:00:00,14.6,100,59,9.9,0.0,0.0,73.2
2025-03-29 19:00:00,13.2,100,65,7.0,0.0,0.0,5.2
2025-03-29 20:00:00,12.2,100,68,8.0,0.0,0.0,0.0
2025-03-29 21:00:00,11.4,100,68,10.9,0.0,0.0,0.0
2025-03-29 22:00:00,10.6,100,69,10.3,0.0,0.0,0.0
2025-03-29 23:00:00,8.9,100,74,8.2,0.0,0.0,0.0
2025-03-30 00:00:00,8.9,100,76,7.0,0.0,0.0,0.0
2025-03-30 01:00:00,8.6,100,81,4.1,0.0,0.0,0.0
2025-03-30 02:00:00,8.5,100,83,0.7,0.0,0.0,0.0
2025-03-30 03:00:00,8.1,100,77,5.0,0.0,0.0,0.0
2025-03-30 04:00:00,7.7,100,79,4.5,0.0,0.0,0.0
2025-03-30 05:00:00,7.6,100,80,3.7,0.0,0.0,0.0
2025-03-30 06:00:00,7.3,99,81,2.9,0.0,0.0,0.0
2025-03-30 07:00:00,7.0,91,82,5.2,0.0,0.0,28.0
2025-03-30 08:00:00,7.3,60,82,8.3,0.0,0.0,119.1
2025-03-30 09:00:00,8.1,28,83,10.8,0.0,0.0,288.3
2025-03-30 10:00:00,9.6,7,79,10.5,0.0,0.0,451.5
2025-03-30 11:00:00,10.9,3,72,13.0,0.0,0.0,602.0
2025-03-30 12:00:00,11.9,0,66,10.2,0.0,0.0,676.5
2025-03-30 13:00:00,12.9,12,63,8.8,0.0,0.0,706.2
2025-03-30 14:00:00,13.2,99,61,10.6,0.0,0.0,661.4
2025-03-30 15:00:00,12.1,100,64,12.4,0.0,0.0,402.4
2025-03-30 16:00:00,11.3,100,66,12.4,0.0,0.0,210.2
2025-03-30 17:00:00,10.8,100,67,8.5,0.0,0.0,152.7
2025-03-30 18:00:00,10.5,100,68,7.6,0.0,0.0,91.3
2025-03-30 19:00:00,9.4,100,76,4.2,0.0,0.0,9.4
2025-03-30 20:00:00,9.1,100,78,4.5,0.0,0.0,0.0
2025-03-30 21:00:00,8.9,100,80,5.4,0.0,0.0,0.0
2025-03-30 22:00:00,8.2,100,83,4.0,0.0,0.0,0.0
2025-03-30 23:00:00,7.6,100,84,8.4,0.0,0.0,0.0
2025-03-31 00:00:00,7.1,100,81,8.8,0.0,0.0,0.0
2025-03-31 01:00:00,6.4,100,80,10.6,0.0,0.0,0.0
2025-03-31 02:00:00,5.5,99,82,10.2,0.0,0.0,0.0
2025-03-31 03:00:00,5.5,100,85,9.4,0.0,0.0,0.0
2025-03-31 04:00:00,5.0,93,88,8.9,0.0,0.0,0.0
2025-03-31 05:00:00,4.7,85,92,8.4,0.0,0.0,0.0
2025-03-31 06:00:00,4.2,100,95,8.8,0.0,0.0,0.0
2025-03-31 07:00:00,4.6,100,95,9.8,0.0,0.0,26.1
2025-03-31 08:00:00,5.3,100,89,12.5,0.0,0.0,63.3
2025-03-31 09:00:00,5.9,99,83,10.2,0.1,0.0,96.6
2025-03-31 10:00:00,6.9,90,78,9.1,0.1,0.0,206.7
2025-03-31 11:00:00,7.9,100,70,7.6,0.1,0.0,322.8
2025-03-31 12:00:00,8.9,62,65,7.1,0.0,0.0,386.9
2025-03-31 13:00:00,9.7,94,59,8.1,0.1,0.0,403.7
2025-03-31 14:00:00,10.3,69,55,9.1,0.1,0.0,421.2
2025-03-31 15:00:00,9.3,77,62,10.3,0.1,0.0,246.8
2025-03-31 16:00:00,10.3,44,57,9.7,0.0,0.0,338.4
2025-03-31 17:00:00,10.2,54,58,10.9,0.3,0.0,231.2
2025-03-31 18:00:00,9.8,50,63,9.0,0.3,0.0,97.6
2025-03-31 19:00:00,8.8,62,66,7.8,0.1,0.0,11.1
2025-03-31 20:00:00,8.3,28,66,10.8,0.0,0.0,0.0
2025-03-31 21:00:00,7.2,27,72,9.8,0.0,0.0,0.0
2025-03-31 22:00:00,6.5,71,76,10.8,0.0,0.0,0.0
2025-03-31 23:00:00,5.7,27,81,10.5,0.0,0.0,0.0
2025-04-01 00:00:00,5.3,91,85,10.8,0.0,0.0,0.0
2025-04-01 01:00:00,5.6,72,86,11.6,0.0,0.0,0.0
2025-04-01 02:00:00,5.1,100,89,11.8,0.0,0.0,0.0
2025-04-01 03:00:00,5.3,5,88,12.1,0.0,0.0,0.0
2025-04-01 04:00:00,4.7,41,88,10.9,0.0,0.0,0.0
2025-04-01 05:00:00,4.2,100,90,10.5,0.0,0.0,0.0
2025-04-01 06:00:00,4.6,100,87,10.6,0.0,0.0,0.0
2025-04-01 07:00:00,4.7,100,87,11.2,0.0,0.0,14.0
2025-04-01 08:00:00,4.9,100,86,11.2,0.1,0.0,26.2
2025-04-01 09:00:00,5.2,100,87,11.2,0.1,0.0,62.2
2025-04-01 10:00:00,6.2,100,83,14.7,0.0,0.0,138.7
2025-04-01 11:00:00,7.7,100,78,13.9,0.0,0.0,288.1
2025-04-01 12:00:00,9.1,100,74,13.9,0.0,0.0,385.7
2025-04-01 13:00:00,9.7,100,72,14.4,0.0,0.0,240.0
2025-04-01 14:00:00,10.6,100,68,16.5,0.0,0.0,272.4
2025-04-01 15:00:00,9.0,100,73,15.5,0.0,0.0,258.1
2025-04-01 16:00:00,9.2,100,73,15.8,0.0,0.0,201.6
2025-04-01 17:00:00,9.2,100,73,15.5,0.0,0.0,147.5
2025-04-01 18:00:00,9.6,91,71,10.1,0.0,0.0,60.5
2025-04-01 19:00:00,9.2,16,74,7.1,0.0,0.0,12.2
2025-04-01 20:00:00,7.9,11,80,9.7,0.0,0.0,0.0
2025-04-01 21:00:00,7.6,35,82,11.1,0.0,0.0,0.0
2025-04-01 22:00:00,7.3,100,83,10.9,0.0,0.0,0.0
2025-04-01 23:00:00,7.3,100,83,11.8,0.0,0.0,0.0
2025-04-02 00:00:00,8.0,100,83,11.6,0.1,0.0,0.0
2025-04-02 01:00:00,7.8,100,86,9.6,0.1,0.0,0.0
2025-04-02 02:00:00,7.7,100,88,10.3,0.0,0.0,0.0
2025-04-02 03:00:00,7.8,100,87,10.6,0.1,0.0,0.0
2025-04-02 04:00:00,7.7,100,88,11.4,0.0,0.0,0.0
2025-04-02 05:00:00,7.3,100,88,12.1,0.0,0.0,0.0
2025-04-02 06:00:00,7.0,79,87,11.8,0.0,0.0,0.0
2025-04-02 07:00:00,6.5,98,88,12.5,0.0,0.0,42.7
2025-04-02 08:00:00,7.3,97,84,10.0,0.0,0.0,158.4
2025-04-02 09:00:00,8.3,100,77,11.7,0.0,0.0,273.3
2025-04-02 10:00:00,9.7,100,71,12.0,0.0,0.0,387.5
2025-04-02 11:00:00,11.3,100,65,11.2,0.0,0.0,503.8
2025-04-02 12:00:00,13.1,69,57,13.3,0.0,0.0,571.0
2025-04-02 13:00:00,14.6,65,46,18.5,0.0,0.0,688.7
2025-04-02 14:00:00,15.3,39,40,20.9,0.0,0.0,644.9
2025-04-02 15:00:00,15.3,63,38,17.9,0.0,0.0,490.1
2025-04-02 16:00:00,15.6,22,37,19.0,0.0,0.0,432.3
2025-04-02 17:00:00,15.4,39,38,18.4,0.0,0.0,301.4
2025-04-02 18:00:00,14.3,8,44,15.3,0.0,0.0,126.0
2025-04-02 19:00:00,12.7,16,52,12.5,0.0,0.0,21.1
2025-04-02 20:00:00,11.0,3,61,11.4,0.0,0.0,0.0
2025-04-02 21:00:00,10.0,0,66,12.2,0.0,0.0,0.0
2025-04-02 22:00:00,9.2,0,68,12.6,0.0,0.0,0.0
2025-04-02 23:00:00,8.5,0,70,12.6,0.0,0.0,0.0
2025-04-03 00:00:00,8.0,0,71,13.2,0.0,0.0,0.0
2025-04-03 01:00:00,7.7,0,70,13.1,0.0,0.0,0.0
2025-04-03 02:00:00,7.0,0,71,11.7,0.0,0.0,0.0
2025-04-03 03:00:00,6.9,0,67,10.7,0.0,0.0,0.0
2025-04-03 04:00:00,6.3,0,70,10.4,0.0,0.0,0.0
2025-04-03 05:00:00,5.7,0,72,10.6,0.0,0.0,0.0
2025-04-03 06:00:00,5.2,0,75,9.3,0.0,0.0,0.0
2025-04-03 07:00:00,5.2,0,76,8.1,0.0,0.0,52.7
2025-04-03 08:00:00,6.6,0,74,6.4,0.0,0.0,191.1
2025-04-03 09:00:00,8.7,0,67,5.1,0.0,0.0,358.4
2025-04-03 10:00:00,11.0,0,62,6.1,0.0,0.0,509.5
2025-04-03 11:00:00,13.0,0,54,6.8,0.0,0.0,624.7
2025-04-03 12:00:00,14.5,0,45,9.6,0.0,0.0,694.0
2025-04-03 13:00:00,15.4,0,43,10.6,0.0,0.0,711.7
2025-04-03 14:00:00,16.1,0,41,10.7,0.0,0.0,678.1
2025-04-03 15:00:00,16.7,0,39,12.0,0.0,0.0,597.3
2025-04-03 16:00:00,16.7,1,40,12.1,0.0,0.0,473.9
2025-04-03 17:00:00,16.6,4,39,14.0,0.0,0.0,322.9
2025-04-03 18:00:00,15.6,8,46,10.7,0.0,0.0,155.6
2025-04-03 19:00:00,13.6,4,56,7.4,0.0,0.0,23.8
2025-04-03 20:00:00,12.1,0,62,7.5,0.0,0.0,0.0
2025-04-03 21:00:00,10.9,8,67,7.3,0.0,0.0,0.0
2025-04-03 22:00:00,10.1,0,71,7.6,0.0,0.0,0.0
2025-04-03 23:00:00,9.5,0,74,7.4,0.0,0.0,0.0
2025-04-04 00:00:00,8.8,0,77,6.9,0.0,0.0,0.0
2025-04-04 01:00:00,8.2,0,80,6.4,0.0,0.0,0.0
2025-04-04 02:00:00,7.3,1,84,5.0,0.0,0.0,0.0
2025-04-04 03:00:00,5.4,0,86,3.2,0.0,0.0,0.0
2025-04-04 04:00:00,5.2,0,87,3.7,0.0,0.0,0.0
2025-04-04 05:00:00,5.1,0,87,4.1,0.0,0.0,0.0
2025-04-04 06:00:00,4.8,0,88,3.1,0.0,0.0,0.0
2025-04-04 07:00:00,5.1,0,89,1.9,0.0,0.0,55.8
2025-04-04 08:00:00,6.9,0,84,3.5,0.0,0.0,193.6
2025-04-04 09:00:00,9.8,0,76,1.7,0.0,0.0,359.7
2025-04-04 10:00:00,12.7,0,68,2.7,0.0,0.0,509.9
2025-04-04 11:00:00,15.1,0,60,3.6,0.0,0.0,624.2
2025-04-04 12:00:00,16.7,0,53,3.5,0.0,0.0,693.7
2025-04-04 13:00:00,17.7,0,49,3.3,0.0,0.0,712.5
2025-04-04 14:00:00,18.3,5,47,3.7,0.0,0.0,670.3
2025-04-04 15:00:00,18.9,89,42,7.3,0.0,0.0,533.6
2025-04-04 16:00:00,18.2,100,41,10.6,0.0,0.0,311.7
2025-04-04 17:00:00,17.7,33,40,9.9,0.0,0.0,211.2
2025-04-04 18:00:00,17.2,69,47,5.3,0.0,0.0,147.8
2025-04-04 19:00:00,15.5,36,54,6.1,0.0,0.0,23.8
2025-04-04 20:00:00,14.5,26,56,9.9,0.0,0.0,0.0
2025-04-04 21:00:00,13.2,59,63,7.3,0.0,0.0,0.0
2025-04-04 22:00:00,11.5,86,73,4.8,0.0,0.0,0.0
2025-04-04 23:00:00,10.9,72,75,7.0,0.0,0.0,0.0
2025-04-05 00:00:00,10.3,95,77,8.1,0.0,0.0,0.0
2025-04-05 01:00:00,9.8,32,79,7.1,0.0,0.0,0.0
2025-04-05 02:00:00,9.0,100,83,7.3,0.0,0.0,0.0
2025-04-05 03:00:00,9.0,100,76,8.5,0.0,0.0,0.0
2025-04-05 04:00:00,8.5,100,77,8.8,0.0,0.0,0.0
2025-04-05 05:00:00,8.0,9,80,8.8,0.0,0.0,0.0
2025-04-05 06:00:00,7.2,57,84,9.9,0.1,0.0,0.0
2025-04-05 07:00:00,6.9,100,88,12.6,0.2,0.0,47.4
2025-04-05 08:00:00,6.7,100,87,11.1,0.0,0.0,134.5
2025-04-05 09:00:00,6.9,100,75,11.7,0.0,0.0,246.8
2025-04-05 10:00:00,7.6,100,58,11.0,0.0,0.0,395.9
2025-04-05 11:00:00,8.2,97,41,13.7,0.0,0.0,505.9
2025-04-05 12:00:00,8.6,34,38,15.5,0.0,0.0,664.4
2025-04-05 13:00:00,9.4,23,36,16.3,0.0,0.0,744.5
2025-04-05 14:00:00,9.9,47,33,19.8,0.0,0.0,682.0
2025-04-05 15:00:00,8.9,100,37,20.1,0.0,0.0,516.0
2025-04-05 16:00:00,7.2,100,41,21.8,0.0,0.0,220.2
2025-04-05 17:00:00,4.9,97,56,21.0,0.2,0.07,115.0
2025-04-05 18:00:00,4.3,95,52,25.9,0.0,0.0,108.5
2025-04-05 19:00:00,3.6,86,56,16.4,0.0,0.0,16.9
2025-04-05 20:00:00,3.4,1,44,19.9,0.0,0.0,0.0
2025-04-05 21:00:00,2.3,0,46,19.3,0.0,0.0,0.0
2025-04-05 22:00:00,1.2,0,50,19.8,0.0,0.0,0.0
2025-04-05 23:00:00,0.2,0,55,19.2,0.0,0.0,0.0
2025-04-06 00:00:00,-0.6,0,57,18.2,0.0,0.0,0.0
2025-04-06 01:00:00,-1.3,20,61,16.7,0.0,0.0,0.0
2025-04-06 02:00:00,-1.6,68,65,16.5,0.0,0.0,0.0
2025-04-06 03:00:00,-1.2,100,63,16.3,0.0,0.0,0.0
2025-04-06 04:00:00,-1.4,100,65,16.5,0.0,0.0,0.0
2025-04-06 05:00:00,-1.6,100,66,15.7,0.0,0.0,0.0
2025-04-06 06:00:00,-1.6,100,67,15.0,0.0,0.0,0.0
2025-04-06 07:00:00,-1.6,100,66,16.7,0.0,0.0,29.2
2025-04-06 08:00:00,-1.2,100,63,19.3,0.0,0.0,88.9
2025-04-06 09:00:00,-1.1,100,62,19.1,0.0,0.0,103.2
2025-04-06 10:00:00,-0.6,100,59,18.9,0.0,0.0,165.7
2025-04-06 11:00:00,0.3,98,55,19.0,0.0,0.0,274.2
2025-04-06 12:00:00,1.9,98,44,20.2,0.0,0.0,514.2
2025-04-06 13:00:00,2.0,80,41,22.1,0.0,0.0,378.2
2025-04-06 14:00:00,2.0,100,43,22.2,0.0,0.0,393.1
2025-04-06 15:00:00,1.2,100,50,22.0,0.0,0.0,210.6
2025-04-06 16:00:00,1.9,100,41,21.8,0.0,0.0,182.6
2025-04-06 17:00:00,2.5,97,40,22.0,0.0,0.0,156.4
2025-04-06 18:00:00,2.0,98,39,19.5,0.0,0.0,65.2
2025-04-06 19:00:00,1.7,98,44,16.6,0.0,0.0,18.6
2025-04-06 20:00:00,1.3,100,47,14.7,0.0,0.0,0.0
2025-04-06 21:00:00,1.0,89,50,11.7,0.0,0.0,0.0
2025-04-06 22:00:00,0.7,100,51,11.3,0.0,0.0,0.0
2025-04-06 23:00:00,0.3,91,55,11.2,0.0,0.0,0.0
2025-04-07 00:00:00,-0.1,100,56,10.9,0.0,0.0,0.0
2025-04-07 01:00:00,-0.4,94,63,8.1,0.1,0.07,0.0
2025-04-07 02:00:00,-0.6,100,66,5.9,0.0,0.0,0.0
2025-04-07 03:00:00,-0.9,100,66,8.5,0.0,0.0,0.0
2025-04-07 04:00:00,-0.6,100,67,9.8,0.1,0.07,0.0
2025-04-07 05:00:00,-0.6,100,69,9.6,0.0,0.0,0.0
2025-04-07 06:00:00,-0.7,75,69,9.8,0.0,0.0,0.0
2025-04-07 07:00:00,-1.2,22,71,10.1,0.0,0.0,65.9
2025-04-07 08:00:00,-0.4,75,69,9.4,0.0,0.0,220.5
2025-04-07 09:00:00,1.1,16,62,12.0,0.0,0.0,341.1
2025-04-07 10:00:00,2.6,44,48,17.5,0.0,0.0,503.3
2025-04-07 11:00:00,3.5,99,45,16.5,0.0,0.0,551.1
2025-04-07 12:00:00,4.0,100,46,15.7,0.0,0.0,424.0
2025-04-07 13:00:00,3.8,100,48,14.7,0.0,0.0,224.7
2025-04-07 14:00:00,4.4,99,47,13.6,0.0,0.0,256.9
2025-04-07 15:00:00,5.0,100,45,14.1,0.0,0.0,294.3
2025-04-07 16:00:00,5.4,100,41,14.4,0.0,0.0,186.4
2025-04-07 17:00:00,5.7,100,41,15.2,0.0,0.0,150.8
2025-04-07 18:00:00,5.6,100,44,13.6,0.0,0.0,82.5
2025-04-07 19:00:00,5.1,100,51,8.4,0.0,0.0,8.5
2025-04-07 20:00:00,4.5,81,58,8.9,0.0,0.0,0.0
2025-04-07 21:00:00,3.5,26,67,9.3,0.0,0.0,0.0
2025-04-07 22:00:00,2.8,22,73,11.1,0.0,0.0,0.0
2025-04-07 23:00:00,2.1,95,80,9.7,0.2,0.14,0.0
2025-04-08 00:00:00,2.2,99,85,9.5,0.0,0.0,0.0
2025-04-08 01:00:00,2.1,96,90,9.7,0.0,0.0,0.0
2025-04-08 02:00:00,1.9,63,94,9.3,0.0,0.0,0.0
2025-04-08 03:00:00,1.3,67,95,9.4,0.0,0.0,0.0
2025-04-08 04:00:00,1.6,23,95,9.7,0.0,0.0,0.0
2025-04-08 05:00:00,1.3,21,96,9.3,0.0,0.0,0.0
2025-04-08 06:00:00,1.1,2,96,8.3,0.0,0.0,0.0
2025-04-08 07:00:00,1.0,12,96,7.9,0.0,0.0,72.7
2025-04-08 08:00:00,2.5,64,88,7.2,0.0,0.0,216.1
2025-04-08 09:00:00,3.7,79,73,8.2,0.0,0.0,321.1
2025-04-08 10:00:00,4.9,55,60,9.3,0.0,0.0,407.7
2025-04-08 11:00:00,6.4,31,48,15.8,0.0,0.0,589.2
2025-04-08 12:00:00,7.1,93,40,16.6,0.0,0.0,601.6
2025-04-08 13:00:00,7.1,97,42,15.7,0.0,0.0,496.4
2025-04-08 14:00:00,6.9,98,44,15.6,0.0,0.0,329.9
2025-04-08 15:00:00,7.6,90,39,15.9,0.0,0.0,444.0
2025-04-08 16:00:00,8.0,60,35,15.9,0.0,0.0,340.6
2025-04-08 17:00:00,8.5,54,30,16.2,0.0,0.0,278.5
2025-04-08 18:00:00,8.2,40,32,16.4,0.0,0.0,162.8
2025-04-08 19:00:00,7.2,5,37,12.1,0.0,0.0,37.7
2025-04-08 20:00:00,5.6,9,44,6.9,0.0,0.0,0.0
2025-04-08 21:00:00,4.8,0,47,8.5,0.0,0.0,0.0
2025-04-08 22:00:00,4.0,25,50,9.5,0.0,0.0,0.0
2025-04-08 23:00:00,3.2,26,53,9.4,0.0,0.0,0.0
2025-04-09 00:00:00,2.4,13,57,10.5,0.0,0.0,0.0
2025-04-09 01:00:00,1.6,2,62,9.2,0.0,0.0,0.0
2025-04-09 02:00:00,0.9,10,67,6.1,0.0,0.0,0.0
2025-04-09 03:00:00,0.5,1,64,4.2,0.0,0.0,0.0
2025-04-09 04:00:00,0.1,15,66,5.4,0.0,0.0,0.0
2025-04-09 05:00:00,-0.4,15,68,5.7,0.0,0.0,0.0
2025-04-09 06:00:00,-1.0,20,71,4.4,0.0,0.0,0.0
2025-04-09 07:00:00,-0.2,16,67,5.5,0.0,0.0,76.7
2025-04-09 08:00:00,1.8,40,59,4.2,0.0,0.0,229.5
2025-04-09 09:00:00,4.0,23,46,4.7,0.0,0.0,398.9
2025-04-09 10:00:00,5.8,18,42,5.4,0.0,0.0,550.0
2025-04-09 11:00:00,7.2,1,39,5.6,0.0,0.0,665.8
2025-04-09 12:00:00,8.4,1,36,5.6,0.0,0.0,735.7
2025-04-09 13:00:00,9.5,0,33,6.3,0.0,0.0,754.1
2025-04-09 14:00:00,11.0,73,28,8.2,0.0,0.0,717.2
2025-04-09 15:00:00,10.9,97,29,9.9,0.0,0.0,558.9
2025-04-09 16:00:00,10.4,99,31,12.2,0.0,0.0,280.4
2025-04-09 17:00:00,10.0,100,32,13.5,0.0,0.0,167.4
2025-04-09 18:00:00,9.8,69,32,13.0,0.0,0.0,88.5
2025-04-09 19:00:00,8.8,98,37,11.5,0.0,0.0,35.7
2025-04-09 20:00:00,7.9,100,42,11.2,0.0,0.0,0.0
2025-04-09 21:00:00,8.0,100,44,11.2,0.0,0.0,0.0
2025-04-09 22:00:00,7.5,100,47,11.5,0.0,0.0,0.0
2025-04-09 23:00:00,7.0,100,55,14.4,0.2,0.0,0.0
2025-04-10 00:00:00,5.8,100,74,15.9,0.2,0.0,0.0
2025-04-10 01:00:00,5.7,100,84,15.6,0.1,0.0,0.0
2025-04-10 02:00:00,6.0,100,82,16.3,0.0,0.0,0.0
2025-04-10 03:00:00,6.6,100,72,20.0,0.3,0.0,0.0
2025-04-10 04:00:00,4.1,100,84,22.2,0.2,0.0,0.0
2025-04-10 05:00:00,2.0,100,69,15.7,0.0,0.0,0.0
2025-04-10 06:00:00,1.4,100,59,14.1,0.0,0.0,0.0
2025-04-10 07:00:00,1.1,95,57,15.1,0.0,0.0,49.1
2025-04-10 08:00:00,1.3,3,55,14.4,0.0,0.0,215.9
2025-04-10 09:00:00,2.3,28,48,14.0,0.0,0.0,412.1
2025-04-10 10:00:00,3.8,100,36,18.0,0.0,0.0,562.7
2025-04-10 11:00:00,5.0,58,29,19.8,0.0,0.0,594.8
2025-04-10 12:00:00,5.9,75,28,19.2,0.0,0.0,648.7
2025-04-10 13:00:00,6.8,78,26,20.0,0.0,0.0,715.8
2025-04-10 14:00:00,7.3,74,25,20.8,0.0,0.0,653.0
2025-04-10 15:00:00,6.1,99,33,19.9,0.0,0.0,375.6
2025-04-10 16:00:00,6.3,100,33,20.3,0.0,0.0,312.2
2025-04-10 17:00:00,6.7,100,30,21.1,0.0,0.0,193.9
2025-04-10 18:00:00,6.8,100,30,20.3,0.0,0.0,124.0
2025-04-10 19:00:00,6.5,100,33,15.8,0.0,0.0,36.5
2025-04-10 20:00:00,5.9,93,39,10.9,0.0,0.0,0.0
2025-04-10 21:00:00,5.3,100,42,7.2,0.0,0.0,0.0
2025-04-10 22:00:00,5.5,100,43,10.2,0.0,0.0,0.0
2025-04-10 23:00:00,5.7,100,43,12.2,0.0,0.0,0.0
2025-04-11 00:00:00,5.9,99,52,12.6,0.0,0.0,0.0
2025-04-11 01:00:00,5.7,100,66,14.2,0.0,0.0,0.0
2025-04-11 02:00:00,5.9,99,70,14.5,0.0,0.0,0.0
2025-04-11 03:00:00,6.6,100,66,15.0,0.0,0.0,0.0
2025-04-11 04:00:00,6.8,100,66,15.5,0.0,0.0,0.0
2025-04-11 05:00:00,7.0,100,66,17.3,0.0,0.0,0.0
2025-04-11 06:00:00,6.7,100,67,16.9,0.0,0.0,0.0
2025-04-11 07:00:00,6.6,100,68,18.0,0.0,0.0,53.7
2025-04-11 08:00:00,7.4,100,66,17.1,0.0,0.0,140.8
2025-04-11 09:00:00,7.4,100,69,23.0,0.0,0.0,149.3
2025-04-11 10:00:00,7.0,100,70,22.3,0.0,0.0,145.8
2025-04-11 11:00:00,6.8,100,71,20.5,0.0,0.0,148.3
2025-04-11 12:00:00,7.4,100,67,22.8,0.1,0.0,236.5
2025-04-11 13:00:00,8.0,100,64,21.7,0.0,0.0,231.6
2025-04-11 14:00:00,8.5,100,64,22.0,0.1,0.0,248.2
2025-04-11 15:00:00,7.2,100,69,19.5,0.0,0.0,155.4
2025-04-11 16:00:00,7.6,100,68,20.9,0.0,0.0,155.3
2025-04-11 17:00:00,7.6,100,69,20.1,0.1,0.0,80.6
2025-04-11 18:00:00,7.9,100,71,12.4,0.1,0.0,39.0
2025-04-11 19:00:00,7.5,100,76,11.5,0.2,0.0,4.7
2025-04-11 20:00:00,7.7,49,74,10.2,0.0,0.0,0.0
2025-04-11 21:00:00,6.8,72,77,8.8,0.0,0.0,0.0
2025-04-11 22:00:00,6.6,97,78,9.3,0.0,0.0,0.0
2025-04-11 23:00:00,6.6,100,78,9.7,0.0,0.0,0.0
2025-04-12 00:00:00,6.6,100,79,9.0,0.0,0.0,0.0
2025-04-12 01:00:00,6.5,100,80,7.8,0.0,0.0,0.0
2025-04-12 02:00:00,6.3,96,82,7.1,0.0,0.0,0.0
2025-04-12 03:00:00,6.3,100,85,5.5,0.0,0.0,0.0
2025-04-12 04:00:00,6.2,98,86,5.8,0.0,0.0,0.0
2025-04-12 05:00:00,5.9,73,88,5.1,0.0,0.0,0.0
2025-04-12 06:00:00,5.7,70,90,4.3,0.0,0.0,0.0
2025-04-12 07:00:00,6.0,61,89,4.9,0.0,0.0,60.1
2025-04-12 08:00:00,7.3,57,79,3.8,0.0,0.0,177.2
2025-04-12 09:00:00,8.9,100,64,5.2,0.0,0.0,348.7
2025-04-12 10:00:00,10.1,100,58,4.5,0.0,0.0,433.5
2025-04-12 11:00:00,11.6,72,52,3.2,0.0,0.0,545.0
2025-04-12 12:00:00,13.3,89,46,3.4,0.0,0.0,637.9
2025-04-12 13:00:00,14.3,99,42,4.2,0.0,0.0,624.4
2025-04-12 14:00:00,15.6,96,38,4.8,0.0,0.0,576.2
2025-04-12 15:00:00,16.2,94,38,7.3,0.0,0.0,525.5
2025-04-12 16:00:00,16.3,51,38,8.2,0.0,0.0,428.3
2025-04-12 17:00:00,15.9,39,40,8.8,0.0,0.0,305.8
2025-04-12 18:00:00,15.1,0,44,5.6,0.0,0.0,192.1
2025-04-12 19:00:00,14.2,2,47,5.8,0.0,0.0,50.5
2025-04-12 20:00:00,12.7,0,53,9.1,0.0,0.0,0.0
2025-04-12 21:00:00,11.5,2,57,10.4,0.0,0.0,0.0
2025-04-12 22:00:00,10.4,0,62,10.6,0.0,0.0,0.0
2025-04-12 23:00:00,9.6,0,67,9.6,0.0,0.0,0.0
2025-04-13 00:00:00,8.9,15,70,10.5,0.0,0.0,0.0
2025-04-13 01:00:00,8.4,3,71,10.0,0.0,0.0,0.0
2025-04-13 02:00:00,7.8,1,74,9.2,0.0,0.0,0.0
2025-04-13 03:00:00,7.4,8,74,9.4,0.0,0.0,0.0
2025-04-13 04:00:00,7.2,23,75,9.3,0.0,0.0,0.0
2025-04-13 05:00:00,7.1,0,75,9.0,0.0,0.0,0.0
2025-04-13 06:00:00,6.8,0,75,9.3,0.0,0.0,0.0
2025-04-13 07:00:00,7.7,31,70,10.3,0.0,0.0,92.0
2025-04-13 08:00:00,10.1,51,59,9.7,0.0,0.0,246.4
2025-04-13 09:00:00,13.1,7,49,8.0,0.0,0.0,415.2
2025-04-13 10:00:00,15.6,0,42,9.4,0.0,0.0,560.7
2025-04-13 11:00:00,17.7,8,38,11.2,0.0,0.0,672.6
2025-04-13 12:00:00,19.3,37,38,13.6,0.0,0.0,737.8
2025-04-13 13:00:00,20.6,87,32,17.4,0.0,0.0,753.6
2025-04-13 14:00:00,21.1,99,32,18.3,0.0,0.0,700.8
2025-04-13 15:00:00,21.6,100,30,18.2,0.0,0.0,627.4
2025-04-13 16:00:00,21.0,100,31,17.8,0.0,0.0,458.4
2025-04-13 17:00:00,19.9,100,35,17.7,0.0,0.0,193.1
2025-04-13 18:00:00,19.1,100,37,15.3,0.0,0.0,62.0
2025-04-13 19:00:00,17.8,100,42,13.9,0.0,0.0,14.5
2025-04-13 20:00:00,16.7,100,46,11.6,0.0,0.0,0.0
2025-04-13 21:00:00,16.0,100,48,10.4,0.0,0.0,0.0
2025-04-13 22:00:00,15.4,100,51,9.5,0.0,0.0,0.0
2025-04-13 23:00:00,14.8,100,53,9.6,0.0,0.0,0.0
2025-04-14 00:00:00,14.2,74,55,10.3,0.0,0.0,0.0
2025-04-14 01:00:00,13.4,69,60,9.5,0.0,0.0,0.0
2025-04-14 02:00:00,12.7,82,64,8.1,0.0,0.0,0.0
2025-04-14 03:00:00,13.8,50,57,10.3,0.0,0.0,0.0
2025-04-14 04:00:00,13.2,81,60,9.7,0.0,0.0,0.0
2025-04-14 05:00:00,12.5,0,64,7.9,0.0,0.0,0.0
2025-04-14 06:00:00,11.9,0,68,6.6,0.0,0.0,0.0
2025-04-14 07:00:00,12.6,0,65,8.0,0.0,0.0,91.0
2025-04-14 08:00:00,14.4,0,58,6.2,0.0,0.0,242.4
2025-04-14 09:00:00,16.1,0,52,7.7,0.0,0.0,406.1
2025-04-14 10:00:00,18.0,0,45,8.4,0.0,0.0,552.3
2025-04-14 11:00:00,19.7,19,39,8.4,0.0,0.0,663.6
2025-04-14 12:00:00,21.0,13,36,6.6,0.0,0.0,731.3
2025-04-14 13:00:00,22.1,39,33,6.2,0.0,0.0,749.5
2025-04-14 14:00:00,23.3,100,29,5.6,0.0,0.0,715.4
2025-04-14 15:00:00,23.2,100,28,7.2,0.0,0.0,450.5
2025-04-14 16:00:00,23.1,100,29,10.5,0.0,0.0,375.5
2025-04-14 17:00:00,21.6,100,34,12.8,0.0,0.0,145.7
2025-04-14 18:00:00,21.4,10,35,14.2,0.0,0.0,170.2
2025-04-14 19:00:00,19.0,23,45,15.9,0.0,0.0,52.6
2025-04-14 20:00:00,17.8,100,50,11.6,0.0,0.0,0.0
2025-04-14 21:00:00,16.8,99,54,13.9,0.0,0.0,0.0
2025-04-14 22:00:00,15.6,100,61,13.3,0.0,0.0,0.0
2025-04-14 23:00:00,14.6,100,66,11.6,0.0,0.0,0.0
2025-04-15 00:00:00,13.9,100,69,8.2,0.0,0.0,0.0
2025-04-15 01:00:00,13.3,100,72,6.9,0.0,0.0,0.0
2025-04-15 02:00:00,12.6,100,75,6.0,0.0,0.0,0.0
2025-04-15 03:00:00,12.6,96,71,7.1,0.0,0.0,0.0
2025-04-15 04:00:00,12.1,100,72,8.0,0.0,0.0,0.0
2025-04-15 05:00:00,11.8,100,73,8.7,0.0,0.0,0.0
2025-04-15 06:00:00,11.9,100,73,9.7,0.0,0.0,0.0
2025-04-15 07:00:00,12.5,100,70,10.7,0.0,0.0,41.4
2025-04-15 08:00:00,13.0,100,68,9.8,0.0,0.0,73.4
2025-04-15 09:00:00,13.5,100,67,8.7,0.0,0.0,104.5
2025-04-15 10:00:00,14.5,100,65,9.4,0.0,0.0,152.9
2025-04-15 11:00:00,15.6,100,60,11.4,0.0,0.0,228.9
2025-04-15 12:00:00,17.3,100,53,12.8,0.0,0.0,417.6
2025-04-15 13:00:00,17.6,100,54,13.5,0.0,0.0,467.9
2025-04-15 14:00:00,17.0,100,58,12.9,0.1,0.0,295.9
2025-04-15 15:00:00,16.2,100,64,13.2,0.1,0.0,139.5
2025-04-15 16:00:00,15.4,100,75,13.0,0.4,0.0,65.2
2025-04-15 17:00:00,15.1,100,80,13.0,0.1,0.0,64.0
2025-04-15 18:00:00,15.0,100,77,11.9,0.0,0.0,65.6
2025-04-15 19:00:00,15.1,99,73,9.9,0.0,0.0,29.8
2025-04-15 20:00:00,14.7,100,74,12.7,0.0,0.0,0.0
2025-04-15 21:00:00,14.6,100,74,12.4,0.0,0.0,0.0
2025-04-15 22:00:00,14.4,100,74,10.3,0.1,0.0,0.0
2025-04-15 23:00:00,14.0,98,74,7.8,0.0,0.0,0.0
2025-04-16 00:00:00,13.8,51,74,8.1,0.0,0.0,0.0
2025-04-16 01:00:00,13.6,83,74,7.8,0.0,0.0,0.0
2025-04-16 02:00:00,13.6,100,74,8.2,0.0,0.0,0.0
2025-04-16 03:00:00,14.0,99,79,10.9,0.0,0.0,0.0
2025-04-16 04:00:00,13.3,67,86,10.3,0.2,0.0,0.0
2025-04-16 05:00:00,13.1,67,89,10.4,0.0,0.0,0.0
2025-04-16 06:00:00,13.2,33,90,10.5,0.0,0.0,0.0
2025-04-16 07:00:00,14.2,40,84,12.5,0.0,0.0,91.7
2025-04-16 08:00:00,16.1,7,73,12.6,0.0,0.0,238.6
2025-04-16 09:00:00,17.8,15,65,13.0,0.0,0.0,399.7
2025-04-16 10:00:00,19.7,10,56,12.8,0.0,0.0,542.3
2025-04-16 11:00:00,21.4,5,50,13.3,0.0,0.0,661.8
2025-04-16 12:00:00,23.1,1,44,13.9,0.0,0.0,733.9
2025-04-16 13:00:00,24.4,1,39,14.6,0.0,0.0,753.3
2025-04-16 14:00:00,25.3,0,35,14.5,0.0,0.0,708.7
2025-04-16 15:00:00,25.9,1,33,16.3,0.0,0.0,626.1
2025-04-16 16:00:00,26.0,3,31,16.2,0.0,0.0,501.0
2025-04-16 17:00:00,25.5,2,30,17.3,0.0,0.0,368.2
2025-04-16 18:00:00,24.9,1,32,15.7,0.0,0.0,209.8
2025-04-16 19:00:00,23.7,0,35,13.5,0.0,0.0,62.5
2025-04-16 20:00:00,21.9,0,42,11.4,0.0,0.0,0.0
2025-04-16 21:00:00,20.6,0,47,9.3,0.0,0.0,0.0
2025-04-16 22:00:00,19.1,0,52,5.8,0.0,0.0,0.0
2025-04-16 23:00:00,17.9,4,57,8.7,0.0,0.0,0.0
2025-04-17 00:00:00,17.5,25,57,10.9,0.0,0.0,0.0
2025-04-17 01:00:00,17.1,15,56,10.8,0.0,0.0,0.0
2025-04-17 02:00:00,16.7,6,56,11.2,0.0,0.0,0.0
2025-04-17 03:00:00,16.9,64,52,11.0,0.0,0.0,0.0
2025-04-17 04:00:00,16.2,96,54,10.9,0.0,0.0,0.0
2025-04-17 05:00:00,16.2,93,54,11.1,0.0,0.0,0.0
2025-04-17 06:00:00,16.1,21,53,12.3,0.0,0.0,14.7
2025-04-17 07:00:00,17.1,21,50,12.7,0.0,0.0,102.1
2025-04-17 08:00:00,18.9,100,45,11.1,0.0,0.0,258.3
2025-04-17 09:00:00,18.6,100,47,12.7,0.0,0.0,161.5
2025-04-17 10:00:00,20.4,83,44,11.1,0.0,0.0,242.2
2025-04-17 11:00:00,25.8,11,23,16.9,0.0,0.0,678.4
2025-04-17 12:00:00,26.3,85,26,17.1,0.0,0.0,748.2
2025-04-17 13:00:00,27.3,75,25,15.2,0.0,0.0,759.3
2025-04-17 14:00:00,28.0,65,25,12.4,0.0,0.0,723.3
2025-04-17 15:00:00,28.7,78,21,15.7,0.0,0.0,644.2
2025-04-17 16:00:00,28.7,72,22,17.9,0.0,0.0,521.2
2025-04-17 17:00:00,28.3,94,23,20.4,0.0,0.0,361.1
2025-04-17 18:00:00,27.0,93,26,20.5,0.0,0.0,195.2
2025-04-17 19:00:00,25.3,48,33,12.4,0.0,0.0,46.9
2025-04-17 20:00:00,24.0,67,37,12.2,0.0,0.0,0.0
2025-04-17 21:00:00,22.9,53,41,10.2,0.0,0.0,0.0
2025-04-17 22:00:00,22.2,94,44,10.1,0.0,0.0,0.0
2025-04-17 23:00:00,21.5,100,47,11.7,0.0,0.0,0.0
2025-04-18 00:00:00,20.3,100,54,10.6,0.0,0.0,0.0
2025-04-18 01:00:00,19.4,98,60,11.1,0.0,0.0,0.0
2025-04-18 02:00:00,18.3,83,67,10.6,0.0,0.0,0.0
2025-04-18 03:00:00,19.0,100,66,8.4,0.0,0.0,0.0
2025-04-18 04:00:00,18.1,100,71,7.5,0.3,0.0,0.0
2025-04-18 05:00:00,17.1,100,78,9.7,0.0,0.0,0.0
2025-04-18 06:00:00,16.1,71,87,6.6,0.7,0.0,0.0
2025-04-18 07:00:00,15.8,74,93,6.2,1.5,0.0,80.6
2025-04-18 08:00:00,16.2,90,92,0.4,1.4,0.0,153.8
2025-04-18 09:00:00,17.1,90,85,3.8,0.6,0.0,218.4
2025-04-18 10:00:00,19.4,75,69,8.3,0.0,0.0,419.8
2025-04-18 11:00:00,21.4,97,57,9.8,0.0,0.0,572.9
2025-04-18 12:00:00,22.9,96,44,8.7,0.0,0.0,650.1
2025-04-18 13:00:00,23.6,100,39,14.9,0.0,0.0,653.0
2025-04-18 14:00:00,22.1,100,49,9.9,0.2,0.0,312.5
2025-04-18 15:00:00,19.9,99,61,9.0,0.4,0.0,242.5
2025-04-18 16:00:00,18.5,100,69,11.8,0.5,0.0,234.9
2025-04-18 17:00:00,17.7,100,78,9.8,0.2,0.0,92.5
2025-04-18 18:00:00,17.7,100,75,7.2,0.1,0.0,70.9
2025-04-18 19:00:00,16.3,100,81,9.3,1.5,0.0,38.9
2025-04-18 20:00:00,15.8,97,73,12.2,0.0,0.0,0.0
2025-04-18 21:00:00,14.7,76,66,14.7,0.0,0.0,0.0
2025-04-18 22:00:00,13.9,21,71,15.0,0.0,0.0,0.0
2025-04-18 23:00:00,12.8,10,77,12.0,0.0,0.0,0.0
2025-04-19 00:00:00,11.9,17,82,13.9,0.0,0.0,0.0
2025-04-19 01:00:00,11.1,43,85,13.5,0.0,0.0,0.0
2025-04-19 02:00:00,10.5,35,86,12.8,0.0,0.0,0.0
2025-04-19 03:00:00,9.9,68,84,12.1,0.0,0.0,0.0
2025-04-19 04:00:00,9.2,47,87,11.6,0.0,0.0,0.0
2025-04-19 05:00:00,8.6,83,88,12.9,0.0,0.0,0.0
2025-04-19 06:00:00,8.2,0,88,12.1,0.0,0.0,9.9
2025-04-19 07:00:00,8.8,0,84,10.3,0.0,0.0,113.3
2025-04-19 08:00:00,10.2,0,75,11.1,0.0,0.0,274.0
2025-04-19 09:00:00,11.7,0,65,11.5,0.0,0.0,444.1
2025-04-19 10:00:00,13.3,0,56,11.5,0.0,0.0,588.2
2025-04-19 11:00:00,14.8,5,50,11.4,0.0,0.0,697.9
2025-04-19 12:00:00,16.1,1,46,10.8,0.0,0.0,759.1
2025-04-19 13:00:00,18.4,100,36,12.3,0.0,0.0,788.1
2025-04-19 14:00:00,19.4,100,33,13.2,0.0,0.0,620.2
2025-04-19 15:00:00,19.2,24,37,12.6,0.0,0.0,503.9
2025-04-19 16:00:00,19.4,20,38,15.1,0.0,0.0,480.1
2025-04-19 17:00:00,19.4,29,37,10.7,0.0,0.0,354.3
2025-04-19 18:00:00,19.4,61,35,10.5,0.0,0.0,165.6
2025-04-19 19:00:00,18.5,43,38,11.3,0.0,0.0,41.8
2025-04-19 20:00:00,16.4,36,47,7.8,0.0,0.0,0.0
2025-04-19 21:00:00,15.3,57,54,5.5,0.0,0.0,0.0
2025-04-19 22:00:00,15.0,15,57,7.4,0.0,0.0,0.0
2025-04-19 23:00:00,14.1,4,60,7.6,0.0,0.0,0.0
2025-04-20 00:00:00,13.3,0,63,8.2,0.0,0.0,0.0
2025-04-20 01:00:00,12.6,0,65,8.1,0.0,0.0,0.0
2025-04-20 02:00:00,11.9,2,68,7.3,0.0,0.0,0.0
2025-04-20 03:00:00,11.6,0,67,7.7,0.0,0.0,0.0
2025-04-20 04:00:00,11.1,0,68,7.5,0.0,0.0,0.0
2025-04-20 05:00:00,10.6,7,69,7.7,0.0,0.0,0.0
2025-04-20 06:00:00,10.2,0,71,8.1,0.0,0.0,17.0
2025-04-20 07:00:00,11.1,0,67,9.0,0.0,0.0,119.7
2025-04-20 08:00:00,13.4,21,60,6.9,0.0,0.0,281.9
2025-04-20 09:00:00,16.1,98,49,7.5,0.0,0.0,448.0
2025-04-20 10:00:00,18.1,100,44,8.7,0.0,0.0,570.0
2025-04-20 11:00:00,19.6,100,40,12.1,0.0,0.0,691.2
2025-04-20 12:00:00,20.8,100,38,12.4,0.0,0.0,745.5
2025-04-20 13:00:00,22.3,100,29,13.8,0.0,0.0,692.9
2025-04-20 14:00:00,23.0,98,26,14.8,0.0,0.0,536.5
2025-04-20 15:00:00,24.0,41,26,15.0,0.0,0.0,557.9
2025-04-20 16:00:00,23.5,42,27,13.0,0.0,0.0,406.9
2025-04-20 17:00:00,23.0,50,28,13.6,0.0,0.0,294.6
2025-04-20 18:00:00,22.1,44,30,12.4,0.0,0.0,182.4
2025-04-20 19:00:00,21.6,30,30,13.9,0.0,0.0,59.7
2025-04-20 20:00:00,18.9,18,44,11.6,0.0,0.0,0.0
2025-04-20 21:00:00,17.5,20,51,7.8,0.0,0.0,0.0
2025-04-20 22:00:00,16.5,74,60,1.0,0.0,0.0,0.0
2025-04-20 23:00:00,15.7,43,61,1.1,0.0,0.0,0.0
2025-04-21 00:00:00,14.9,97,62,3.8,0.0,0.0,0.0
2025-04-21 01:00:00,14.6,63,63,5.2,0.0,0.0,0.0
2025-04-21 02:00:00,14.0,100,64,6.8,0.0,0.0,0.0
2025-04-21 03:00:00,13.9,55,62,6.5,0.0,0.0,0.0
2025-04-21 04:00:00,13.6,61,63,7.0,0.0,0.0,0.0
2025-04-21 05:00:00,13.0,91,65,7.4,0.0,0.0,0.0
2025-04-21 06:00:00,12.2,99,67,7.7,0.0,0.0,15.0
2025-04-21 07:00:00,12.8,100,65,7.5,0.0,0.0,117.7
2025-04-21 08:00:00,14.7,100,59,4.8,0.0,0.0,256.5
2025-04-21 09:00:00,17.6,100,50,5.2,0.0,0.0,411.2
2025-04-21 10:00:00,19.7,100,46,5.6,0.0,0.0,556.3
2025-04-21 11:00:00,21.2,100,43,7.0,0.0,0.0,686.6
2025-04-21 12:00:00,22.5,100,39,7.0,0.0,0.0,741.1
2025-04-21 13:00:00,23.7,97,34,6.3,0.0,0.0,745.9
2025-04-21 14:00:00,24.6,12,31,6.6,0.0,0.0,722.6
2025-04-21 15:00:00,23.9,100,31,5.0,0.0,0.0,518.4
2025-04-21 16:00:00,24.0,100,29,2.7,0.0,0.0,385.3
2025-04-21 17:00:00,24.2,90,28,1.5,0.0,0.0,295.0
2025-04-21 18:00:00,23.9,100,28,1.0,0.0,0.0,208.7
2025-04-21 19:00:00,23.2,100,30,3.1,0.0,0.0,74.1
2025-04-21 20:00:00,21.0,99,37,2.9,0.0,0.0,0.0
2025-04-21 21:00:00,19.8,100,42,1.8,0.0,0.0,0.0
2025-04-21 22:00:00,18.9,60,45,0.8,0.0,0.0,0.0
2025-04-21 23:00:00,18.3,79,47,1.8,0.0,0.0,0.0
2025-04-22 00:00:00,17.5,74,48,7.1,0.0,0.0,0.0
2025-04-22 01:00:00,15.6,100,61,10.5,0.0,0.0,0.0
2025-04-22 02:00:00,13.4,97,82,11.2,0.0,0.0,0.0
2025-04-22 03:00:00,12.7,99,81,13.6,0.0,0.0,0.0
2025-04-22 04:00:00,11.5,99,93,12.4,0.0,0.0,0.0
2025-04-22 05:00:00,11.9,92,88,9.9,0.0,0.0,0.0
2025-04-22 06:00:00,12.0,82,86,8.1,0.2,0.0,13.3
2025-04-22 07:00:00,12.6,57,84,5.8,0.3,0.0,102.8
2025-04-22 08:00:00,13.6,51,85,6.3,1.0,0.0,247.9
2025-04-22 09:00:00,15.6,95,70,8.6,0.0,0.0,382.7
2025-04-22 10:00:00,17.7,62,56,9.9,0.0,0.0,470.0
2025-04-22 11:00:00,19.3,54,49,9.9,0.0,0.0,590.8
2025-04-22 12:00:00,20.2,33,45,9.6,0.0,0.0,625.7
2025-04-22 13:00:00,21.0,18,41,8.5,0.0,0.0,674.8
2025-04-22 14:00:00,21.7,8,37,9.7,0.0,0.0,719.7
2025-04-22 15:00:00,22.0,39,35,9.9,0.0,0.0,512.9
2025-04-22 16:00:00,22.2,20,33,9.0,0.0,0.0,498.3
2025-04-22 17:00:00,22.1,11,32,8.9,0.0,0.0,357.4
2025-04-22 18:00:00,21.6,19,33,10.0,0.0,0.0,225.8
2025-04-22 19:00:00,20.5,12,37,9.6,0.0,0.0,76.9
2025-04-22 20:00:00,19.1,8,43,7.7,0.0,0.0,0.0
2025-04-22 21:00:00,17.8,1,48,8.4,0.0,0.0,0.0
2025-04-22 22:00:00,16.6,1,53,8.7,0.0,0.0,0.0
2025-04-22 23:00:00,15.8,2,56,7.7,0.0,0.0,0.0
2025-04-23 00:00:00,15.0,0,60,6.1,0.0,0.0,0.0
2025-04-23 01:00:00,13.9,3,67,3.7,0.0,0.0,0.0
2025-04-23 02:00:00,13.1,3,72,4.0,0.0,0.0,0.0
2025-04-23 03:00:00,12.5,3,69,4.5,0.0,0.0,0.0
2025-04-23 04:00:00,12.1,25,72,5.6,0.0,0.0,0.0
2025-04-23 05:00:00,11.7,36,74,4.8,0.0,0.0,0.0
2025-04-23 06:00:00,11.3,20,75,4.9,0.0,0.0,18.1
2025-04-23 07:00:00,12.2,18,70,5.0,0.0,0.0,125.3
2025-04-23 08:00:00,14.4,13,60,3.3,0.0,0.0,278.6
2025-04-23 09:00:00,16.9,0,52,3.5,0.0,0.0,446.9
2025-04-23 10:00:00,19.1,0,44,4.2,0.0,0.0,594.9
2025-04-23 11:00:00,20.5,20,39,5.2,0.0,0.0,667.9
2025-04-23 12:00:00,21.5,16,35,5.8,0.0,0.0,673.9
2025-04-23 13:00:00,22.7,35,32,4.8,0.0,0.0,718.8
2025-04-23 14:00:00,23.1,47,30,4.2,0.0,0.0,648.6
2025-04-23 15:00:00,21.2,38,40,11.4,0.0,0.0,547.0
2025-04-23 16:00:00,21.4,86,39,8.8,0.0,0.0,411.2
2025-04-23 17:00:00,21.4,46,38,9.0,0.0,0.0,294.9
2025-04-23 18:00:00,21.1,85,39,8.1,0.0,0.0,196.0
2025-04-23 19:00:00,20.4,92,42,7.2,0.0,0.0,66.0
2025-04-23 20:00:00,19.6,99,43,4.2,0.0,0.0,0.0
2025-04-23 21:00:00,18.2,99,50,8.5,0.0,0.0,0.0
2025-04-23 22:00:00,17.3,100,55,8.2,0.0,0.0,0.0
2025-04-23 23:00:00,16.4,100,60,8.0,0.0,0.0,0.0
2025-04-24 00:00:00,15.6,100,65,8.5,0.0,0.0,0.0
2025-04-24 01:00:00,15.0,100,69,8.6,0.0,0.0,0.0
2025-04-24 02:00:00,14.4,100,74,9.0,0.0,0.0,0.0
2025-04-24 03:00:00,14.6,77,68,10.4,0.0,0.0,0.0
2025-04-24 04:00:00,14.0,100,69,10.7,0.0,0.0,0.0
2025-04-24 05:00:00,13.4,75,70,10.1,0.0,0.0,0.0
2025-04-24 06:00:00,13.0,56,72,7.9,0.0,0.0,22.0
2025-04-24 07:00:00,13.7,92,70,6.3,0.0,0.0,133.1
2025-04-24 08:00:00,15.5,75,63,3.5,0.0,0.0,283.9
2025-04-24 09:00:00,17.5,92,58,3.6,0.0,0.0,447.4
2025-04-24 10:00:00,19.7,83,51,4.3,0.0,0.0,589.0
2025-04-24 11:00:00,21.6,60,44,5.8,0.0,0.0,693.0
2025-04-24 12:00:00,23.3,94,39,5.4,0.0,0.0,748.8
2025-04-24 13:00:00,23.5,100,36,5.7,0.0,0.0,699.7
2025-04-24 14:00:00,22.5,100,36,2.0,0.0,0.0,264.0
2025-04-24 15:00:00,20.8,100,42,10.3,0.0,0.0,290.1
2025-04-24 16:00:00,18.9,100,65,10.0,2.2,0.0,325.0
2025-04-24 17:00:00,18.6,100,58,8.6,0.7,0.0,157.1
2025-04-24 18:00:00,17.1,100,70,7.6,0.4,0.0,57.4
2025-04-24 19:00:00,16.0,100,73,11.7,0.0,0.0,31.6
2025-04-24 20:00:00,15.2,100,79,10.4,0.0,0.0,0.0
2025-04-24 21:00:00,15.0,100,80,7.4,0.0,0.0,0.0
2025-04-24 22:00:00,14.6,100,81,7.8,0.0,0.0,0.0
2025-04-24 23:00:00,13.9,100,84,7.7,0.1,0.0,0.0
2025-04-25 00:00:00,13.0,100,92,5.8,2.1,0.0,0.0
2025-04-25 01:00:00,12.8,100,94,8.0,1.3,0.0,0.0
2025-04-25 02:00:00,12.4,100,93,8.6,0.0,0.0,0.0
2025-04-25 03:00:00,12.2,100,96,8.9,0.6,0.0,0.0
2025-04-25 04:00:00,12.2,100,96,11.6,0.3,0.0,0.0
2025-04-25 05:00:00,12.0,100,96,11.9,0.1,0.0,0.0
2025-04-25 06:00:00,12.0,100,95,11.1,0.1,0.0,10.1
2025-04-25 07:00:00,12.1,100,94,12.2,0.1,0.0,36.0
2025-04-25 08:00:00,12.2,100,91,12.4,0.1,0.0,64.1
2025-04-25 09:00:00,12.3,100,91,12.9,0.1,0.0,83.1
2025-04-25 10:00:00,13.0,100,88,12.1,0.4,0.0,175.7
2025-04-25 11:00:00,13.2,100,86,13.2,0.5,0.0,174.8
2025-04-25 12:00:00,13.1,100,85,13.6,0.6,0.0,123.4
2025-04-25 13:00:00,13.3,100,84,15.5,0.6,0.0,176.2
2025-04-25 14:00:00,13.5,100,85,14.0,0.3,0.0,159.7
2025-04-25 15:00:00,11.8,100,86,17.3,0.4,0.0,148.4
2025-04-25 16:00:00,11.8,100,81,17.1,0.2,0.0,146.7
2025-04-25 17:00:00,11.5,100,80,17.1,0.1,0.0,112.4
2025-04-25 18:00:00,11.5,100,78,16.6,0.0,0.0,62.3
2025-04-25 19:00:00,11.7,100,76,14.2,0.0,0.0,36.9
2025-04-25 20:00:00,11.5,100,77,10.5,0.0,0.0,0.0
2025-04-25 21:00:00,11.3,100,78,8.6,0.0,0.0,0.0
2025-04-25 22:00:00,10.8,95,81,8.1,0.0,0.0,0.0
2025-04-25 23:00:00,9.8,88,85,9.3,0.0,0.0,0.0
2025-04-26 00:00:00,8.8,72,88,10.0,0.0,0.0,0.0
2025-04-26 01:00:00,8.1,84,86,11.8,0.0,0.0,0.0
2025-04-26 02:00:00,7.7,67,78,13.5,0.0,0.0,0.0
2025-04-26 03:00:00,6.9,98,79,13.8,0.0,0.0,0.0
2025-04-26 04:00:00,6.4,80,76,14.6,0.0,0.0,0.0
2025-04-26 05:00:00,5.7,60,76,14.4,0.0,0.0,0.0
2025-04-26 06:00:00,5.2,0,76,13.7,0.0,0.0,28.1
2025-04-26 07:00:00,5.7,0,75,11.6,0.0,0.0,148.4
2025-04-26 08:00:00,6.8,0,70,11.5,0.0,0.0,317.1
2025-04-26 09:00:00,8.4,0,65,11.0,0.0,0.0,486.4
2025-04-26 10:00:00,10.2,0,58,10.9,0.0,0.0,634.1
2025-04-26 11:00:00,11.8,0,50,11.2,0.0,0.0,746.4
2025-04-26 12:00:00,12.7,0,46,11.5,0.0,0.0,812.2
2025-04-26 13:00:00,13.5,0,42,12.0,0.0,0.0,827.7
2025-04-26 14:00:00,13.8,0,39,12.6,0.0,0.0,791.0
2025-04-26 15:00:00,13.9,0,39,12.9,0.0,0.0,704.4
2025-04-26 16:00:00,13.8,0,38,13.4,0.0,0.0,580.6
2025-04-26 17:00:00,13.4,0,39,13.3,0.0,0.0,426.6
2025-04-26 18:00:00,12.7,0,42,13.6,0.0,0.0,257.0
2025-04-26 19:00:00,11.8,2,48,11.7,0.0,0.0,98.4
2025-04-26 20:00:00,10.3,1,53,10.5,0.0,0.0,0.0
2025-04-26 21:00:00,9.3,0,56,12.4,0.0,0.0,0.0
2025-04-26 22:00:00,8.3,0,57,12.9,0.0,0.0,0.0
2025-04-26 23:00:00,7.4,1,62,11.4,0.0,0.0,0.0
2025-04-27 00:00:00,6.6,0,66,9.7,0.0,0.0,0.0
2025-04-27 01:00:00,5.7,0,70,8.7,0.0,0.0,0.0
2025-04-27 02:00:00,4.9,0,73,9.0,0.0,0.0,0.0
2025-04-27 03:00:00,4.3,0,73,10.4,0.0,0.0,0.0
2025-04-27 04:00:00,3.9,0,72,11.1,0.0,0.0,0.0
2025-04-27 05:00:00,3.5,0,72,10.9,0.0,0.0,0.0
2025-04-27 06:00:00,3.3,0,70,10.7,0.0,0.0,34.9
2025-04-27 07:00:00,4.4,13,66,8.6,0.0,0.0,155.9
2025-04-27 08:00:00,5.9,24,58,9.9,0.0,0.0,327.3
2025-04-27 09:00:00,7.7,34,51,10.4,0.0,0.0,497.2
2025-04-27 10:00:00,9.3,26,46,12.0,0.0,0.0,644.6
2025-04-27 11:00:00,10.6,3,41,12.8,0.0,0.0,754.5
2025-04-27 12:00:00,11.7,0,38,13.0,0.0,0.0,819.2
2025-04-27 13:00:00,12.6,0,37,12.9,0.0,0.0,833.6
2025-04-27 14:00:00,13.3,0,36,12.7,0.0,0.0,795.9
2025-04-27 15:00:00,14.3,0,33,11.8,0.0,0.0,710.2
2025-04-27 16:00:00,14.4,0,33,11.6,0.0,0.0,583.6
2025-04-27 17:00:00,14.0,0,35,12.3,0.0,0.0,428.9
2025-04-27 18:00:00,13.3,0,37,12.4,0.0,0.0,260.9
2025-04-27 19:00:00,12.3,0,42,10.5,0.0,0.0,102.0
2025-04-27 20:00:00,10.6,0,50,9.7,0.0,0.0,0.0
2025-04-27 21:00:00,9.6,0,54,10.3,0.0,0.0,0.0
2025-04-27 22:00:00,8.8,0,58,10.2,0.0,0.0,0.0
2025-04-27 23:00:00,7.9,0,61,11.0,0.0,0.0,0.0
2025-04-28 00:00:00,7.3,0,63,10.8,0.0,0.0,0.0
2025-04-28 01:00:00,6.7,0,64,10.3,0.0,0.0,0.0
2025-04-28 02:00:00,6.3,0,67,9.7,0.0,0.0,0.0
2025-04-28 03:00:00,5.6,0,64,9.4,0.0,0.0,0.0
2025-04-28 04:00:00,5.1,0,67,7.8,0.0,0.0,0.0
2025-04-28 05:00:00,4.5,0,71,6.1,0.0,0.0,0.0
2025-04-28 06:00:00,4.6,0,71,7.1,0.0,0.0,36.8
2025-04-28 07:00:00,5.9,0,68,8.5,0.0,0.0,157.3
2025-04-28 08:00:00,8.0,3,58,6.1,0.0,0.0,326.3
2025-04-28 09:00:00,10.6,0,51,5.6,0.0,0.0,494.2
2025-04-28 10:00:00,13.3,0,45,5.5,0.0,0.0,639.7
2025-04-28 11:00:00,15.7,0,42,4.6,0.0,0.0,750.0
2025-04-28 12:00:00,17.5,0,37,5.4,0.0,0.0,813.9
2025-04-28 13:00:00,18.7,0,34,5.5,0.0,0.0,826.6
2025-04-28 14:00:00,19.6,0,31,5.8,0.0,0.0,788.2
2025-04-28 15:00:00,20.9,0,24,5.7,0.0,0.0,704.8
2025-04-28 16:00:00,21.1,0,23,5.9,0.0,0.0,580.3
2025-04-28 17:00:00,21.0,0,24,5.3,0.0,0.0,426.7
2025-04-28 18:00:00,20.7,0,24,4.7,0.0,0.0,260.8
2025-04-28 19:00:00,20.0,3,26,4.8,0.0,0.0,103.7
2025-04-28 20:00:00,17.5,6,33,4.0,0.0,0.0,0.0
2025-04-28 21:00:00,16.4,5,36,5.2,0.0,0.0,0.0
2025-04-28 22:00:00,15.0,0,44,1.4,0.0,0.0,0.0
2025-04-28 23:00:00,14.0,0,46,1.7,0.0,0.0,0.0
2025-04-29 00:00:00,13.1,0,48,3.9,0.0,0.0,0.0
2025-04-29 01:00:00,13.0,0,52,5.6,0.0,0.0,0.0
2025-04-29 02:00:00,12.1,0,62,8.1,0.0,0.0,0.0
2025-04-29 03:00:00,10.6,0,63,7.4,0.0,0.0,0.0
2025-04-29 04:00:00,9.6,0,74,7.0,0.0,0.0,0.0
2025-04-29 05:00:00,8.6,4,79,6.1,0.0,0.0,0.0
2025-04-29 06:00:00,8.4,7,80,6.1,0.0,0.0,38.5
2025-04-29 07:00:00,9.8,0,72,6.2,0.0,0.0,158.7
2025-04-29 08:00:00,12.6,0,60,3.6,0.0,0.0,325.4
2025-04-29 09:00:00,15.9,2,46,3.9,0.0,0.0,493.6
2025-04-29 10:00:00,18.5,9,32,5.2,0.0,0.0,639.3
2025-04-29 11:00:00,19.9,35,31,9.1,0.0,0.0,748.6
2025-04-29 12:00:00,20.9,31,26,11.5,0.0,0.0,812.7
2025-04-29 13:00:00,21.7,100,24,12.9,0.0,0.0,828.5
2025-04-29 14:00:00,22.2,100,23,13.2,0.0,0.0,787.3
2025-04-29 15:00:00,22.5,100,22,13.1,0.0,0.0,671.8
2025-04-29 16:00:00,22.3,100,19,13.2,0.0,0.0,519.4
2025-04-29 17:00:00,21.7,100,18,12.8,0.0,0.0,374.2
2025-04-29 18:00:00,20.9,100,20,12.9,0.0,0.0,210.5
2025-04-29 19:00:00,19.8,100,25,12.3,0.0,0.0,84.8
2025-04-29 20:00:00,18.6,100,31,10.0,0.0,0.0,0.0
2025-04-29 21:00:00,17.5,100,37,8.4,0.0,0.0,0.0
2025-04-29 22:00:00,16.6,100,42,5.5,0.0,0.0,0.0
2025-04-29 23:00:00,16.0,100,44,6.3,0.0,0.0,0.0
2025-04-30 00:00:00,15.2,100,47,6.8,0.0,0.0,0.0
2025-04-30 01:00:00,14.6,99,49,7.9,0.0,0.0,0.0
2025-04-30 02:00:00,13.7,100,53,8.7,0.0,0.0,0.0
2025-04-30 03:00:00,12.5,99,53,7.8,0.0,0.0,0.0
2025-04-30 04:00:00,11.5,100,60,5.3,0.0,0.0,0.0
2025-04-30 05:00:00,10.6,100,67,3.6,0.0,0.0,0.0
2025-04-30 06:00:00,10.5,93,69,4.5,0.0,0.0,36.4
2025-04-30 07:00:00,11.5,81,67,4.9,0.0,0.0,149.8
2025-04-30 08:00:00,13.7,82,58,4.5,0.0,0.0,308.4
2025-04-30 09:00:00,16.2,55,47,5.8,0.0,0.0,476.9
2025-04-30 10:00:00,18.0,91,44,9.5,0.0,0.0,625.7
2025-04-30 11:00:00,19.4,91,38,10.6,0.0,0.0,733.5
2025-04-30 12:00:00,20.7,85,32,10.5,0.0,0.0,795.0
2025-04-30 13:00:00,21.7,30,28,10.5,0.0,0.0,808.4
2025-04-30 14:00:00,22.4,11,26,10.3,0.0,0.0,779.6
2025-04-30 15:00:00,22.8,34,24,10.0,0.0,0.0,697.5
2025-04-30 16:00:00,22.8,5,23,10.4,0.0,0.0,575.4
2025-04-30 17:00:00,22.4,48,24,10.4,0.0,0.0,425.1
2025-04-30 18:00:00,21.8,98,26,10.9,0.0,0.0,261.3
2025-04-30 19:00:00,20.7,99,29,11.8,0.0,0.0,105.7
2025-04-30 20:00:00,19.3,99,34,9.7,0.0,0.0,0.0
2025-04-30 21:00:00,18.1,92,38,8.6,0.0,0.0,0.0
2025-04-30 22:00:00,17.2,2,43,5.9,0.0,0.0,0.0
2025-04-30 23:00:00,15.8,17,48,3.8,0.0,0.0,0.0
2025-05-01 00:00:00,14.8,22,53,3.9,0.0,0.0,0.0
2025-05-01 01:00:00,14.4,15,56,5.0,0.0,0.0,0.0
2025-05-01 02:00:00,13.8,0,60,5.1,0.0,0.0,0.0
2025-05-01 03:00:00,11.9,16,61,4.2,0.0,0.0,0.0
2025-05-01 04:00:00,11.4,3,65,3.9,0.0,0.0,0.0
2025-05-01 05:00:00,10.8,12,69,4.4,0.0,0.0,0.0
2025-05-01 06:00:00,10.7,75,70,3.6,0.0,0.0,41.5
2025-05-01 07:00:00,12.0,48,66,3.2,0.0,0.0,160.3
2025-05-01 08:00:00,14.0,10,59,3.2,0.0,0.0,319.9
2025-05-01 09:00:00,16.5,33,49,4.4,0.0,0.0,490.0
2025-05-01 10:00:00,18.4,33,42,5.2,0.0,0.0,627.4
2025-05-01 11:00:00,19.9,14,38,6.3,0.0,0.0,736.4
2025-05-01 12:00:00,21.0,2,31,7.4,0.0,0.0,806.2
2025-05-01 13:00:00,21.9,0,26,7.0,0.0,0.0,819.4
2025-05-01 14:00:00,22.5,36,24,7.3,0.0,0.0,785.5
2025-05-01 15:00:00,24.1,44,20,11.4,0.0,0.0,649.4
2025-05-01 16:00:00,23.5,61,22,13.8,0.0,0.0,544.7
2025-05-01 17:00:00,22.9,3,23,10.2,0.0,0.0,384.6
2025-05-01 18:00:00,22.6,9,24,11.0,0.0,0.0,254.8
2025-05-01 19:00:00,20.5,4,31,13.5,0.0,0.0,107.3
2025-05-01 20:00:00,19.3,3,34,7.2,0.0,0.0,0.0
2025-05-01 21:00:00,18.4,12,36,5.2,0.0,0.0,0.0
2025-05-01 22:00:00,17.3,50,39,5.7,0.0,0.0,0.0
2025-05-01 23:00:00,16.1,87,43,6.1,0.0,0.0,0.0
2025-05-02 00:00:00,15.1,93,48,5.3,0.0,0.0,0.0
2025-05-02 01:00:00,14.0,75,54,3.6,0.0,0.0,0.0
2025-05-02 02:00:00,13.5,60,58,4.3,0.0,0.0,0.0
2025-05-02 03:00:00,11.2,9,65,3.8,0.0,0.0,0.0
2025-05-02 04:00:00,10.8,0,69,5.0,0.0,0.0,0.0
2025-05-02 05:00:00,10.2,1,75,6.4,0.0,0.0,0.0
2025-05-02 06:00:00,9.9,18,78,7.7,0.0,0.0,46.1
2025-05-02 07:00:00,11.4,5,72,8.2,0.0,0.0,169.2
2025-05-02 08:00:00,14.3,0,59,5.5,0.0,0.0,336.3
2025-05-02 09:00:00,17.9,0,44,5.6,0.0,0.0,503.2
2025-05-02 10:00:00,21.0,0,33,7.7,0.0,0.0,646.7
2025-05-02 11:00:00,23.0,2,29,11.2,0.0,0.0,755.1
2025-05-02 12:00:00,24.7,25,24,12.1,0.0,0.0,819.4
2025-05-02 13:00:00,26.2,58,20,12.9,0.0,0.0,833.4
2025-05-02 14:00:00,26.5,100,20,15.9,0.0,0.0,656.9
2025-05-02 15:00:00,24.6,48,26,17.5,0.0,0.0,212.1
2025-05-02 16:00:00,25.6,81,24,15.7,0.0,0.0,438.0
2025-05-02 17:00:00,25.7,96,23,16.9,0.0,0.0,357.1
2025-05-02 18:00:00,25.2,47,24,18.0,0.0,0.0,221.7
2025-05-02 19:00:00,23.9,52,29,16.6,0.0,0.0,96.4
2025-05-02 20:00:00,22.9,9,32,11.4,0.0,0.0,0.0
2025-05-02 21:00:00,21.9,29,35,11.4,0.0,0.0,0.0
2025-05-02 22:00:00,20.7,43,39,14.0,0.0,0.0,0.0
2025-05-02 23:00:00,19.6,63,46,15.4,0.0,0.0,0.0
2025-05-03 00:00:00,18.9,100,50,14.0,0.0,0.0,0.0
2025-05-03 01:00:00,18.4,100,55,11.6,0.1,0.0,0.0
2025-05-03 02:00:00,17.2,99,64,9.0,0.6,0.0,0.0
2025-05-03 03:00:00,18.6,91,51,15.1,0.0,0.0,0.0
2025-05-03 04:00:00,17.6,69,54,8.1,0.0,0.0,0.0
2025-05-03 05:00:00,16.4,93,59,8.7,0.0,0.0,0.0
2025-05-03 06:00:00,16.5,20,59,8.4,0.0,0.0,31.4
2025-05-03 07:00:00,17.2,41,57,4.9,0.0,0.0,149.0
2025-05-03 08:00:00,18.6,21,53,5.6,0.0,0.0,250.7
2025-05-03 09:00:00,20.8,0,45,5.4,0.0,0.0,444.3
2025-05-03 10:00:00,22.9,2,39,6.9,0.0,0.0,636.5
2025-05-03 11:00:00,24.4,52,35,11.5,0.0,0.0,735.9
2025-05-03 12:00:00,24.3,83,35,10.0,0.1,0.0,575.9
2025-05-03 13:00:00,21.4,98,51,13.9,1.1,0.0,548.2
2025-05-03 14:00:00,22.9,100,39,3.5,0.0,0.0,277.8
2025-05-03 15:00:00,25.7,100,27,12.2,0.0,0.0,488.7
2025-05-03 16:00:00,26.1,82,27,12.0,0.0,0.0,458.3
2025-05-03 17:00:00,25.0,99,31,16.0,0.0,0.0,298.2
2025-05-03 18:00:00,23.2,93,38,13.4,0.0,0.0,165.0
2025-05-03 19:00:00,22.9,97,41,14.6,0.0,0.0,95.8
2025-05-03 20:00:00,21.4,100,48,20.9,0.0,0.0,1.4
2025-05-03 21:00:00,19.3,100,59,14.0,0.1,0.0,0.0
2025-05-03 22:00:00,19.0,100,62,12.4,0.0,0.0,0.0
2025-05-03 23:00:00,18.1,96,67,13.1,0.1,0.0,0.0
2025-05-04 00:00:00,17.5,98,68,13.7,0.0,0.0,0.0
2025-05-04 01:00:00,15.8,36,82,16.8,1.3,0.0,0.0
2025-05-04 02:00:00,15.3,64,86,15.9,0.0,0.0,0.0
2025-05-04 03:00:00,16.6,97,75,18.3,0.0,0.0,0.0
2025-05-04 04:00:00,16.1,12,79,20.0,0.0,0.0,0.0
2025-05-04 05:00:00,15.7,97,78,18.9,0.0,0.0,0.0
2025-05-04 06:00:00,15.2,89,79,19.3,0.1,0.0,39.2
2025-05-04 07:00:00,14.3,59,79,19.1,0.1,0.0,96.3
2025-05-04 08:00:00,14.2,82,70,18.7,0.0,0.0,231.7
2025-05-04 09:00:00,14.2,100,64,18.2,0.0,0.0,267.0
2025-05-04 10:00:00,13.3,100,62,16.3,0.0,0.0,149.5
2025-05-04 11:00:00,13.7,100,57,14.9,0.0,0.0,226.9
2025-05-04 12:00:00,14.0,100,51,14.2,0.0,0.0,289.4
2025-05-04 13:00:00,14.0,100,44,12.8,0.0,0.0,277.1
2025-05-04 14:00:00,14.1,98,43,12.5,0.0,0.0,275.9
2025-05-04 15:00:00,15.4,70,42,12.2,0.0,0.0,656.6
2025-05-04 16:00:00,16.2,29,38,13.5,0.0,0.0,595.8
2025-05-04 17:00:00,15.7,96,38,14.4,0.0,0.0,417.2
2025-05-04 18:00:00,14.4,92,41,13.9,0.0,0.0,178.3
2025-05-04 19:00:00,13.8,72,43,10.3,0.0,0.0,103.3
2025-05-04 20:00:00,12.8,81,48,8.5,0.0,0.0,3.5
2025-05-04 21:00:00,11.6,96,53,10.3,0.0,0.0,0.0
2025-05-04 22:00:00,11.0,100,55,10.2,0.0,0.0,0.0
2025-05-04 23:00:00,10.6,100,57,9.3,0.0,0.0,0.0
2025-05-05 00:00:00,9.3,100,63,6.8,0.0,0.0,0.0
2025-05-05 01:00:00,8.8,100,66,6.1,0.0,0.0,0.0
2025-05-05 02:00:00,8.4,100,69,5.8,0.0,0.0,0.0
2025-05-05 03:00:00,7.3,95,77,4.8,0.0,0.0,0.0
2025-05-05 04:00:00,7.3,100,77,7.2,0.0,0.0,0.0
2025-05-05 05:00:00,7.1,100,77,8.6,0.0,0.0,0.0
2025-05-05 06:00:00,6.7,100,80,9.2,0.0,0.0,26.0
2025-05-05 07:00:00,6.6,100,82,9.3,0.0,0.0,108.4
2025-05-05 08:00:00,7.4,100,78,10.1,0.0,0.0,216.5
2025-05-05 09:00:00,8.5,100,71,11.6,0.0,0.0,315.7
2025-05-05 10:00:00,9.2,100,65,10.5,0.0,0.0,338.0
2025-05-05 11:00:00,10.7,80,55,11.1,0.0,0.0,466.3
2025-05-05 12:00:00,12.2,98,43,11.9,0.0,0.0,592.1
2025-05-05 13:00:00,12.7,100,43,13.3,0.0,0.0,554.2
2025-05-05 14:00:00,13.0,100,43,13.8,0.0,0.0,622.0
2025-05-05 15:00:00,10.9,96,52,15.1,0.0,0.0,428.3
2025-05-05 16:00:00,11.2,100,50,15.3,0.0,0.0,409.3
2025-05-05 17:00:00,10.5,100,52,14.6,0.0,0.0,207.9
2025-05-05 18:00:00,10.0,100,53,13.6,0.0,0.0,97.8
2025-05-05 19:00:00,9.5,100,55,13.9,0.0,0.0,52.7
2025-05-05 20:00:00,8.7,100,59,14.1,0.0,0.0,1.7
2025-05-05 21:00:00,8.5,100,59,12.9,0.0,0.0,0.0
2025-05-05 22:00:00,8.2,100,62,12.5,0.0,0.0,0.0
2025-05-05 23:00:00,8.0,100,64,11.2,0.0,0.0,0.0
2025-05-06 00:00:00,7.9,100,65,10.4,0.0,0.0,0.0
2025-05-06 01:00:00,7.6,100,67,9.9,0.0,0.0,0.0
2025-05-06 02:00:00,7.3,100,70,9.0,0.0,0.0,0.0
2025-05-06 03:00:00,6.8,100,77,9.7,0.0,0.0,0.0
2025-05-06 04:00:00,6.7,100,78,9.2,0.0,0.0,0.0
2025-05-06 05:00:00,6.6,100,79,8.7,0.0,0.0,0.0
2025-05-06 06:00:00,6.5,100,80,8.8,0.0,0.0,11.1
2025-05-06 07:00:00,6.7,100,80,9.0,0.0,0.0,36.9
2025-05-06 08:00:00,7.8,93,73,10.7,0.0,0.0,181.9
2025-05-06 09:00:00,9.3,100,65,10.9,0.0,0.0,379.2
2025-05-06 10:00:00,10.4,100,60,10.5,0.0,0.0,439.2
2025-05-06 11:00:00,11.1,100,57,10.1,0.0,0.0,402.9
2025-05-06 12:00:00,11.3,100,56,9.3,0.0,0.0,328.3
2025-05-06 13:00:00,11.5,100,55,8.8,0.0,0.0,269.1
2025-05-06 14:00:00,11.8,100,53,8.2,0.0,0.0,238.9
2025-05-06 15:00:00,12.1,100,52,10.0,0.0,0.0,272.0
2025-05-06 16:00:00,12.1,100,51,9.3,0.0,0.0,229.0
2025-05-06 17:00:00,11.8,100,51,8.2,0.0,0.0,121.6
2025-05-06 18:00:00,12.0,100,49,7.3,0.0,0.0,115.1
2025-05-06 19:00:00,11.9,100,50,6.5,0.0,0.0,49.7
2025-05-06 20:00:00,11.3,100,52,7.2,0.0,0.0,2.6
2025-05-06 21:00:00,10.6,100,52,9.9,0.0,0.0,0.0
2025-05-06 22:00:00,9.5,82,53,12.6,0.0,0.0,0.0
2025-05-06 23:00:00,9.0,95,55,11.1,0.0,0.0,0.0
2025-05-07 00:00:00,8.5,100,56,10.3,0.0,0.0,0.0
2025-05-07 01:00:00,8.3,93,58,9.7,0.0,0.0,0.0
2025-05-07 02:00:00,7.6,45,62,8.7,0.0,0.0,0.0
2025-05-07 03:00:00,7.0,1,65,7.7,0.0,0.0,0.0
2025-05-07 04:00:00,6.3,4,68,6.1,0.0,0.0,0.0
2025-05-07 05:00:00,5.8,21,69,5.9,0.0,0.0,0.0
2025-05-07 06:00:00,5.8,13,69,8.9,0.0,0.0,56.4
2025-05-07 07:00:00,7.2,75,67,9.6,0.0,0.0,190.2
2025-05-07 08:00:00,9.6,94,57,7.2,0.0,0.0,355.7
2025-05-07 09:00:00,11.5,95,45,10.0,0.0,0.0,513.0
2025-05-07 10:00:00,12.8,78,39,10.6,0.0,0.0,661.2
2025-05-07 11:00:00,13.8,100,35,11.5,0.0,0.0,721.2
2025-05-07 12:00:00,13.9,98,35,11.5,0.0,0.0,564.3
2025-05-07 13:00:00,13.6,100,38,11.6,0.0,0.0,447.1
2025-05-07 14:00:00,13.8,97,38,10.3,0.0,0.0,451.4
2025-05-07 15:00:00,13.4,100,40,11.3,0.0,0.0,289.2
2025-05-07 16:00:00,13.2,100,42,11.1,0.0,0.0,261.2
2025-05-07 17:00:00,13.0,100,42,11.6,0.0,0.0,175.9
2025-05-07 18:00:00,12.6,100,43,11.9,0.0,0.0,101.5
2025-05-07 19:00:00,12.0,100,44,11.4,0.0,0.0,35.6
2025-05-07 20:00:00,11.5,100,45,8.8,0.0,0.0,4.3
2025-05-07 21:00:00,10.9,100,47,9.9,0.0,0.0,0.0
2025-05-07 22:00:00,10.2,100,47,13.1,0.0,0.0,0.0
2025-05-07 23:00:00,9.3,100,48,11.5,0.0,0.0,0.0
2025-05-08 00:00:00,7.7,18,50,14.9,0.0,0.0,0.0
2025-05-08 01:00:00,6.6,11,55,13.1,0.0,0.0,0.0
2025-05-08 02:00:00,5.8,1,59,13.2,0.0,0.0,0.0
2025-05-08 03:00:00,4.8,61,61,11.9,0.0,0.0,0.0
2025-05-08 04:00:00,4.5,95,63,10.7,0.0,0.0,0.0
2025-05-08 05:00:00,4.4,100,63,9.5,0.0,0.0,0.0
2025-05-08 06:00:00,4.7,100,63,7.5,0.0,0.0,26.0
2025-05-08 07:00:00,5.3,98,60,7.3,0.0,0.0,92.5
2025-05-08 08:00:00,6.3,91,55,7.8,0.0,0.0,189.7
2025-05-08 09:00:00,8.1,98,48,8.2,0.0,0.0,412.5
2025-05-08 10:00:00,9.6,76,41,9.2,0.0,0.0,552.0
2025-05-08 11:00:00,10.7,93,38,10.1,0.0,0.0,654.6
2025-05-08 12:00:00,11.1,97,35,9.4,0.0,0.0,549.8
2025-05-08 13:00:00,11.7,48,31,9.4,0.0,0.0,546.1
2025-05-08 14:00:00,12.9,79,29,9.1,0.0,0.0,711.8
2025-05-08 15:00:00,13.7,93,25,10.6,0.0,0.0,636.3
2025-05-08 16:00:00,13.1,97,27,12.2,0.0,0.0,428.3
2025-05-08 17:00:00,12.6,85,29,12.0,0.0,0.0,331.2
2025-05-08 18:00:00,12.1,44,29,11.1,0.0,0.0,190.4
2025-05-08 19:00:00,11.4,68,31,12.8,0.0,0.0,102.0
2025-05-08 20:00:00,10.6,91,31,11.6,0.0,0.0,9.4
2025-05-08 21:00:00,9.9,34,33,12.5,0.0,0.0,0.0
2025-05-08 22:00:00,8.0,11,42,16.0,0.0,0.0,0.0
2025-05-08 23:00:00,6.9,2,47,12.3,0.0,0.0,0.0
2025-05-09 00:00:00,6.1,12,50,10.6,0.0,0.0,0.0
2025-05-09 01:00:00,5.5,6,52,9.5,0.0,0.0,0.0
2025-05-09 02:00:00,5.0,16,54,8.8,0.0,0.0,0.0
2025-05-09 03:00:00,3.7,27,59,8.5,0.0,0.0,0.0
2025-05-09 04:00:00,3.2,54,62,8.2,0.0,0.0,0.0
2025-05-09 05:00:00,2.8,75,65,8.0,0.0,0.0,0.0
2025-05-09 06:00:00,3.3,100,64,6.3,0.0,0.0,47.8
2025-05-09 07:00:00,4.5,48,60,2.8,0.0,0.0,98.9
2025-05-09 08:00:00,6.1,0,55,1.9,0.0,0.0,258.5
2025-05-09 09:00:00,8.7,5,45,1.5,0.0,0.0,557.5
2025-05-09 10:00:00,10.5,95,32,9.5,0.0,0.0,651.8
2025-05-09 11:00:00,10.3,82,32,11.0,0.0,0.0,387.8
2025-05-09 12:00:00,11.0,100,31,9.9,0.0,0.0,458.5
2025-05-09 13:00:00,11.2,100,31,10.1,0.0,0.0,397.1
2025-05-09 14:00:00,11.5,100,32,10.1,0.0,0.0,329.6
2025-05-09 15:00:00,12.6,100,29,11.0,0.0,0.0,373.7
2025-05-09 16:00:00,13.0,100,29,11.7,0.0,0.0,349.5
2025-05-09 17:00:00,12.7,85,31,12.8,0.0,0.0,223.6
2025-05-09 18:00:00,12.6,100,30,11.3,0.0,0.0,146.7
2025-05-09 19:00:00,12.5,35,30,9.9,0.0,0.0,74.9
2025-05-09 20:00:00,11.4,69,33,5.4,0.0,0.0,14.2
2025-05-09 21:00:00,10.6,7,37,2.7,0.0,0.0,0.0
2025-05-09 22:00:00,9.5,32,40,0.9,0.0,0.0,0.0
2025-05-09 23:00:00,9.1,32,41,5.5,0.0,0.0,0.0
2025-05-10 00:00:00,8.4,45,43,9.2,0.0,0.0,0.0
2025-05-10 01:00:00,7.6,78,49,10.1,0.0,0.0,0.0
2025-05-10 02:00:00,7.2,83,55,10.3,0.0,0.0,0.0
2025-05-10 03:00:00,6.4,97,61,9.8,0.0,0.0,0.0
2025-05-10 04:00:00,6.2,71,59,10.3,0.0,0.0,0.0
2025-05-10 05:00:00,5.9,100,59,10.5,0.0,0.0,0.0
2025-05-10 06:00:00,6.9,100,55,11.3,0.0,0.0,21.9
2025-05-10 07:00:00,7.5,100,53,12.6,0.0,0.0,38.8
2025-05-10 08:00:00,8.1,100,51,12.0,0.0,0.0,60.6
2025-05-10 09:00:00,10.3,100,45,11.6,0.0,0.0,223.5
2025-05-10 10:00:00,9.8,100,51,12.9,0.2,0.0,113.1
2025-05-10 11:00:00,10.5,100,51,12.4,0.1,0.0,144.3
2025-05-10 12:00:00,12.5,99,45,15.0,0.0,0.0,288.2
2025-05-10 13:00:00,14.0,100,43,14.8,0.0,0.0,333.1
2025-05-10 14:00:00,14.6,100,44,19.8,0.0,0.0,291.6
2025-05-10 15:00:00,12.8,100,58,14.5,0.0,0.0,131.9
2025-05-10 16:00:00,12.4,100,65,13.6,0.1,0.0,141.4
2025-05-10 17:00:00,11.6,100,71,12.9,0.1,0.0,96.5
2025-05-10 18:00:00,11.1,100,78,11.3,0.2,0.0,78.4
2025-05-10 19:00:00,11.0,99,77,9.6,0.0,0.0,62.1
2025-05-10 20:00:00,10.4,100,80,7.9,0.0,0.0,8.4
2025-05-10 21:00:00,10.0,100,84,7.3,0.1,0.0,0.0
2025-05-10 22:00:00,9.6,100,86,8.2,0.0,0.0,0.0
2025-05-10 23:00:00,9.3,100,82,10.2,0.1,0.0,0.0
2025-05-11 00:00:00,8.6,99,81,11.8,0.0,0.0,0.0
2025-05-11 01:00:00,7.9,96,79,10.4,0.0,0.0,0.0
2025-05-11 02:00:00,7.3,99,80,7.3,0.0,0.0,0.0
2025-05-11 03:00:00,6.3,86,81,7.1,0.0,0.0,0.0
2025-05-11 04:00:00,5.4,5,83,9.0,0.0,0.0,0.0
2025-05-11 05:00:00,4.3,0,82,8.6,0.0,0.0,0.0
2025-05-11 06:00:00,4.1,3,80,8.5,0.0,0.0,68.7
2025-05-11 07:00:00,5.2,0,73,6.3,0.0,0.0,206.9
2025-05-11 08:00:00,7.1,22,65,6.7,0.0,0.0,373.6
2025-05-11 09:00:00,8.9,27,55,10.3,0.0,0.0,513.4
2025-05-11 10:00:00,10.3,96,44,12.0,0.0,0.0,620.7
2025-05-11 11:00:00,10.7,99,40,11.2,0.0,0.0,404.5
2025-05-11 12:00:00,11.6,100,38,10.1,0.0,0.0,485.0
2025-05-11 13:00:00,11.7,100,38,8.9,0.0,0.0,365.1
2025-05-11 14:00:00,12.4,100,37,7.6,0.0,0.0,458.4
2025-05-11 15:00:00,13.1,100,34,6.4,0.0,0.0,466.0
2025-05-11 16:00:00,12.9,100,34,6.3,0.0,0.0,302.1
2025-05-11 17:00:00,12.8,100,34,6.0,0.0,0.0,267.0
2025-05-11 18:00:00,12.5,100,35,5.9,0.0,0.0,153.0
2025-05-11 19:00:00,12.1,100,36,6.0,0.0,0.0,56.1
2025-05-11 20:00:00,11.6,82,38,5.6,0.0,0.0,9.4
2025-05-11 21:00:00,10.7,93,44,6.5,0.0,0.0,0.0
2025-05-11 22:00:00,9.9,90,49,7.1,0.0,0.0,0.0
2025-05-11 23:00:00,9.0,89,52,8.4,0.0,0.0,0.0
2025-05-12 00:00:00,8.4,100,55,8.9,0.0,0.0,0.0
2025-05-12 01:00:00,8.1,100,59,7.9,0.0,0.0,0.0
2025-05-12 02:00:00,7.6,89,64,7.5,0.0,0.0,0.0
2025-05-12 03:00:00,7.4,100,65,10.2,0.0,0.0,0.0
2025-05-12 04:00:00,6.5,96,74,10.2,0.0,0.0,0.0
2025-05-12 05:00:00,6.0,100,77,9.7,0.0,0.0,0.0
2025-05-12 06:00:00,6.0,100,76,6.9,0.0,0.0,39.1
2025-05-12 07:00:00,6.6,99,71,5.3,0.0,0.0,112.6
2025-05-12 08:00:00,7.8,0,65,4.7,0.0,0.0,246.2
2025-05-12 09:00:00,10.0,0,52,6.5,0.0,0.0,551.5
2025-05-12 10:00:00,11.8,47,41,10.5,0.0,0.0,675.9
2025-05-12 11:00:00,13.0,93,34,11.8,0.0,0.0,689.7
2025-05-12 12:00:00,13.6,99,31,11.4,0.0,0.0,573.1
2025-05-12 13:00:00,14.0,100,30,12.3,0.0,0.0,525.1
2025-05-12 14:00:00,14.0,100,31,11.0,0.0,0.0,433.1
2025-05-12 15:00:00,14.5,100,29,11.0,0.0,0.0,397.7
2025-05-12 16:00:00,14.4,99,29,10.7,0.0,0.0,330.7
2025-05-12 17:00:00,14.3,94,29,10.2,0.0,0.0,224.2
2025-05-12 18:00:00,14.2,99,28,9.9,0.0,0.0,162.3
2025-05-12 19:00:00,13.8,99,28,9.4,0.0,0.0,69.2
2025-05-12 20:00:00,13.4,93,28,8.6,0.0,0.0,13.9
2025-05-12 21:00:00,12.5,100,31,8.0,0.0,0.0,0.0
2025-05-12 22:00:00,11.9,100,34,7.9,0.0,0.0,0.0
2025-05-12 23:00:00,11.2,97,39,7.2,0.0,0.0,0.0
2025-05-13 00:00:00,10.3,77,44,6.0,0.0,0.0,0.0
2025-05-13 01:00:00,9.4,39,49,6.5,0.0,0.0,0.0
2025-05-13 02:00:00,8.6,76,54,5.8,0.0,0.0,0.0
2025-05-13 03:00:00,7.9,12,57,5.6,0.0,0.0,0.0
2025-05-13 04:00:00,6.8,92,63,4.1,0.0,0.0,0.0
2025-05-13 05:00:00,7.1,98,62,4.2,0.0,0.0,0.0
2025-05-13 06:00:00,7.7,95,60,5.2,0.0,0.0,42.6
2025-05-13 07:00:00,8.3,79,57,5.6,0.0,0.0,135.3
2025-05-13 08:00:00,10.3,100,47,5.1,0.0,0.0,260.3
2025-05-13 09:00:00,11.9,39,39,4.7,0.0,0.0,336.1
2025-05-13 10:00:00,13.7,96,33,6.0,0.0,0.0,593.0
2025-05-13 11:00:00,13.9,69,30,6.7,0.0,0.0,417.9
2025-05-13 12:00:00,15.1,99,27,6.6,0.0,0.0,556.7
2025-05-13 13:00:00,15.6,100,26,6.7,0.0,0.0,472.1
2025-05-13 14:00:00,16.2,97,24,7.2,0.0,0.0,448.8
2025-05-13 15:00:00,16.6,100,23,7.0,0.0,0.0,455.7
2025-05-13 16:00:00,16.6,99,23,9.2,0.0,0.0,322.6
2025-05-13 17:00:00,16.5,80,24,11.5,0.0,0.0,268.4
2025-05-13 18:00:00,16.1,98,25,10.9,0.0,0.0,210.2
2025-05-13 19:00:00,15.7,82,25,7.9,0.0,0.0,129.8
2025-05-13 20:00:00,15.0,100,25,6.8,0.0,0.0,21.3
2025-05-13 21:00:00,13.9,99,28,6.3,0.0,0.0,0.0
2025-05-13 22:00:00,13.1,99,32,8.0,0.0,0.0,0.0
2025-05-13 23:00:00,12.1,94,36,6.9,0.0,0.0,0.0
2025-05-14 00:00:00,11.5,98,40,7.7,0.0,0.0,0.0
2025-05-14 01:00:00,10.7,99,44,7.6,0.0,0.0,0.0
2025-05-14 02:00:00,10.3,100,48,9.2,0.0,0.0,0.0
2025-05-14 03:00:00,9.3,100,52,9.5,0.0,0.0,0.0
2025-05-14 04:00:00,8.6,100,55,8.8,0.0,0.0,0.0
2025-05-14 05:00:00,8.5,100,54,8.0,0.0,0.0,0.0
2025-05-14 06:00:00,9.0,100,51,8.1,0.0,0.0,24.0
2025-05-14 07:00:00,9.6,100,50,6.5,0.0,0.0,98.0
2025-05-14 08:00:00,11.0,100,45,7.9,0.0,0.0,176.9
2025-05-14 09:00:00,14.1,99,37,10.6,0.0,0.0,478.3
2025-05-14 10:00:00,16.2,96,33,12.6,0.0,0.0,621.0
2025-05-14 11:00:00,17.9,80,32,14.8,0.0,0.0,748.3
2025-05-14 12:00:00,19.4,91,29,17.3,0.0,0.0,811.9
2025-05-14 13:00:00,20.0,99,26,18.4,0.0,0.0,820.1
2025-05-14 14:00:00,20.4,99,24,19.8,0.0,0.0,687.9
2025-05-14 15:00:00,20.4,97,22,21.9,0.0,0.0,526.1
2025-05-14 16:00:00,20.5,100,23,21.9,0.0,0.0,402.8
2025-05-14 17:00:00,20.0,100,24,21.0,0.0,0.0,238.7
2025-05-14 18:00:00,19.4,100,26,22.4,0.0,0.0,153.0
2025-05-14 19:00:00,18.9,100,30,18.8,0.0,0.0,84.1
2025-05-14 20:00:00,18.0,100,33,14.5,0.0,0.0,13.9
2025-05-14 21:00:00,17.2,100,37,12.1,0.0,0.0,0.0
2025-05-14 22:00:00,16.1,100,42,12.4,0.0,0.0,0.0
2025-05-14 23:00:00,15.4,100,46,12.1,0.0,0.0,0.0
2025-05-15 00:00:00,14.8,100,49,11.3,0.0,0.0,0.0
2025-05-15 01:00:00,14.2,100,52,8.6,0.0,0.0,0.0
2025-05-15 02:00:00,12.9,100,59,2.5,0.0,0.0,0.0
2025-05-15 03:00:00,11.9,100,68,9.6,0.0,0.0,0.0
2025-05-15 04:00:00,10.6,100,79,5.1,0.5,0.0,0.0
2025-05-15 05:00:00,9.3,100,90,16.0,1.3,0.0,0.0
2025-05-15 06:00:00,6.0,100,91,13.8,0.8,0.0,8.5
2025-05-15 07:00:00,4.7,100,95,12.8,1.5,0.0,28.5
2025-05-15 08:00:00,3.3,100,91,14.4,0.9,0.0,44.5
2025-05-15 09:00:00,3.4,100,85,15.3,0.2,0.0,84.7
2025-05-15 10:00:00,4.6,95,73,14.1,0.0,0.0,147.6
2025-05-15 11:00:00,7.6,95,55,12.6,0.0,0.0,534.6
2025-05-15 12:00:00,8.8,72,47,14.2,0.0,0.0,475.6
2025-05-15 13:00:00,10.1,52,40,13.5,0.0,0.0,549.1
2025-05-15 14:00:00,10.8,15,40,11.8,0.1,0.0,646.0
2025-05-15 15:00:00,10.4,30,41,12.4,0.3,0.0,670.6
2025-05-15 16:00:00,10.5,100,45,13.7,0.7,0.0,535.4
2025-05-15 17:00:00,10.4,97,45,13.2,0.0,0.0,383.4
2025-05-15 18:00:00,6.4,100,75,12.3,1.1,0.14,181.3
2025-05-15 19:00:00,6.6,100,74,13.6,0.1,0.0,119.7
2025-05-15 20:00:00,6.5,87,73,13.0,0.1,0.0,16.1
2025-05-15 21:00:00,5.7,17,82,11.0,0.0,0.0,0.0
2025-05-15 22:00:00,4.8,1,88,9.7,0.0,0.0,0.0
2025-05-15 23:00:00,4.2,56,93,10.0,0.0,0.0,0.0
2025-05-16 00:00:00,3.9,98,95,10.3,0.0,0.0,0.0
2025-05-16 01:00:00,3.9,80,94,10.1,0.0,0.0,0.0
2025-05-16 02:00:00,4.1,100,94,9.9,0.0,0.0,0.0
2025-05-16 03:00:00,4.1,43,95,11.4,0.0,0.0,0.0
2025-05-16 04:00:00,3.7,35,95,12.6,0.0,0.0,0.0
2025-05-16 05:00:00,3.7,100,94,13.5,0.0,0.0,0.0
2025-05-16 06:00:00,4.9,100,89,13.8,0.0,0.0,37.5
2025-05-16 07:00:00,5.7,100,86,17.7,0.0,0.0,72.9
2025-05-16 08:00:00,6.7,96,80,18.9,0.1,0.0,183.6
2025-05-16 09:00:00,7.6,100,74,20.0,0.1,0.0,245.0
2025-05-16 10:00:00,8.6,100,73,18.9,0.1,0.0,316.8
2025-05-16 11:00:00,9.8,100,71,17.5,0.0,0.0,395.6
2025-05-16 12:00:00,10.5,26,69,19.0,0.0,0.0,298.2
2025-05-16 13:00:00,13.1,87,50,20.7,0.0,0.0,755.1
2025-05-16 14:00:00,12.3,96,56,21.9,0.2,0.0,460.6
2025-05-16 15:00:00,11.4,55,58,20.7,0.2,0.0,619.5
2025-05-16 16:00:00,11.8,92,62,23.0,0.6,0.0,452.8
2025-05-16 17:00:00,9.7,64,78,15.4,0.5,0.0,190.5
2025-05-16 18:00:00,10.0,97,75,16.2,0.1,0.0,245.2
2025-05-16 19:00:00,8.8,15,80,11.3,0.3,0.0,79.9
2025-05-16 20:00:00,8.2,100,87,8.7,0.0,0.0,26.2
2025-05-16 21:00:00,7.9,100,90,11.4,0.1,0.0,0.0
2025-05-16 22:00:00,7.3,100,92,10.9,0.1,0.0,0.0
2025-05-16 23:00:00,7.5,100,90,11.0,0.0,0.0,0.0
2025-05-17 00:00:00,7.4,100,87,12.0,0.1,0.0,0.0
2025-05-17 01:00:00,7.0,100,94,15.4,0.2,0.0,0.0
2025-05-17 02:00:00,6.9,100,93,14.8,0.2,0.0,0.0
2025-05-17 03:00:00,7.2,100,93,15.5,0.2,0.0,0.0
2025-05-17 04:00:00,7.2,100,95,15.1,0.2,0.0,0.0
2025-05-17 05:00:00,7.0,100,95,16.8,0.2,0.0,0.0
2025-05-17 06:00:00,7.1,100,92,17.3,0.1,0.0,26.5
2025-05-17 07:00:00,7.8,100,88,18.0,0.1,0.0,145.3
2025-05-17 08:00:00,8.4,100,84,20.0,0.1,0.0,209.7
2025-05-17 09:00:00,8.9,100,78,22.3,0.1,0.0,264.0
2025-05-17 10:00:00,9.7,100,78,19.1,0.2,0.0,342.7
2025-05-17 11:00:00,10.6,100,69,23.4,0.1,0.0,446.0
2025-05-17 12:00:00,11.0,100,67,22.6,0.2,0.0,487.8
2025-05-17 13:00:00,8.1,100,83,15.8,1.8,0.0,232.0
2025-05-17 14:00:00,8.5,100,81,15.6,0.2,0.0,179.6
2025-05-17 15:00:00,8.4,100,79,20.4,0.6,0.0,212.9
2025-05-17 16:00:00,8.8,100,78,20.7,0.3,0.0,248.6
2025-05-17 17:00:00,8.6,100,79,19.1,0.2,0.0,184.5
2025-05-17 18:00:00,8.2,100,83,17.7,0.3,0.0,136.4
2025-05-17 19:00:00,7.5,100,87,15.1,0.5,0.0,47.7
2025-05-17 20:00:00,6.7,100,90,13.7,0.2,0.0,13.8
2025-05-17 21:00:00,6.1,100,93,11.7,0.0,0.0,0.0
2025-05-17 22:00:00,5.8,89,94,11.7,0.0,0.0,0.0
2025-05-17 23:00:00,5.2,85,95,11.5,0.0,0.0,0.0
2025-05-18 00:00:00,4.9,100,96,11.6,0.0,0.0,0.0
2025-05-18 01:00:00,5.3,100,93,12.4,0.0,0.0,0.0
2025-05-18 02:00:00,5.3,100,93,13.6,0.1,0.0,0.0
2025-05-18 03:00:00,5.5,100,95,15.8,0.2,0.0,0.0
2025-05-18 04:00:00,5.3,100,95,16.5,0.1,0.0,0.0
2025-05-18 05:00:00,4.8,95,95,16.9,0.0,0.0,0.0
2025-05-18 06:00:00,4.8,99,91,17.2,0.5,0.0,45.9
2025-05-18 07:00:00,5.1,100,89,18.5,0.1,0.0,118.0
2025-05-18 08:00:00,5.6,100,86,17.7,0.4,0.0,168.7
2025-05-18 09:00:00,6.1,100,80,18.9,0.4,0.0,151.1
2025-05-18 10:00:00,6.0,100,89,22.9,1.3,0.0,108.4
2025-05-18 11:00:00,6.3,100,95,18.1,1.5,0.0,91.5
2025-05-18 12:00:00,7.0,100,94,17.0,0.7,0.0,156.8
2025-05-18 13:00:00,7.8,100,89,16.4,0.5,0.0,202.0
2025-05-18 14:00:00,6.8,100,86,19.1,1.1,0.0,327.0
2025-05-18 15:00:00,7.1,99,85,21.0,1.5,0.07,371.7
2025-05-18 16:00:00,6.0,100,89,16.2,0.3,0.0,114.2
2025-05-18 17:00:00,7.7,100,83,18.9,0.0,0.0,216.4
2025-05-18 18:00:00,8.3,100,80,19.9,0.1,0.0,168.9
2025-05-18 19:00:00,7.3,100,87,17.5,0.6,0.0,46.5
2025-05-18 20:00:00,6.7,100,89,16.8,0.3,0.0,13.1
2025-05-18 21:00:00,6.3,100,91,15.2,0.1,0.0,0.0
2025-05-18 22:00:00,6.1,100,92,13.3,0.2,0.0,0.0
2025-05-18 23:00:00,5.9,100,93,11.7,0.0,0.0,0.0
2025-05-19 00:00:00,6.0,100,93,11.0,0.0,0.0,0.0
2025-05-19 01:00:00,6.1,100,93,10.5,0.0,0.0,0.0
2025-05-19 02:00:00,6.2,87,94,10.0,0.0,0.0,0.0
2025-05-19 03:00:00,5.5,75,95,10.4,0.2,0.0,0.0
2025-05-19 04:00:00,5.5,88,94,11.2,0.1,0.0,0.0
2025-05-19 05:00:00,5.4,100,95,9.3,0.2,0.0,0.0
2025-05-19 06:00:00,4.6,100,96,5.6,4.8,0.84,47.0
2025-05-19 07:00:00,4.6,100,94,4.4,6.0,1.75,97.6
2025-05-19 08:00:00,6.2,100,94,6.8,0.7,0.0,153.0
2025-05-19 09:00:00,7.4,72,90,8.9,0.1,0.0,226.5
2025-05-19 10:00:00,9.0,44,83,8.2,0.1,0.0,406.4
2025-05-19 11:00:00,10.7,31,75,7.8,0.0,0.0,597.2
2025-05-19 12:00:00,11.3,52,69,10.8,0.3,0.0,741.8
2025-05-19 13:00:00,12.6,89,59,12.3,0.1,0.0,660.2
2025-05-19 14:00:00,12.6,75,59,13.3,0.0,0.0,410.0
2025-05-19 15:00:00,12.1,97,62,14.8,0.0,0.0,396.5
2025-05-19 16:00:00,11.4,92,68,15.1,0.0,0.0,313.3
2025-05-19 17:00:00,11.1,100,72,14.3,0.0,0.0,206.0
2025-05-19 18:00:00,10.8,100,76,13.0,0.0,0.0,106.2
2025-05-19 19:00:00,10.5,100,80,10.4,0.0,0.0,42.3
2025-05-19 20:00:00,10.2,100,84,8.5,0.0,0.0,9.6
2025-05-19 21:00:00,9.7,100,89,7.9,0.0,0.0,0.0
2025-05-19 22:00:00,9.5,100,91,7.6,0.0,0.0,0.0
2025-05-19 23:00:00,9.3,100,92,7.4,0.0,0.0,0.0
2025-05-20 00:00:00,9.1,100,93,7.5,0.0,0.0,0.0
2025-05-20 01:00:00,8.9,100,94,7.2,0.0,0.0,0.0
2025-05-20 02:00:00,8.8,100,96,7.0,0.0,0.0,0.0
2025-05-20 03:00:00,9.0,100,95,7.5,0.0,0.0,0.0
2025-05-20 04:00:00,9.0,100,97,7.0,0.1,0.0,0.0
2025-05-20 05:00:00,9.1,100,98,8.1,0.2,0.0,0.0
2025-05-20 06:00:00,9.2,100,98,11.4,0.1,0.0,15.4
2025-05-20 07:00:00,9.5,100,97,10.5,0.1,0.0,28.0
2025-05-20 08:00:00,10.1,100,96,11.4,0.0,0.0,72.8
2025-05-20 09:00:00,11.7,100,84,11.7,0.1,0.0,224.1
2025-05-20 10:00:00,12.7,100,80,9.9,0.1,0.0,303.3
2025-05-20 11:00:00,13.6,100,75,9.4,0.2,0.0,343.8
2025-05-20 12:00:00,14.5,59,70,9.5,0.2,0.0,441.6
2025-05-20 13:00:00,16.0,50,64,9.5,0.2,0.0,647.2
2025-05-20 14:00:00,17.0,14,59,8.7,0.1,0.0,663.9
2025-05-20 15:00:00,16.8,36,59,8.2,0.2,0.0,661.9
2025-05-20 16:00:00,17.3,23,57,8.7,0.0,0.0,521.7
2025-05-20 17:00:00,17.4,16,57,9.1,0.0,0.0,405.2
2025-05-20 18:00:00,17.1,13,58,8.8,0.0,0.0,282.4
2025-05-20 19:00:00,16.4,11,63,6.0,0.0,0.0,142.1
2025-05-20 20:00:00,15.0,11,71,4.9,0.0,0.0,35.0
2025-05-20 21:00:00,13.7,15,76,5.4,0.0,0.0,0.0
2025-05-20 22:00:00,13.0,4,80,6.6,0.0,0.0,0.0
2025-05-20 23:00:00,12.1,9,83,5.6,0.0,0.0,0.0
2025-05-21 00:00:00,11.5,6,84,5.3,0.0,0.0,0.0
2025-05-21 01:00:00,10.6,1,86,5.0,0.0,0.0,0.0
2025-05-21 02:00:00,9.9,1,87,4.8,0.0,0.0,0.0
2025-05-21 03:00:00,9.8,1,88,5.3,0.0,0.0,0.0
2025-05-21 04:00:00,9.6,0,88,6.5,0.0,0.0,0.0
2025-05-21 05:00:00,9.5,0,88,7.3,0.0,0.0,0.0
2025-05-21 06:00:00,10.1,0,86,7.1,0.0,0.0,85.2
2025-05-21 07:00:00,12.1,0,81,6.2,0.0,0.0,227.2
2025-05-21 08:00:00,14.5,2,75,4.7,0.0,0.0,392.2
2025-05-21 09:00:00,16.8,3,66,6.9,0.0,0.0,551.6
2025-05-21 10:00:00,18.4,1,57,9.4,0.0,0.0,687.7
2025-05-21 11:00:00,19.4,2,52,9.9,0.0,0.0,788.4
2025-05-21 12:00:00,20.0,19,49,10.0,0.0,0.0,794.0
2025-05-21 13:00:00,20.5,17,47,10.8,0.0,0.0,765.2
2025-05-21 14:00:00,21.0,13,44,11.1,0.0,0.0,735.3
2025-05-21 15:00:00,21.6,22,39,9.8,0.0,0.0,672.5
2025-05-21 16:00:00,21.6,53,38,9.7,0.0,0.0,564.4
2025-05-21 17:00:00,21.1,28,42,11.0,0.0,0.0,423.2
2025-05-21 18:00:00,20.5,23,44,10.4,0.0,0.0,294.4
2025-05-21 19:00:00,19.6,80,51,7.6,0.0,0.0,150.0
2025-05-21 20:00:00,18.0,52,61,6.7,0.0,0.0,34.1
2025-05-21 21:00:00,16.0,35,71,10.8,0.0,0.0,0.0
2025-05-21 22:00:00,14.8,95,79,10.9,0.0,0.0,0.0
2025-05-21 23:00:00,14.5,99,78,11.6,0.0,0.0,0.0
2025-05-22 00:00:00,14.1,98,81,10.5,0.0,0.0,0.0
2025-05-22 01:00:00,13.4,100,85,9.8,0.0,0.0,0.0
2025-05-22 02:00:00,12.9,69,89,9.8,0.0,0.0,0.0
2025-05-22 03:00:00,13.1,98,91,11.1,0.0,0.0,0.0
2025-05-22 04:00:00,12.0,76,92,4.2,0.0,0.0,0.0
2025-05-22 05:00:00,11.9,5,93,8.3,0.0,0.0,0.0
2025-05-22 06:00:00,12.2,13,94,8.7,0.0,0.0,84.0
2025-05-22 07:00:00,13.4,34,91,7.4,0.0,0.0,222.6
2025-05-22 08:00:00,15.1,100,82,9.9,0.0,0.0,384.7
2025-05-22 09:00:00,16.5,100,75,11.1,0.0,0.0,447.8
2025-05-22 10:00:00,17.6,100,71,10.1,0.0,0.0,554.4
2025-05-22 11:00:00,18.5,100,68,8.2,0.1,0.0,670.5
2025-05-22 12:00:00,19.7,100,59,9.6,0.1,0.0,701.8
2025-05-22 13:00:00,14.9,100,84,13.1,3.3,0.0,319.1
2025-05-22 14:00:00,16.1,65,74,7.1,0.2,0.0,336.9
2025-05-22 15:00:00,17.4,100,59,12.4,0.0,0.0,519.5
2025-05-22 16:00:00,15.9,100,64,9.8,0.0,0.0,323.8
2025-05-22 17:00:00,15.7,100,65,8.3,0.0,0.0,257.8
2025-05-22 18:00:00,14.6,100,70,9.3,0.0,0.0,135.8
2025-05-22 19:00:00,13.0,100,79,11.1,0.2,0.0,27.3
2025-05-22 20:00:00,12.0,100,90,10.8,1.5,0.0,3.8
2025-05-22 21:00:00,11.4,100,96,11.7,1.4,0.0,0.0
2025-05-22 22:00:00,11.2,100,95,12.1,1.6,0.0,0.0
2025-05-22 23:00:00,10.9,100,95,10.6,2.2,0.0,0.0
2025-05-23 00:00:00,10.5,100,96,13.2,1.9,0.0,0.0
2025-05-23 01:00:00,10.0,100,95,11.6,1.3,0.0,0.0
2025-05-23 02:00:00,9.7,100,93,10.7,0.6,0.0,0.0
2025-05-23 03:00:00,8.8,100,95,8.3,0.2,0.0,0.0
2025-05-23 04:00:00,8.6,100,93,10.0,0.1,0.0,0.0
2025-05-23 05:00:00,7.9,100,90,13.3,0.0,0.0,0.0
2025-05-23 06:00:00,7.2,100,87,12.5,0.0,0.0,20.2
2025-05-23 07:00:00,6.9,100,83,10.6,0.0,0.0,80.6
2025-05-23 08:00:00,6.8,100,81,8.7,0.0,0.0,109.5
2025-05-23 09:00:00,7.6,100,77,7.8,0.0,0.0,221.5
2025-05-23 10:00:00,8.3,100,72,6.7,0.0,0.0,270.6
2025-05-23 11:00:00,9.6,100,66,6.1,0.0,0.0,446.6
2025-05-23 12:00:00,11.2,100,54,5.2,0.0,0.0,617.7
2025-05-23 13:00:00,13.1,100,44,2.4,0.0,0.0,764.3
2025-05-23 14:00:00,13.7,100,39,3.2,0.0,0.0,530.3
2025-05-23 15:00:00,14.2,100,41,5.5,0.0,0.0,473.9
2025-05-23 16:00:00,14.3,100,42,6.2,0.0,0.0,395.0
2025-05-23 17:00:00,13.8,100,42,6.8,0.0,0.0,178.2
2025-05-23 18:00:00,13.6,100,45,6.1,0.0,0.0,155.9
2025-05-23 19:00:00,12.9,100,54,4.8,0.0,0.0,63.7
2025-05-23 20:00:00,11.9,100,64,5.0,0.0,0.0,17.8
2025-05-23 21:00:00,10.4,100,73,4.4,0.0,0.0,0.0
2025-05-23 22:00:00,9.5,100,78,4.7,0.0,0.0,0.0
2025-05-23 23:00:00,8.8,100,83,3.3,0.0,0.0,0.0
2025-05-24 00:00:00,8.6,100,85,2.0,0.0,0.0,0.0
2025-05-24 01:00:00,8.1,100,87,1.5,0.0,0.0,0.0
2025-05-24 02:00:00,7.7,100,87,1.1,0.0,0.0,0.0
2025-05-24 03:00:00,7.3,100,81,5.2,0.0,0.0,0.0
2025-05-24 04:00:00,7.2,100,75,5.6,0.0,0.0,0.0
2025-05-24 05:00:00,6.8,100,72,5.7,0.0,0.0,0.0
2025-05-24 06:00:00,6.9,100,73,6.1,0.0,0.0,72.7
2025-05-24 07:00:00,7.5,99,74,5.0,0.0,0.0,168.7
2025-05-24 08:00:00,9.0,47,71,5.2,0.0,0.0,349.4
2025-05-24 09:00:00,11.0,62,64,6.0,0.0,0.0,542.9
2025-05-24 10:00:00,12.4,94,53,8.6,0.2,0.0,690.4
2025-05-24 11:00:00,13.1,69,48,10.0,0.1,0.0,707.1
2025-05-24 12:00:00,13.7,22,46,9.3,0.0,0.0,707.8
2025-05-24 13:00:00,14.6,57,41,9.8,0.0,0.0,798.3
2025-05-24 14:00:00,15.3,79,38,8.5,0.0,0.0,691.6
2025-05-24 15:00:00,15.5,90,38,12.5,0.0,0.0,671.0
2025-05-24 16:00:00,15.0,100,40,12.5,0.0,0.0,552.1
2025-05-24 17:00:00,14.5,100,42,10.6,0.0,0.0,380.5
2025-05-24 18:00:00,14.0,100,45,8.7,0.0,0.0,207.1
2025-05-24 19:00:00,13.5,100,50,8.2,0.0,0.0,107.0
2025-05-24 20:00:00,12.5,100,57,7.7,0.0,0.0,29.5
2025-05-24 21:00:00,11.3,98,63,8.6,0.0,0.0,0.0
2025-05-24 22:00:00,10.1,75,70,6.2,0.0,0.0,0.0
2025-05-24 23:00:00,8.9,44,78,4.3,0.0,0.0,0.0
2025-05-25 00:00:00,8.3,44,80,2.8,0.0,0.0,0.0
2025-05-25 01:00:00,7.8,25,82,1.9,0.0,0.0,0.0
2025-05-25 02:00:00,7.4,13,84,1.1,0.0,0.0,0.0
2025-05-25 03:00:00,6.3,0,89,4.3,0.0,0.0,0.0
2025-05-25 04:00:00,5.7,0,90,3.9,0.0,0.0,0.0
2025-05-25 05:00:00,5.2,0,91,3.3,0.0,0.0,13.3
2025-05-25 06:00:00,6.7,0,87,3.0,0.0,0.0,93.5
2025-05-25 07:00:00,9.1,0,81,1.6,0.0,0.0,242.0
2025-05-25 08:00:00,11.5,0,69,1.9,0.0,0.0,412.1
2025-05-25 09:00:00,13.4,0,58,3.3,0.0,0.0,574.1
2025-05-25 10:00:00,14.9,0,49,3.2,0.0,0.0,713.0
2025-05-25 11:00:00,16.1,11,42,1.3,0.0,0.0,810.0
2025-05-25 12:00:00,17.0,61,38,2.8,0.0,0.0,816.4
2025-05-25 13:00:00,17.5,79,35,3.9,0.0,0.0,719.3
2025-05-25 14:00:00,17.8,63,35,3.6,0.0,0.0,558.8
2025-05-25 15:00:00,18.3,74,33,4.3,0.0,0.0,595.0
2025-05-25 16:00:00,18.6,57,31,3.2,0.0,0.0,480.2
2025-05-25 17:00:00,18.9,64,30,2.2,0.0,0.0,431.4
2025-05-25 18:00:00,18.8,88,30,2.3,0.0,0.0,280.9
2025-05-25 19:00:00,18.0,73,37,4.5,0.0,0.0,151.3
2025-05-25 20:00:00,15.8,1,52,4.7,0.0,0.0,45.6
2025-05-25 21:00:00,13.9,0,57,6.1,0.0,0.0,0.0
2025-05-25 22:00:00,12.4,2,61,5.7,0.0,0.0,0.0
2025-05-25 23:00:00,11.5,27,62,8.7,0.0,0.0,0.0
2025-05-26 00:00:00,10.8,96,65,8.0,0.0,0.0,0.0
2025-05-26 01:00:00,10.4,100,68,7.5,0.0,0.0,0.0
2025-05-26 02:00:00,9.4,93,76,5.1,0.0,0.0,0.0
2025-05-26 03:00:00,8.6,83,81,1.6,0.0,0.0,0.0
2025-05-26 04:00:00,8.9,100,82,4.0,0.0,0.0,0.0
2025-05-26 05:00:00,9.2,100,83,3.7,0.0,0.0,0.0
2025-05-26 06:00:00,10.1,100,80,4.3,0.0,0.0,58.7
2025-05-26 07:00:00,10.9,100,81,6.9,0.1,0.0,93.2
2025-05-26 08:00:00,11.6,79,83,4.0,0.3,0.0,123.4
2025-05-26 09:00:00,14.5,97,77,5.8,0.1,0.0,504.2
2025-05-26 10:00:00,16.0,85,68,8.2,0.0,0.0,505.1
2025-05-26 11:00:00,16.8,100,64,9.1,0.1,0.0,483.2
2025-05-26 12:00:00,17.4,55,65,8.3,0.1,0.0,455.8
2025-05-26 13:00:00,19.4,100,57,8.7,0.0,0.0,616.3
2025-05-26 14:00:00,19.7,97,52,10.2,0.0,0.0,350.7
2025-05-26 15:00:00,17.0,92,68,14.9,0.3,0.0,253.3
2025-05-26 16:00:00,17.1,39,71,15.3,0.2,0.0,292.9
2025-05-26 17:00:00,16.9,93,67,15.1,0.1,0.0,373.0
2025-05-26 18:00:00,16.6,100,69,15.9,0.0,0.0,210.9
2025-05-26 19:00:00,16.4,45,70,13.0,0.1,0.0,134.5
2025-05-26 20:00:00,15.5,19,75,11.5,0.0,0.0,41.8
2025-05-26 21:00:00,14.4,15,79,8.9,0.0,0.0,0.0
2025-05-26 22:00:00,13.6,16,83,8.7,0.0,0.0,0.0
2025-05-26 23:00:00,12.9,21,87,9.3,0.0,0.0,0.0
2025-05-27 00:00:00,12.3,18,90,8.9,0.1,0.0,0.0
2025-05-27 01:00:00,11.8,10,92,8.6,0.0,0.0,0.0
2025-05-27 02:00:00,11.3,10,93,8.0,0.0,0.0,0.0
2025-05-27 03:00:00,10.6,8,95,7.3,0.0,0.0,0.0
2025-05-27 04:00:00,10.0,8,96,6.9,0.0,0.0,0.0
2025-05-27 05:00:00,9.5,14,97,6.7,0.0,0.0,11.0
2025-05-27 06:00:00,9.9,4,96,7.0,0.0,0.0,91.6
2025-05-27 07:00:00,11.4,1,90,5.3,0.0,0.0,233.1
2025-05-27 08:00:00,13.5,0,81,4.8,0.0,0.0,386.5
2025-05-27 09:00:00,15.5,25,70,6.5,0.1,0.0,562.4
2025-05-27 10:00:00,16.9,24,54,8.8,0.0,0.0,619.7
2025-05-27 11:00:00,18.2,20,44,9.6,0.0,0.0,761.5
2025-05-27 12:00:00,18.9,45,40,10.4,0.0,0.0,823.5
2025-05-27 13:00:00,19.3,99,38,9.8,0.0,0.0,642.3
2025-05-27 14:00:00,19.5,97,37,9.9,0.0,0.0,524.7
2025-05-27 15:00:00,20.1,92,34,6.2,0.0,0.0,465.7
2025-05-27 16:00:00,20.2,42,33,6.8,0.0,0.0,396.4
2025-05-27 17:00:00,20.1,87,33,6.9,0.0,0.0,293.2
2025-05-27 18:00:00,20.2,98,33,6.6,0.0,0.0,252.2
2025-05-27 19:00:00,19.4,51,40,5.5,0.0,0.0,105.7
2025-05-27 20:00:00,17.7,53,52,4.4,0.0,0.0,39.9
2025-05-27 21:00:00,16.2,57,59,5.1,0.0,0.0,0.0
2025-05-27 22:00:00,15.3,100,64,5.2,0.0,0.0,0.0
2025-05-27 23:00:00,14.9,98,67,4.3,0.0,0.0,0.0
2025-05-28 00:00:00,14.6,72,74,2.9,0.0,0.0,0.0
2025-05-28 01:00:00,13.6,84,74,4.8,0.0,0.0,0.0
2025-05-28 02:00:00,13.0,52,77,5.0,0.0,0.0,0.0
2025-05-28 03:00:00,11.0,9,80,1.7,0.0,0.0,0.0
2025-05-28 04:00:00,10.2,16,85,5.0,0.0,0.0,0.0
2025-05-28 05:00:00,9.5,0,87,4.2,0.0,0.0,10.2
2025-05-28 06:00:00,10.8,6,85,5.9,0.0,0.0,96.0
2025-05-28 07:00:00,13.0,11,78,4.6,0.0,0.0,237.9
2025-05-28 08:00:00,15.7,0,67,3.4,0.0,0.0,404.0
2025-05-28 09:00:00,18.0,0,54,5.6,0.0,0.0,564.4
2025-05-28 10:00:00,19.5,96,44,8.3,0.0,0.0,703.9
2025-05-28 11:00:00,20.7,100,39,10.7,0.0,0.0,787.7
2025-05-28 12:00:00,21.3,92,35,9.6,0.0,0.0,586.9
2025-05-28 13:00:00,23.1,99,30,10.9,0.0,0.0,735.4
2025-05-28 14:00:00,21.5,95,38,15.2,0.0,0.0,368.4
2025-05-28 15:00:00,20.8,100,47,17.5,0.0,0.0,421.0
2025-05-28 16:00:00,17.6,100,71,12.1,1.8,0.0,217.2
2025-05-28 17:00:00,16.9,100,78,9.0,1.6,0.0,120.9
2025-05-28 18:00:00,16.0,100,82,9.2,0.8,0.0,87.2
2025-05-28 19:00:00,15.5,100,88,8.7,1.1,0.0,20.3
2025-05-28 20:00:00,15.0,100,92,7.6,0.2,0.0,12.6
2025-05-28 21:00:00,14.3,100,91,9.7,0.1,0.0,0.0
2025-05-28 22:00:00,13.7,100,93,11.2,0.2,0.0,0.0
2025-05-28 23:00:00,13.4,100,93,12.0,0.1,0.0,0.0
2025-05-29 00:00:00,13.0,100,93,13.6,0.0,0.0,0.0
2025-05-29 01:00:00,12.8,100,94,15.4,0.0,0.0,0.0
2025-05-29 02:00:00,12.6,100,93,15.5,0.0,0.0,0.0
2025-05-29 03:00:00,12.1,99,91,14.9,0.0,0.0,0.0
2025-05-29 04:00:00,11.7,100,91,14.0,0.0,0.0,0.0
2025-05-29 05:00:00,11.7,100,91,13.8,0.0,0.0,9.5
2025-05-29 06:00:00,11.8,100,92,13.4,0.4,0.0,26.0
2025-05-29 07:00:00,12.0,100,92,17.5,0.2,0.0,43.1
2025-05-29 08:00:00,12.9,100,84,19.1,0.1,0.0,194.1
2025-05-29 09:00:00,13.2,100,77,21.5,0.1,0.0,196.3
2025-05-29 10:00:00,14.1,100,71,22.3,0.5,0.0,407.5
2025-05-29 11:00:00,15.0,100,64,23.3,0.1,0.0,505.1
2025-05-29 12:00:00,16.3,62,58,24.2,0.2,0.0,592.0
2025-05-29 13:00:00,16.8,65,56,22.8,0.2,0.0,639.4
2025-05-29 14:00:00,16.5,67,62,21.1,0.3,0.0,535.6
2025-05-29 15:00:00,16.2,34,62,18.7,0.6,0.0,582.1
2025-05-29 16:00:00,16.9,44,47,21.3,0.0,0.0,496.6
2025-05-29 17:00:00,17.2,59,44,21.4,0.0,0.0,389.6
2025-05-29 18:00:00,16.5,33,46,21.3,0.0,0.0,258.6
2025-05-29 19:00:00,15.7,14,50,20.6,0.0,0.0,165.8
2025-05-29 20:00:00,14.8,18,54,15.2,0.0,0.0,50.1
2025-05-29 21:00:00,13.9,29,58,12.0,0.0,0.0,0.0
2025-05-29 22:00:00,13.0,26,62,9.7,0.0,0.0,0.0
2025-05-29 23:00:00,12.2,66,67,9.7,0.0,0.0,0.0
2025-05-30 00:00:00,11.6,6,70,9.8,0.0,0.0,0.0
2025-05-30 01:00:00,10.9,1,74,8.8,0.0,0.0,0.0
2025-05-30 02:00:00,10.2,21,78,8.1,0.0,0.0,0.0
2025-05-30 03:00:00,9.2,22,80,8.3,0.0,0.0,0.0
2025-05-30 04:00:00,8.7,55,83,7.4,0.0,0.0,0.0
2025-05-30 05:00:00,8.7,96,84,6.5,0.0,0.0,8.9
2025-05-30 06:00:00,9.7,99,81,6.3,0.0,0.0,73.9
2025-05-30 07:00:00,10.8,100,77,5.0,0.0,0.0,132.9
2025-05-30 08:00:00,12.9,100,66,6.3,0.0,0.0,325.3
2025-05-30 09:00:00,13.9,100,61,8.0,0.0,0.0,278.1
2025-05-30 10:00:00,15.7,100,57,8.5,0.0,0.0,498.3
2025-05-30 11:00:00,15.6,100,57,9.5,0.0,0.0,305.6
2025-05-30 12:00:00,15.6,100,57,10.3,0.0,0.0,252.0
2025-05-30 13:00:00,15.4,100,60,11.3,0.0,0.0,233.1
2025-05-30 14:00:00,15.6,100,62,10.3,0.0,0.0,240.4
2025-05-30 15:00:00,16.7,100,62,12.6,0.0,0.0,240.1
2025-05-30 16:00:00,16.6,100,65,12.1,0.0,0.0,106.4
2025-05-30 17:00:00,17.3,100,66,12.8,0.0,0.0,165.6
2025-05-30 18:00:00,17.6,100,68,11.9,0.0,0.0,137.9
2025-05-30 19:00:00,17.7,100,69,11.8,0.0,0.0,95.2
2025-05-30 20:00:00,17.2,11,75,6.0,0.0,0.0,34.6
2025-05-30 21:00:00,15.9,16,82,6.9,0.0,0.0,0.0
2025-05-30 22:00:00,15.4,24,85,7.5,0.0,0.0,0.0
2025-05-30 23:00:00,14.9,19,87,7.6,0.0,0.0,0.0
2025-05-31 00:00:00,14.3,5,90,8.8,0.0,0.0,0.0
2025-05-31 01:00:00,13.9,6,90,8.3,0.0,0.0,0.0
2025-05-31 02:00:00,13.6,2,90,7.8,0.0,0.0,0.0
2025-05-31 03:00:00,13.7,17,92,8.4,0.0,0.0,0.0
2025-05-31 04:00:00,13.4,3,92,8.8,0.0,0.0,0.0
2025-05-31 05:00:00,13.4,51,92,9.0,0.0,0.0,8.4
2025-05-31 06:00:00,14.3,34,88,9.6,0.0,0.0,85.4
2025-05-31 07:00:00,15.8,54,82,8.5,0.0,0.0,216.0
2025-05-31 08:00:00,18.0,61,74,7.7,0.0,0.0,353.5
2025-05-31 09:00:00,20.1,27,66,7.2,0.0,0.0,436.1
2025-05-31 10:00:00,22.1,69,55,9.5,0.1,0.0,654.9
2025-05-31 11:00:00,23.0,35,49,11.2,0.1,0.0,624.8
2025-05-31 12:00:00,24.3,39,45,10.7,0.1,0.0,783.6
2025-05-31 13:00:00,25.2,17,44,10.7,0.0,0.0,753.5
2025-05-31 14:00:00,25.9,100,42,12.8,0.0,0.0,743.9
2025-05-31 15:00:00,25.8,22,37,10.9,0.0,0.0,677.7
2025-05-31 16:00:00,25.6,97,35,16.3,0.0,0.0,599.6
2025-05-31 17:00:00,23.8,68,46,10.5,0.1,0.0,260.9
2025-05-31 18:00:00,24.1,71,46,5.7,0.0,0.0,306.3
2025-05-31 19:00:00,23.9,45,47,6.5,0.0,0.0,153.7
2025-05-31 20:00:00,23.0,20,51,4.6,0.0,0.0,47.6
2025-05-31 21:00:00,21.3,6,61,3.3,0.0,0.0,0.0
2025-05-31 22:00:00,19.8,25,70,3.0,0.0,0.0,0.0
2025-05-31 23:00:00,18.9,11,75,3.9,0.0,0.0,0.0
2025-06-01 00:00:00,17.8,83,81,3.1,0.0,0.0,0.0
2025-06-01 01:00:00,17.1,100,84,1.2,0.0,0.0,0.0
2025-06-01 02:00:00,16.4,84,87,2.7,0.0,0.0,0.0
2025-06-01 03:00:00,15.7,100,86,2.3,0.0,0.0,0.0
2025-06-01 04:00:00,15.2,100,90,3.4,0.0,0.0,0.0
2025-06-01 05:00:00,14.9,93,93,2.9,0.0,0.0,8.0
2025-06-01 06:00:00,15.6,34,89,3.1,0.0,0.0,79.7
2025-06-01 07:00:00,17.4,97,78,2.4,0.0,0.0,231.2
2025-06-01 08:00:00,19.7,6,64,5.4,0.0,0.0,342.7
2025-06-01 09:00:00,22.2,1,54,7.0,0.0,0.0,551.4
2025-06-01 10:00:00,24.3,3,46,6.9,0.0,0.0,687.2
2025-06-01 11:00:00,26.2,99,41,6.8,0.0,0.0,791.7
2025-06-01 12:00:00,27.6,100,34,8.6,0.0,0.0,840.9
2025-06-01 13:00:00,28.6,100,31,10.4,0.0,0.0,837.6
2025-06-01 14:00:00,25.3,100,42,14.7,0.2,0.0,615.9
2025-06-01 15:00:00,27.1,100,35,15.9,0.0,0.0,626.3
2025-06-01 16:00:00,27.3,62,37,12.5,0.0,0.0,448.0
2025-06-01 17:00:00,25.2,99,51,12.0,0.8,0.0,435.7
2025-06-01 18:00:00,25.4,100,47,12.9,0.0,0.0,196.2
2025-06-01 19:00:00,24.8,82,50,12.9,0.0,0.0,101.7
2025-06-01 20:00:00,23.9,100,54,11.8,0.0,0.0,35.4
2025-06-01 21:00:00,23.0,100,59,10.2,0.0,0.0,0.0
2025-06-01 22:00:00,22.0,100,64,10.5,0.0,0.0,0.0
2025-06-01 23:00:00,21.5,87,68,12.1,0.0,0.0,0.0
2025-06-02 00:00:00,20.3,89,72,8.9,0.0,0.0,0.0
2025-06-02 01:00:00,18.8,100,81,16.4,0.0,0.0,0.0
2025-06-02 02:00:00,17.8,81,87,7.1,0.5,0.0,0.0
2025-06-02 03:00:00,17.2,76,96,9.3,0.9,0.0,0.0
2025-06-02 04:00:00,16.9,35,95,10.8,0.0,0.0,0.0
2025-06-02 05:00:00,16.4,100,95,11.9,0.0,0.0,15.4
2025-06-02 06:00:00,16.7,99,93,9.4,0.0,0.0,94.5
2025-06-02 07:00:00,17.7,92,88,7.4,0.0,0.0,198.5
2025-06-02 08:00:00,19.2,93,77,7.4,0.0,0.0,366.1
2025-06-02 09:00:00,20.9,55,64,7.0,0.0,0.0,544.5
2025-06-02 10:00:00,22.2,99,58,7.7,0.0,0.0,682.8
2025-06-02 11:00:00,23.4,100,54,7.4,0.0,0.0,751.8
2025-06-02 12:00:00,24.2,57,52,7.6,0.0,0.0,759.0
2025-06-02 13:00:00,25.2,54,50,6.6,0.0,0.0,793.6
2025-06-02 14:00:00,26.2,100,49,5.6,0.0,0.0,800.8
2025-06-02 15:00:00,24.9,100,47,10.1,0.9,0.0,496.8
2025-06-02 16:00:00,25.0,100,49,10.8,0.5,0.0,505.5
2025-06-02 17:00:00,25.0,99,49,9.2,0.0,0.0,328.9
2025-06-02 18:00:00,24.0,80,52,11.0,0.1,0.0,304.3
2025-06-02 19:00:00,22.5,98,60,9.9,0.0,0.0,117.2
2025-06-02 20:00:00,21.2,77,67,6.1,0.0,0.0,36.9
2025-06-02 21:00:00,20.4,100,73,2.6,0.0,0.0,0.0
2025-06-02 22:00:00,20.0,100,78,3.9,0.0,0.0,0.0
2025-06-02 23:00:00,19.3,100,82,5.6,0.0,0.0,0.0
2025-06-03 00:00:00,18.7,100,85,2.5,0.1,0.0,0.0
2025-06-03 01:00:00,18.5,100,85,3.1,0.5,0.0,0.0
2025-06-03 02:00:00,18.1,100,86,1.8,0.3,0.0,0.0
2025-06-03 03:00:00,16.5,100,97,2.7,1.2,0.0,0.0
2025-06-03 04:00:00,16.0,100,98,3.1,0.0,0.0,0.0
2025-06-03 05:00:00,15.6,100,99,4.1,0.0,0.0,14.8
2025-06-03 06:00:00,16.1,100,98,5.0,0.0,0.0,67.1
2025-06-03 07:00:00,16.4,100,97,4.5,0.0,0.0,129.6
2025-06-03 08:00:00,16.7,100,94,6.4,0.0,0.0,136.9
2025-06-03 09:00:00,17.7,100,89,6.7,0.0,0.0,276.7
2025-06-03 10:00:00,19.0,100,85,6.4,0.0,0.0,435.4
2025-06-03 11:00:00,19.0,100,82,7.0,0.2,0.0,271.9
2025-06-03 12:00:00,18.2,100,85,7.6,0.9,0.0,162.9
2025-06-03 13:00:00,19.3,100,82,7.9,0.1,0.0,334.3
2025-06-03 14:00:00,20.1,100,75,8.7,0.0,0.0,342.3
2025-06-03 15:00:00,20.9,41,66,5.5,0.1,0.0,623.7
2025-06-03 16:00:00,21.4,58,59,6.9,0.0,0.0,530.7
2025-06-03 17:00:00,21.4,52,60,9.1,0.2,0.0,390.6
2025-06-03 18:00:00,20.9,52,63,8.8,0.4,0.0,302.1
2025-06-03 19:00:00,20.3,9,69,6.9,0.1,0.0,163.9
2025-06-03 20:00:00,19.4,3,79,3.0,0.0,0.0,56.4
2025-06-03 21:00:00,18.0,0,83,3.3,0.0,0.0,0.0
2025-06-03 22:00:00,17.4,3,84,5.4,0.0,0.0,0.0
2025-06-03 23:00:00,16.8,0,87,4.9,0.0,0.0,0.0
2025-06-04 00:00:00,16.6,0,87,7.6,0.0,0.0,0.0
2025-06-04 01:00:00,16.2,1,89,7.2,0.0,0.0,0.0
2025-06-04 02:00:00,15.7,7,90,6.2,0.0,0.0,0.0
2025-06-04 03:00:00,15.5,36,90,6.9,0.0,0.0,0.0
2025-06-04 04:00:00,15.1,51,91,7.3,0.0,0.0,0.0
2025-06-04 05:00:00,14.8,35,92,7.8,0.0,0.0,14.3
2025-06-04 06:00:00,15.4,52,90,8.1,0.0,0.0,95.2
2025-06-04 07:00:00,16.8,16,87,7.0,0.0,0.0,211.0
2025-06-04 08:00:00,19.0,13,78,7.6,0.0,0.0,387.0
2025-06-04 09:00:00,20.9,94,68,8.2,0.0,0.0,552.1
2025-06-04 10:00:00,22.6,82,59,9.0,0.0,0.0,673.0
2025-06-04 11:00:00,23.8,94,54,11.8,0.0,0.0,765.4
2025-06-04 12:00:00,24.3,95,52,12.2,0.2,0.0,691.4
2025-06-04 13:00:00,25.2,37,52,10.0,0.0,0.0,727.7
2025-06-04 14:00:00,26.2,35,50,9.1,0.0,0.0,774.6
2025-06-04 15:00:00,26.6,96,48,6.5,0.0,0.0,572.3
2025-06-04 16:00:00,27.1,100,48,7.0,0.0,0.0,553.0
2025-06-04 17:00:00,26.9,99,49,7.4,0.0,0.0,398.8
2025-06-04 18:00:00,25.9,100,50,14.1,0.4,0.0,262.6
2025-06-04 19:00:00,24.6,98,56,7.9,0.0,0.0,121.5
2025-06-04 20:00:00,23.8,100,60,14.5,0.0,0.0,50.1
2025-06-04 21:00:00,22.4,72,67,10.8,0.0,0.0,0.0
2025-06-04 22:00:00,21.2,48,73,9.5,0.0,0.0,0.0
2025-06-04 23:00:00,20.6,5,75,9.8,0.0,0.0,0.0
2025-06-05 00:00:00,19.9,35,76,10.0,0.0,0.0,0.0
2025-06-05 01:00:00,19.5,39,75,10.7,0.0,0.0,0.0
2025-06-05 02:00:00,19.0,47,76,7.4,0.0,0.0,0.0
2025-06-05 03:00:00,19.6,96,75,9.3,0.0,0.0,0.0
2025-06-05 04:00:00,19.1,94,76,9.1,0.0,0.0,0.0
2025-06-05 05:00:00,18.9,36,75,10.2,0.0,0.0,13.8
2025-06-05 06:00:00,19.9,10,69,15.5,0.0,0.0,89.8
2025-06-05 07:00:00,20.1,15,73,14.2,0.0,0.0,239.2
2025-06-05 08:00:00,20.6,4,75,15.8,0.0,0.0,403.4
2025-06-05 09:00:00,21.5,10,71,15.3,0.0,0.0,542.0
2025-06-05 10:00:00,22.7,19,64,13.0,0.0,0.0,669.7
2025-06-05 11:00:00,24.0,11,59,11.2,0.0,0.0,747.5
2025-06-05 12:00:00,25.0,5,55,12.3,0.0,0.0,824.6
2025-06-05 13:00:00,26.0,4,48,14.5,0.0,0.0,845.8
2025-06-05 14:00:00,26.6,5,46,15.2,0.0,0.0,810.8
2025-06-05 15:00:00,26.3,61,45,14.2,0.1,0.0,682.1
2025-06-05 16:00:00,24.9,43,52,14.5,0.7,0.0,529.1
2025-06-05 17:00:00,24.6,54,56,11.0,1.0,0.0,408.0
2025-06-05 18:00:00,22.7,85,61,8.9,0.1,0.0,249.3
2025-06-05 19:00:00,22.1,77,67,5.2,0.0,0.0,114.8
2025-06-05 20:00:00,21.5,100,72,2.6,0.0,0.0,46.0
2025-06-05 21:00:00,20.3,100,79,7.1,0.3,0.0,0.0
2025-06-05 22:00:00,18.4,99,92,4.2,1.7,0.0,0.0
2025-06-05 23:00:00,17.8,15,94,4.1,0.1,0.0,0.0
2025-06-06 00:00:00,17.3,75,95,7.3,0.0,0.0,0.0
2025-06-06 01:00:00,16.7,3,97,4.2,0.0,0.0,0.0
2025-06-06 02:00:00,16.1,0,96,3.8,0.0,0.0,0.0
2025-06-06 03:00:00,15.6,27,97,7.2,0.0,0.0,0.0
2025-06-06 04:00:00,15.4,7,97,8.4,0.0,0.0,0.0
2025-06-06 05:00:00,15.2,4,97,8.2,0.0,0.0,13.4
2025-06-06 06:00:00,15.7,41,95,8.6,0.0,0.0,99.4
2025-06-06 07:00:00,16.8,96,90,7.3,0.0,0.0,235.1
2025-06-06 08:00:00,18.1,92,82,8.5,0.0,0.0,376.1
2025-06-06 09:00:00,20.1,95,68,10.8,0.0,0.0,541.9
2025-06-06 10:00:00,22.2,56,57,12.6,0.0,0.0,674.0
2025-06-06 11:00:00,23.9,34,48,14.4,0.0,0.0,795.8
2025-06-06 12:00:00,25.1,3,43,15.3,0.0,0.0,854.3
2025-06-06 13:00:00,26.0,33,40,18.6,0.0,0.0,872.9
2025-06-06 14:00:00,26.4,9,39,18.6,0.0,0.0,744.4
2025-06-06 15:00:00,26.1,28,43,17.4,0.0,0.0,586.8
2025-06-06 16:00:00,26.9,13,41,18.6,0.0,0.0,583.0
2025-06-06 17:00:00,26.8,69,41,19.0,0.0,0.0,489.4
2025-06-06 18:00:00,26.2,10,42,17.2,0.0,0.0,291.8
2025-06-06 19:00:00,25.3,28,47,12.2,0.4,0.0,184.0
2025-06-06 20:00:00,24.1,35,54,9.9,0.0,0.0,53.3
2025-06-06 21:00:00,22.5,33,61,10.0,0.0,0.0,0.0
2025-06-06 22:00:00,21.3,59,66,9.5,0.0,0.0,0.0
2025-06-06 23:00:00,20.5,76,68,8.9,0.0,0.0,0.0
2025-06-07 00:00:00,19.7,89,71,8.0,0.0,0.0,0.0
2025-06-07 01:00:00,19.1,90,74,6.6,0.0,0.0,0.0
2025-06-07 02:00:00,18.6,61,77,5.7,0.0,0.0,0.0
2025-06-07 03:00:00,16.4,100,86,5.3,0.0,0.0,0.0
2025-06-07 04:00:00,17.3,100,84,8.0,0.0,0.0,0.0
2025-06-07 05:00:00,17.3,100,87,6.7,0.0,0.0,6.6
2025-06-07 06:00:00,17.5,100,86,6.5,0.1,0.0,28.1
2025-06-07 07:00:00,17.7,100,82,7.5,0.1,0.0,64.5
2025-06-07 08:00:00,17.9,100,81,5.6,0.2,0.0,90.8
2025-06-07 09:00:00,18.2,55,82,3.5,0.1,0.0,124.3
2025-06-07 10:00:00,21.6,100,63,3.8,0.1,0.0,610.2
2025-06-07 11:00:00,22.7,100,57,7.3,0.0,0.0,548.0
2025-06-07 12:00:00,21.6,100,62,5.8,0.1,0.0,287.9
2025-06-07 13:00:00,23.0,100,59,5.5,0.0,0.0,550.6
2025-06-07 14:00:00,23.2,100,58,4.9,0.0,0.0,520.5
2025-06-07 15:00:00,21.7,78,68,12.2,0.2,0.0,431.3
2025-06-07 16:00:00,22.0,100,65,10.5,0.3,0.0,496.9
2025-06-07 17:00:00,20.9,93,71,8.1,0.5,0.0,232.3
2025-06-07 18:00:00,21.3,99,66,7.7,0.1,0.0,179.5
2025-06-07 19:00:00,19.8,87,80,5.0,1.7,0.0,73.0
2025-06-07 20:00:00,19.4,43,85,7.1,0.0,0.0,21.6
2025-06-07 21:00:00,18.5,67,87,10.6,0.1,0.0,0.0
2025-06-07 22:00:00,17.4,94,88,11.4,0.0,0.0,0.0
2025-06-07 23:00:00,16.9,100,92,15.4,2.6,0.0,0.0
2025-06-08 00:00:00,16.8,96,95,11.6,0.7,0.0,0.0
2025-06-08 01:00:00,16.6,99,94,12.2,0.0,0.0,0.0
2025-06-08 02:00:00,16.7,100,94,10.4,0.1,0.0,0.0
2025-06-08 03:00:00,15.7,84,97,6.7,0.0,0.0,0.0
2025-06-08 04:00:00,15.3,18,97,6.7,0.0,0.0,0.0
2025-06-08 05:00:00,14.9,28,98,7.7,0.0,0.0,12.8
2025-06-08 06:00:00,15.5,21,97,9.2,0.0,0.0,88.9
2025-06-08 07:00:00,16.4,46,90,10.7,0.0,0.0,215.4
2025-06-08 08:00:00,17.6,80,82,9.7,0.0,0.0,362.9
2025-06-08 09:00:00,18.7,94,73,11.7,0.0,0.0,425.3
2025-06-08 10:00:00,19.4,100,68,13.2,0.0,0.0,469.8
2025-06-08 11:00:00,18.6,100,65,12.5,0.1,0.0,268.8
2025-06-08 12:00:00,17.3,100,74,15.0,0.6,0.0,159.8
2025-06-08 13:00:00,16.2,100,85,12.5,1.3,0.0,98.1
2025-06-08 14:00:00,16.3,100,88,13.7,1.0,0.0,150.7
2025-06-08 15:00:00,16.5,100,80,18.7,0.1,0.0,218.6
2025-06-08 16:00:00,15.7,100,84,18.2,0.5,0.0,83.5
2025-06-08 17:00:00,16.0,98,84,15.4,0.2,0.0,162.7
2025-06-08 18:00:00,15.8,18,86,15.3,0.1,0.0,118.6
2025-06-08 19:00:00,16.3,18,82,16.9,0.0,0.0,193.9
2025-06-08 20:00:00,16.1,4,81,19.5,0.0,0.0,63.5
2025-06-08 21:00:00,15.6,15,78,17.5,0.0,0.0,0.0
2025-06-08 22:00:00,15.0,50,74,17.8,0.1,0.0,0.0
2025-06-08 23:00:00,14.5,7,73,16.2,0.0,0.0,0.0
2025-06-09 00:00:00,13.5,2,74,15.1,0.0,0.0,0.0
2025-06-09 01:00:00,13.0,4,75,14.4,0.0,0.0,0.0
2025-06-09 02:00:00,12.4,10,76,13.5,0.0,0.0,0.0
2025-06-09 03:00:00,11.7,19,78,14.9,0.0,0.0,0.0
2025-06-09 04:00:00,11.4,13,76,17.1,0.0,0.0,0.0
2025-06-09 05:00:00,11.0,0,76,17.6,0.0,0.0,18.9
2025-06-09 06:00:00,11.2,11,74,17.8,0.0,0.0,105.0
2025-06-09 07:00:00,11.8,16,71,17.3,0.0,0.0,239.8
2025-06-09 08:00:00,12.7,33,66,23.8,0.0,0.0,389.9
2025-06-09 09:00:00,13.3,50,63,22.0,0.1,0.0,470.1
2025-06-09 10:00:00,14.1,47,58,20.1,0.0,0.0,520.5
2025-06-09 11:00:00,15.1,48,52,20.3,0.1,0.0,677.2
2025-06-09 12:00:00,15.6,58,51,19.1,0.2,0.0,685.4
2025-06-09 13:00:00,16.0,45,51,18.0,0.4,0.0,586.8
2025-06-09 14:00:00,16.3,28,51,17.6,0.1,0.0,612.6
2025-06-09 15:00:00,16.1,61,52,15.9,0.0,0.0,565.1
2025-06-09 16:00:00,16.4,20,51,16.0,0.0,0.0,593.6
2025-06-09 17:00:00,16.3,28,49,15.8,0.0,0.0,483.7
2025-06-09 18:00:00,15.5,29,54,14.3,0.2,0.0,303.5
2025-06-09 19:00:00,15.6,5,53,11.6,0.0,0.0,181.1
2025-06-09 20:00:00,15.0,18,58,7.9,0.0,0.0,66.8
2025-06-09 21:00:00,13.6,13,67,5.6,0.0,0.0,0.0
2025-06-09 22:00:00,12.7,1,73,4.8,0.0,0.0,0.0
2025-06-09 23:00:00,11.8,10,78,2.4,0.0,0.0,0.0
2025-06-10 00:00:00,11.1,3,81,3.5,0.0,0.0,0.0
2025-06-10 01:00:00,10.4,0,82,3.6,0.0,0.0,0.0
2025-06-10 02:00:00,9.8,0,83,4.4,0.0,0.0,0.0
2025-06-10 03:00:00,8.5,0,87,4.0,0.0,0.0,0.0
2025-06-10 04:00:00,8.3,10,86,3.1,0.0,0.0,0.0
2025-06-10 05:00:00,8.6,82,85,5.6,0.0,0.0,18.5
2025-06-10 06:00:00,9.8,100,82,7.1,0.0,0.0,104.8
2025-06-10 07:00:00,11.6,45,76,4.9,0.0,0.0,229.3
2025-06-10 08:00:00,13.8,42,68,4.8,0.0,0.0,407.5
2025-06-10 09:00:00,16.2,17,54,6.1,0.0,0.0,574.1
2025-06-10 10:00:00,18.0,10,43,7.9,0.0,0.0,711.7
2025-06-10 11:00:00,19.3,65,39,7.6,0.0,0.0,814.7
2025-06-10 12:00:00,20.7,80,38,10.0,0.0,0.0,862.7
2025-06-10 13:00:00,21.3,100,39,14.8,0.0,0.0,811.1
2025-06-10 14:00:00,21.5,100,40,12.0,0.0,0.0,469.7
2025-06-10 15:00:00,21.9,100,40,16.7,0.0,0.0,565.2
2025-06-10 16:00:00,21.8,100,40,19.3,0.0,0.0,417.5
2025-06-10 17:00:00,22.4,100,36,20.4,0.0,0.0,452.6
2025-06-10 18:00:00,20.8,100,44,14.8,0.0,0.0,123.8
2025-06-10 19:00:00,20.3,100,48,11.7,0.0,0.0,85.7
2025-06-10 20:00:00,19.4,100,54,12.3,0.0,0.0,23.8
2025-06-10 21:00:00,18.4,100,60,11.8,0.0,0.0,0.0
2025-06-10 22:00:00,17.8,98,61,11.5,0.2,0.0,0.0
2025-06-10 23:00:00,16.4,97,69,10.3,0.8,0.0,0.0
2025-06-11 00:00:00,15.2,100,81,8.3,1.5,0.0,0.0
2025-06-11 01:00:00,14.9,53,85,14.3,0.1,0.0,0.0
2025-06-11 02:00:00,13.9,52,89,11.5,0.0,0.0,0.0
2025-06-11 03:00:00,13.3,64,94,12.4,0.4,0.0,0.0
2025-06-11 04:00:00,13.1,17,96,10.9,0.1,0.0,0.0
2025-06-11 05:00:00,13.0,32,94,13.2,0.0,0.0,12.2
2025-06-11 06:00:00,13.4,16,91,13.7,0.0,0.0,91.5
2025-06-11 07:00:00,14.2,13,85,14.2,0.0,0.0,234.4
2025-06-11 08:00:00,14.4,74,77,20.6,0.1,0.0,383.9
2025-06-11 09:00:00,14.7,56,73,20.7,0.1,0.0,386.1
2025-06-11 10:00:00,15.3,47,71,21.0,0.5,0.0,508.6
2025-06-11 11:00:00,16.6,98,65,21.0,0.1,0.0,654.1
2025-06-11 12:00:00,15.5,52,67,18.8,0.5,0.0,341.2
2025-06-11 13:00:00,17.3,83,64,20.4,0.8,0.0,688.0
2025-06-11 14:00:00,17.7,28,57,20.2,0.1,0.0,549.1
2025-06-11 15:00:00,16.6,55,60,21.0,0.1,0.0,610.2
2025-06-11 16:00:00,17.0,75,58,21.7,0.0,0.0,527.1
2025-06-11 17:00:00,16.7,84,59,20.0,0.0,0.0,303.3
2025-06-11 18:00:00,16.5,62,58,18.0,0.0,0.0,227.5
2025-06-11 19:00:00,16.1,13,59,16.4,0.0,0.0,160.0
2025-06-11 20:00:00,15.4,40,62,12.0,0.0,0.0,61.6
2025-06-11 21:00:00,14.3,17,69,8.4,0.0,0.0,0.0
2025-06-11 22:00:00,13.2,18,75,7.8,0.0,0.0,0.0
2025-06-11 23:00:00,12.5,29,78,7.5,0.0,0.0,0.0
2025-06-12 00:00:00,11.9,38,81,6.5,0.0,0.0,0.0
2025-06-12 01:00:00,11.3,81,83,5.4,0.0,0.0,0.0
2025-06-12 02:00:00,10.7,81,86,5.1,0.0,0.0,0.0
2025-06-12 03:00:00,10.0,100,88,5.4,0.0,0.0,0.0
2025-06-12 04:00:00,9.6,84,90,5.6,0.0,0.0,0.0
2025-06-12 05:00:00,9.4,3,90,6.2,0.0,0.0,18.1
2025-06-12 06:00:00,10.2,5,88,7.1,0.0,0.0,107.7
2025-06-12 07:00:00,11.8,0,82,4.6,0.0,0.0,253.6
2025-06-12 08:00:00,13.8,0,72,4.2,0.0,0.0,421.5
2025-06-12 09:00:00,15.5,14,63,5.3,0.0,0.0,583.0
2025-06-12 10:00:00,16.9,67,51,7.9,0.0,0.0,720.3
2025-06-12 11:00:00,18.0,67,42,9.2,0.0,0.0,823.2
2025-06-12 12:00:00,19.0,59,37,10.3,0.0,0.0,883.3
2025-06-12 13:00:00,19.7,3,34,10.6,0.0,0.0,900.4
2025-06-12 14:00:00,20.3,0,32,10.3,0.0,0.0,868.2
2025-06-12 15:00:00,20.8,0,33,10.4,0.0,0.0,789.8
2025-06-12 16:00:00,20.9,0,34,10.2,0.0,0.0,674.8
2025-06-12 17:00:00,20.6,2,36,10.4,0.0,0.0,529.9
2025-06-12 18:00:00,19.9,3,39,11.1,0.0,0.0,370.3
2025-06-12 19:00:00,19.1,2,40,10.7,0.0,0.0,209.7
2025-06-12 20:00:00,18.2,0,46,7.2,0.0,0.0,73.9
2025-06-12 21:00:00,16.5,1,56,6.4,0.0,0.0,0.0
2025-06-12 22:00:00,15.4,2,61,7.5,0.0,0.0,0.0
2025-06-12 23:00:00,14.4,0,64,7.0,0.0,0.0,0.0
2025-06-13 00:00:00,13.6,0,66,6.8,0.0,0.0,0.0
2025-06-13 01:00:00,12.9,0,68,9.2,0.0,0.0,0.0
2025-06-13 02:00:00,12.1,0,73,11.1,0.0,0.0,0.0
2025-06-13 03:00:00,11.4,0,69,10.3,0.0,0.0,0.0
2025-06-13 04:00:00,10.7,0,70,8.4,0.0,0.0,0.0
2025-06-13 05:00:00,10.1,0,72,6.8,0.0,0.0,17.9
2025-06-13 06:00:00,10.5,0,71,6.7,0.0,0.0,110.8
2025-06-13 07:00:00,11.7,0,66,6.7,0.0,0.0,260.0
2025-06-13 08:00:00,13.1,0,57,8.0,0.0,0.0,430.9
2025-06-13 09:00:00,14.7,0,46,7.6,0.0,0.0,595.3
2025-06-13 10:00:00,16.4,0,39,6.3,0.0,0.0,734.3
2025-06-13 11:00:00,17.9,25,35,7.3,0.0,0.0,835.8
2025-06-13 12:00:00,18.9,7,38,9.0,0.0,0.0,891.5
2025-06-13 13:00:00,19.5,13,41,10.1,0.0,0.0,890.4
2025-06-13 14:00:00,20.5,14,37,8.4,0.0,0.0,828.2
2025-06-13 15:00:00,21.6,62,35,12.0,0.0,0.0,671.5
2025-06-13 16:00:00,21.8,52,36,15.0,0.0,0.0,544.9
2025-06-13 17:00:00,19.9,63,45,13.4,0.0,0.0,285.6
2025-06-13 18:00:00,19.7,74,47,13.4,0.0,0.0,336.5
2025-06-13 19:00:00,18.2,94,53,13.4,0.0,0.0,177.4
2025-06-13 20:00:00,17.1,23,55,12.5,0.0,0.0,71.8
2025-06-13 21:00:00,16.0,65,59,8.3,0.0,0.0,0.0
2025-06-13 22:00:00,15.4,0,62,5.2,0.0,0.0,0.0
2025-06-13 23:00:00,14.6,0,67,3.4,0.0,0.0,0.0
2025-06-14 00:00:00,14.0,0,70,4.0,0.0,0.0,0.0
2025-06-14 01:00:00,13.2,0,75,3.6,0.0,0.0,0.0
2025-06-14 02:00:00,12.5,0,80,3.3,0.0,0.0,0.0
2025-06-14 03:00:00,11.6,0,80,4.7,0.0,0.0,0.0
2025-06-14 04:00:00,11.1,0,83,4.9,0.0,0.0,0.0
2025-06-14 05:00:00,10.9,0,84,6.0,0.0,0.0,17.8
2025-06-14 06:00:00,11.7,0,80,6.5,0.0,0.0,107.4
2025-06-14 07:00:00,13.9,0,69,4.2,0.0,0.0,253.5
2025-06-14 08:00:00,16.4,0,59,4.2,0.0,0.0,415.6
2025-06-14 09:00:00,18.4,0,53,3.9,0.0,0.0,571.8
2025-06-14 10:00:00,20.2,0,47,3.6,0.0,0.0,706.3
2025-06-14 11:00:00,21.8,28,42,5.6,0.0,0.0,789.6
2025-06-14 12:00:00,23.0,8,37,6.1,0.0,0.0,816.7
2025-06-14 13:00:00,24.0,6,35,7.4,0.0,0.0,868.4
2025-06-14 14:00:00,24.6,1,33,8.3,0.0,0.0,834.1
2025-06-14 15:00:00,25.0,4,30,7.9,0.0,0.0,767.1
2025-06-14 16:00:00,25.2,0,29,7.3,0.0,0.0,661.1
2025-06-14 17:00:00,25.1,0,28,7.4,0.0,0.0,521.2
2025-06-14 18:00:00,24.6,0,30,8.4,0.0,0.0,365.5
2025-06-14 19:00:00,23.8,0,32,10.1,0.0,0.0,210.1
2025-06-14 20:00:00,22.7,0,35,8.9,0.0,0.0,75.2
2025-06-14 21:00:00,21.4,0,39,7.8,0.0,0.0,0.0
2025-06-14 22:00:00,20.2,0,44,6.0,0.0,0.0,0.0
2025-06-14 23:00:00,19.2,0,47,6.0,0.0,0.0,0.0
2025-06-15 00:00:00,18.1,0,51,11.6,0.0,0.0,0.0
2025-06-15 01:00:00,17.0,0,56,11.0,0.0,0.0,0.0
2025-06-15 02:00:00,16.3,7,58,10.2,0.0,0.0,0.0
2025-06-15 03:00:00,15.1,2,60,9.1,0.0,0.0,0.0
2025-06-15 04:00:00,14.7,2,61,8.1,0.0,0.0,0.0
2025-06-15 05:00:00,14.3,0,63,6.5,0.0,0.0,17.7
2025-06-15 06:00:00,15.0,0,61,6.6,0.0,0.0,110.6
2025-06-15 07:00:00,16.8,0,54,5.4,0.0,0.0,257.3
2025-06-15 08:00:00,19.6,0,45,5.8,0.0,0.0,423.8
2025-06-15 09:00:00,22.1,0,36,5.4,0.0,0.0,583.0
2025-06-15 10:00:00,23.8,0,30,3.7,0.0,0.0,719.3
2025-06-15 11:00:00,25.3,0,26,2.7,0.0,0.0,822.2
2025-06-15 12:00:00,26.7,0,22,2.5,0.0,0.0,882.4
2025-06-15 13:00:00,28.0,0,20,3.5,0.0,0.0,897.6
2025-06-15 14:00:00,28.9,0,18,4.4,0.0,0.0,864.6
2025-06-15 15:00:00,29.3,0,19,4.4,0.0,0.0,785.3
2025-06-15 16:00:00,29.5,0,19,5.6,0.0,0.0,668.6
2025-06-15 17:00:00,29.3,6,20,7.2,0.0,0.0,525.8
2025-06-15 18:00:00,28.8,48,21,8.3,0.0,0.0,367.4
2025-06-15 19:00:00,27.9,22,21,9.4,0.0,0.0,207.2
2025-06-15 20:00:00,26.7,1,23,9.0,0.0,0.0,76.0
2025-06-15 21:00:00,25.0,2,29,8.0,0.0,0.0,0.0
2025-06-15 22:00:00,23.4,18,36,9.6,0.0,0.0,0.0
2025-06-15 23:00:00,22.2,51,38,10.2,0.0,0.0,0.0
2025-06-16 00:00:00,21.1,98,40,10.4,0.0,0.0,0.0
2025-06-16 01:00:00,20.3,1,42,9.8,0.0,0.0,0.0
2025-06-16 02:00:00,19.4,11,47,8.8,0.0,0.0,0.0
2025-06-16 03:00:00,17.4,2,58,7.4,0.0,0.0,0.0
2025-06-16 04:00:00,16.8,0,63,7.5,0.0,0.0,0.0
2025-06-16 05:00:00,16.5,4,69,9.0,0.0,0.0,17.6
2025-06-16 06:00:00,17.7,7,71,8.9,0.0,0.0,104.0
2025-06-16 07:00:00,19.0,26,72,7.8,0.0,0.0,232.9
2025-06-16 08:00:00,20.7,47,72,10.6,0.0,0.0,376.7
2025-06-16 09:00:00,22.2,100,67,14.3,0.0,0.0,440.9
2025-06-16 10:00:00,22.6,98,66,12.6,0.0,0.0,413.6
2025-06-16 11:00:00,24.0,99,59,14.4,0.0,0.0,601.7
2025-06-16 12:00:00,24.2,100,57,15.6,0.0,0.0,522.7
2025-06-16 13:00:00,23.4,100,58,17.2,0.0,0.0,494.9
2025-06-16 14:00:00,22.7,100,60,17.7,0.0,0.0,428.9
2025-06-16 15:00:00,19.1,100,70,19.4,0.1,0.0,301.0
2025-06-16 16:00:00,18.6,100,70,19.9,0.0,0.0,250.8
2025-06-16 17:00:00,18.2,100,73,20.2,0.0,0.0,216.8
2025-06-16 18:00:00,17.4,100,77,18.4,0.1,0.0,108.0
2025-06-16 19:00:00,16.7,100,83,18.0,0.1,0.0,56.7
2025-06-16 20:00:00,16.6,97,83,13.7,0.0,0.0,19.5
2025-06-16 21:00:00,15.9,100,87,14.1,0.1,0.0,0.0
2025-06-16 22:00:00,15.6,100,89,12.3,0.1,0.0,0.0
2025-06-16 23:00:00,15.6,100,89,8.3,0.0,0.0,0.0
2025-06-17 00:00:00,15.5,100,90,8.2,0.2,0.0,0.0
2025-06-17 01:00:00,15.2,100,92,7.4,0.0,0.0,0.0
2025-06-17 02:00:00,14.7,99,93,7.3,0.0,0.0,0.0
2025-06-17 03:00:00,13.7,100,94,5.4,0.0,0.0,0.0
2025-06-17 04:00:00,13.2,99,94,4.2,0.0,0.0,0.0
2025-06-17 05:00:00,13.0,100,95,5.0,0.0,0.0,17.6
2025-06-17 06:00:00,13.3,59,94,5.3,0.0,0.0,78.0
2025-06-17 07:00:00,14.4,1,88,5.4,0.0,0.0,247.0
2025-06-17 08:00:00,16.1,0,79,6.3,0.0,0.0,408.5
2025-06-17 09:00:00,17.9,0,66,8.1,0.0,0.0,567.4
2025-06-17 10:00:00,19.6,60,54,11.8,0.0,0.0,699.9
2025-06-17 11:00:00,20.5,99,50,12.3,0.0,0.0,676.3
2025-06-17 12:00:00,21.3,67,46,12.5,0.0,0.0,495.1
2025-06-17 13:00:00,22.8,81,41,13.2,0.0,0.0,763.4
2025-06-17 14:00:00,23.8,100,37,13.8,0.0,0.0,747.2
2025-06-17 15:00:00,23.8,77,38,13.1,0.0,0.0,626.9
2025-06-17 16:00:00,23.2,94,41,15.5,0.0,0.0,497.0
2025-06-17 17:00:00,22.6,54,45,14.3,0.0,0.0,362.9
2025-06-17 18:00:00,22.5,61,44,13.9,0.0,0.0,278.3
2025-06-17 19:00:00,21.9,90,46,13.9,0.0,0.0,167.9
2025-06-17 20:00:00,20.9,93,51,9.1,0.0,0.0,68.5
2025-06-17 21:00:00,19.0,100,67,3.1,0.0,0.0,0.0
2025-06-17 22:00:00,18.5,89,68,1.5,0.0,0.0,0.0
2025-06-17 23:00:00,17.5,97,72,1.8,0.0,0.0,0.0
2025-06-18 00:00:00,16.5,99,77,3.5,0.0,0.0,0.0
2025-06-18 01:00:00,15.9,94,80,3.2,0.0,0.0,0.0
2025-06-18 02:00:00,15.4,95,81,2.1,0.0,0.0,0.0
2025-06-18 03:00:00,14.6,44,82,1.9,0.0,0.0,0.0
2025-06-18 04:00:00,13.8,87,85,2.0,0.0,0.0,0.0
2025-06-18 05:00:00,13.5,54,86,4.5,0.0,0.0,17.7
2025-06-18 06:00:00,14.5,0,81,6.2,0.0,0.0,105.7
2025-06-18 07:00:00,16.4,0,75,3.2,0.0,0.0,247.1
2025-06-18 08:00:00,19.1,0,64,4.2,0.0,0.0,407.4
2025-06-18 09:00:00,21.5,55,51,6.4,0.0,0.0,564.1
2025-06-18 10:00:00,23.1,99,44,7.6,0.0,0.0,698.9
2025-06-18 11:00:00,24.5,45,40,8.4,0.0,0.0,786.7
2025-06-18 12:00:00,25.8,80,35,8.8,0.0,0.0,863.1
2025-06-18 13:00:00,26.7,90,34,10.0,0.0,0.0,876.7
2025-06-18 14:00:00,27.3,87,34,11.4,0.0,0.0,840.3
2025-06-18 15:00:00,28.3,97,31,15.4,0.0,0.0,699.6
2025-06-18 16:00:00,27.2,99,33,18.1,0.0,0.0,420.9
2025-06-18 17:00:00,27.1,87,36,17.3,0.0,0.0,339.7
2025-06-18 18:00:00,27.1,60,34,17.4,0.0,0.0,314.1
2025-06-18 19:00:00,26.5,36,34,16.6,0.0,0.0,185.1
2025-06-18 20:00:00,24.8,12,46,11.7,0.0,0.0,69.9
2025-06-18 21:00:00,23.4,22,51,9.1,0.0,0.0,0.0
2025-06-18 22:00:00,22.2,28,55,7.1,0.0,0.0,0.0
2025-06-18 23:00:00,21.4,94,59,7.6,0.0,0.0,0.0
2025-06-19 00:00:00,20.6,88,62,8.5,0.0,0.0,0.0
2025-06-19 01:00:00,19.5,66,67,8.8,0.0,0.0,0.0
2025-06-19 02:00:00,18.4,61,72,7.9,0.0,0.0,0.0
2025-06-19 03:00:00,17.9,44,68,4.7,0.0,0.0,0.0
2025-06-19 04:00:00,17.2,65,71,3.7,0.0,0.0,0.0
2025-06-19 05:00:00,16.6,14,73,4.4,0.0,0.0,17.8
2025-06-19 06:00:00,17.0,37,72,4.4,0.0,0.0,102.6
2025-06-19 07:00:00,18.5,36,66,4.8,0.0,0.0,238.1
2025-06-19 08:00:00,20.6,100,57,8.0,0.0,0.0,368.6
2025-06-19 09:00:00,22.2,35,50,10.8,0.0,0.0,430.9
2025-06-19 10:00:00,23.7,54,43,19.9,0.0,0.0,624.4
2025-06-19 11:00:00,23.6,100,43,22.3,0.0,0.0,607.1
2025-06-19 12:00:00,22.1,98,51,21.9,0.3,0.0,331.1
2025-06-19 13:00:00,22.6,27,50,20.9,0.1,0.0,348.7
2025-06-19 14:00:00,24.3,32,43,22.3,0.0,0.0,746.4
2025-06-19 15:00:00,23.0,28,47,21.1,0.1,0.0,695.8
2025-06-19 16:00:00,23.2,8,41,21.4,0.0,0.0,590.0
2025-06-19 17:00:00,22.2,9,37,21.0,0.0,0.0,496.6
2025-06-19 18:00:00,22.1,2,35,20.0,0.0,0.0,350.0
2025-06-19 19:00:00,21.2,3,37,21.1,0.0,0.0,210.9
2025-06-19 20:00:00,20.0,1,39,19.2,0.0,0.0,78.1
2025-06-19 21:00:00,18.4,0,44,16.2,0.0,0.0,0.0
2025-06-19 22:00:00,17.3,1,48,13.5,0.0,0.0,0.0
2025-06-19 23:00:00,16.2,10,52,10.6,0.0,0.0,0.0
2025-06-20 00:00:00,15.2,5,56,8.2,0.0,0.0,0.0
2025-06-20 01:00:00,14.3,8,59,9.6,0.0,0.0,0.0
2025-06-20 02:00:00,13.5,16,61,7.3,0.0,0.0,0.0
2025-06-20 03:00:00,12.4,11,64,6.3,0.0,0.0,0.0
2025-06-20 04:00:00,11.7,25,68,5.8,0.0,0.0,0.0
2025-06-20 05:00:00,11.2,1,69,6.4,0.0,0.0,17.9
2025-06-20 06:00:00,11.7,0,68,6.7,0.0,0.0,109.2
2025-06-20 07:00:00,13.0,0,62,7.8,0.0,0.0,257.5
2025-06-20 08:00:00,14.6,0,55,10.7,0.0,0.0,421.7
2025-06-20 09:00:00,16.0,0,49,12.9,0.0,0.0,581.0
2025-06-20 10:00:00,17.6,52,39,17.8,0.0,0.0,717.4
2025-06-20 11:00:00,18.7,53,33,18.4,0.0,0.0,690.1
2025-06-20 12:00:00,19.2,58,31,18.0,0.0,0.0,633.6
2025-06-20 13:00:00,20.2,69,30,18.4,0.0,0.0,730.5
2025-06-20 14:00:00,20.4,95,29,18.6,0.0,0.0,641.6
2025-06-20 15:00:00,19.9,77,33,18.4,0.0,0.0,586.0
2025-06-20 16:00:00,20.0,66,32,15.9,0.0,0.0,381.0
2025-06-20 17:00:00,19.4,81,33,17.7,0.0,0.0,303.1
2025-06-20 18:00:00,19.5,100,33,15.3,0.0,0.0,201.9
2025-06-20 19:00:00,18.8,46,35,15.6,0.0,0.0,98.9
2025-06-20 20:00:00,18.4,46,37,12.6,0.0,0.0,65.3
2025-06-20 21:00:00,17.4,5,42,8.5,0.0,0.0,0.0
2025-06-20 22:00:00,16.2,1,48,6.8,0.0,0.0,0.0
2025-06-20 23:00:00,15.3,0,53,6.8,0.0,0.0,0.0
2025-06-21 00:00:00,14.6,0,58,6.7,0.0,0.0,0.0
2025-06-21 01:00:00,14.0,1,61,6.8,0.0,0.0,0.0
2025-06-21 02:00:00,13.4,7,63,7.3,0.0,0.0,0.0
2025-06-21 03:00:00,11.5,2,73,5.2,0.0,0.0,0.0
2025-06-21 04:00:00,10.9,3,76,5.8,0.0,0.0,0.0
2025-06-21 05:00:00,10.6,2,79,4.8,0.0,0.0,18.1
2025-06-21 06:00:00,11.5,0,75,2.7,0.0,0.0,107.7
2025-06-21 07:00:00,13.2,0,69,1.4,0.0,0.0,253.8
2025-06-21 08:00:00,15.4,0,55,0.3,0.0,0.0,418.2
2025-06-21 09:00:00,17.3,0,42,1.7,0.0,0.0,578.8
2025-06-21 10:00:00,18.9,36,35,4.4,0.0,0.0,716.4
2025-06-21 11:00:00,20.2,77,31,3.5,0.0,0.0,820.5
2025-06-21 12:00:00,21.3,0,29,1.1,0.0,0.0,880.7
2025-06-21 13:00:00,22.2,0,27,1.7,0.0,0.0,896.0
2025-06-21 14:00:00,22.9,3,26,2.5,0.0,0.0,865.0
2025-06-21 15:00:00,23.5,17,26,4.2,0.0,0.0,787.7
2025-06-21 16:00:00,23.6,0,25,5.6,0.0,0.0,671.9
2025-06-21 17:00:00,23.6,7,25,5.6,0.0,0.0,530.0
2025-06-21 18:00:00,23.6,0,24,5.6,0.0,0.0,374.0
2025-06-21 19:00:00,23.3,0,24,7.0,0.0,0.0,217.4
2025-06-21 20:00:00,22.6,0,28,7.2,0.0,0.0,80.2
2025-06-21 21:00:00,21.3,0,34,5.8,0.0,0.0,0.0
2025-06-21 22:00:00,20.2,0,39,6.7,0.0,0.0,0.0
2025-06-21 23:00:00,18.9,0,45,7.4,0.0,0.0,0.0
2025-06-22 00:00:00,17.8,0,50,5.9,0.0,0.0,0.0
2025-06-22 01:00:00,16.8,2,54,4.7,0.0,0.0,0.0
2025-06-22 02:00:00,16.3,1,55,6.1,0.0,0.0,0.0
2025-06-22 03:00:00,14.4,11,64,7.5,0.0,0.0,0.0
2025-06-22 04:00:00,14.2,27,65,8.0,0.0,0.0,0.0
2025-06-22 05:00:00,14.2,23,61,8.7,0.0,0.0,18.3
2025-06-22 06:00:00,15.1,20,58,9.4,0.0,0.0,104.7
2025-06-22 07:00:00,16.9,1,54,6.8,0.0,0.0,246.2
2025-06-22 08:00:00,19.5,0,48,7.4,0.0,0.0,408.9
2025-06-22 09:00:00,22.5,0,39,9.6,0.0,0.0,565.5
2025-06-22 10:00:00,24.5,30,32,12.3,0.0,0.0,699.2
2025-06-22 11:00:00,26.0,68,28,12.8,0.0,0.0,799.5
2025-06-22 12:00:00,27.2,52,26,12.1,0.0,0.0,856.2
2025-06-22 13:00:00,28.2,97,25,12.0,0.0,0.0,876.0
2025-06-22 14:00:00,28.9,100,24,12.2,0.0,0.0,834.7
2025-06-22 15:00:00,29.4,96,24,12.9,0.0,0.0,749.6
2025-06-22 16:00:00,29.5,77,24,12.3,0.0,0.0,641.3
2025-06-22 17:00:00,29.4,100,24,12.3,0.0,0.0,514.8
2025-06-22 18:00:00,28.5,99,26,12.0,0.0,0.0,266.7
2025-06-22 19:00:00,28.0,0,27,9.9,0.0,0.0,195.6
2025-06-22 20:00:00,27.0,0,30,7.4,0.0,0.0,79.0
2025-06-22 21:00:00,25.4,0,34,4.5,0.0,0.0,0.0
2025-06-22 22:00:00,23.8,48,41,3.6,0.0,0.0,0.0
2025-06-22 23:00:00,23.0,1,46,0.9,0.0,0.0,0.0
2025-06-23 00:00:00,21.7,17,46,4.8,0.0,0.0,0.0
2025-06-23 01:00:00,21.1,24,47,5.4,0.0,0.0,0.0
2025-06-23 02:00:00,20.1,27,49,7.9,0.0,0.0,0.0
2025-06-23 03:00:00,18.2,98,57,7.6,0.0,0.0,0.0
2025-06-23 04:00:00,17.7,98,61,8.3,0.0,0.0,0.0
2025-06-23 05:00:00,17.1,78,65,10.1,0.0,0.0,18.6
2025-06-23 06:00:00,17.5,81,65,10.2,0.0,0.0,106.5
2025-06-23 07:00:00,19.6,100,56,8.5,0.0,0.0,251.5
2025-06-23 08:00:00,22.6,100,45,8.0,0.0,0.0,397.3
2025-06-23 09:00:00,25.0,100,38,10.8,0.0,0.0,480.5
2025-06-23 10:00:00,27.1,100,32,13.8,0.0,0.0,632.2
2025-06-23 11:00:00,29.1,100,29,15.8,0.0,0.0,720.8
2025-06-23 12:00:00,30.4,100,25,17.1,0.0,0.0,732.2
2025-06-23 13:00:00,31.1,100,23,16.9,0.0,0.0,633.5
2025-06-23 14:00:00,32.3,100,22,17.8,0.0,0.0,713.3
2025-06-23 15:00:00,28.9,100,33,19.9,0.0,0.0,516.3
2025-06-23 16:00:00,28.3,97,38,18.5,0.0,0.0,464.8
2025-06-23 17:00:00,28.6,95,36,19.3,0.0,0.0,422.5
2025-06-23 18:00:00,28.1,98,38,19.1,0.0,0.0,271.0
2025-06-23 19:00:00,27.5,100,42,23.8,0.5,0.0,161.4
2025-06-23 20:00:00,20.8,95,78,4.2,0.9,0.0,20.4
2025-06-23 21:00:00,19.3,100,88,16.8,7.5,0.0,0.0
2025-06-23 22:00:00,18.8,100,90,14.8,4.4,0.0,0.0
2025-06-23 23:00:00,18.2,100,95,12.5,0.7,0.0,0.0
2025-06-24 00:00:00,18.2,100,91,18.1,0.7,0.0,0.0
2025-06-24 01:00:00,17.8,76,85,14.6,0.0,0.0,0.0
2025-06-24 02:00:00,16.9,16,80,13.0,0.0,0.0,0.0
2025-06-24 03:00:00,14.4,23,79,13.8,0.0,0.0,0.0
2025-06-24 04:00:00,13.7,2,80,10.2,0.0,0.0,0.0
2025-06-24 05:00:00,13.1,0,83,7.9,0.0,0.0,18.9
2025-06-24 06:00:00,13.4,8,83,7.2,0.0,0.0,105.2
2025-06-24 07:00:00,14.5,9,78,8.4,0.0,0.0,249.1
2025-06-24 08:00:00,16.0,0,72,8.3,0.0,0.0,406.8
2025-06-24 09:00:00,17.7,18,64,10.0,0.0,0.0,569.1
2025-06-24 10:00:00,18.4,81,62,15.0,0.1,0.0,632.3
2025-06-24 11:00:00,19.1,43,58,16.2,0.0,0.0,571.7
2025-06-24 12:00:00,20.2,62,53,19.0,0.0,0.0,784.6
2025-06-24 13:00:00,20.8,99,49,18.5,0.0,0.0,629.5
2025-06-24 14:00:00,21.3,86,46,18.4,0.0,0.0,524.2
2025-06-24 15:00:00,21.4,49,51,16.4,0.0,0.0,514.5
2025-06-24 16:00:00,22.5,100,47,16.2,0.0,0.0,574.5
2025-06-24 17:00:00,21.3,79,54,12.7,0.0,0.0,204.5
2025-06-24 18:00:00,20.7,100,57,10.2,0.0,0.0,222.5
2025-06-24 19:00:00,20.6,75,61,7.0,0.0,0.0,131.8
2025-06-24 20:00:00,20.1,59,66,4.9,0.0,0.0,61.8
2025-06-24 21:00:00,19.1,52,68,8.7,0.0,0.0,0.0
2025-06-24 22:00:00,17.8,27,67,10.4,0.0,0.0,0.0
2025-06-24 23:00:00,16.5,12,71,3.3,0.0,0.0,0.0
2025-06-25 00:00:00,15.9,23,71,3.3,0.0,0.0,0.0
2025-06-25 01:00:00,15.8,19,71,4.8,0.0,0.0,0.0
2025-06-25 02:00:00,15.6,8,70,8.0,0.0,0.0,0.0
2025-06-25 03:00:00,16.7,35,72,9.2,0.0,0.0,0.0
2025-06-25 04:00:00,16.2,38,73,10.8,0.0,0.0,0.0
2025-06-25 05:00:00,16.3,14,72,11.7,0.0,0.0,12.9
2025-06-25 06:00:00,17.0,11,71,11.4,0.0,0.0,100.6
2025-06-25 07:00:00,18.5,0,71,10.6,0.0,0.0,237.7
2025-06-25 08:00:00,20.0,0,66,9.0,0.0,0.0,401.1
2025-06-25 09:00:00,21.7,2,59,12.5,0.0,0.0,558.0
2025-06-25 10:00:00,22.7,7,55,15.7,0.0,0.0,687.6
2025-06-25 11:00:00,23.6,13,51,16.0,0.0,0.0,778.8
2025-06-25 12:00:00,24.5,69,50,16.6,0.0,0.0,823.6
2025-06-25 13:00:00,24.9,21,50,22.0,0.1,0.0,715.8
2025-06-25 14:00:00,26.0,26,46,23.0,0.1,0.0,713.4
2025-06-25 15:00:00,26.0,26,46,21.1,0.1,0.0,616.8
2025-06-25 16:00:00,26.7,24,40,22.1,0.0,0.0,595.0
2025-06-25 17:00:00,25.5,16,48,19.2,0.0,0.0,358.9
2025-06-25 18:00:00,25.3,20,50,17.8,0.0,0.0,333.3
2025-06-25 19:00:00,24.3,10,57,12.8,0.0,0.0,195.0
2025-06-25 20:00:00,22.8,8,61,12.9,0.0,0.0,72.4
2025-06-25 21:00:00,21.3,13,66,9.7,0.0,0.0,0.0
2025-06-25 22:00:00,20.1,13,72,7.2,0.0,0.0,0.0
2025-06-25 23:00:00,19.4,43,76,6.0,0.0,0.0,0.0
2025-06-26 00:00:00,18.4,18,81,4.6,0.0,0.0,0.0
2025-06-26 01:00:00,17.7,51,84,4.3,0.0,0.0,0.0
2025-06-26 02:00:00,17.0,45,86,4.3,0.0,0.0,0.0
2025-06-26 03:00:00,17.0,36,86,5.2,0.0,0.0,0.0
2025-06-26 04:00:00,16.2,0,89,5.2,0.0,0.0,0.0
2025-06-26 05:00:00,15.7,3,91,4.5,0.0,0.0,13.2
2025-06-26 06:00:00,16.4,0,89,5.4,0.0,0.0,99.2
2025-06-26 07:00:00,17.9,5,85,3.2,0.0,0.0,237.9
2025-06-26 08:00:00,19.8,27,76,2.5,0.0,0.0,359.9
2025-06-26 09:00:00,21.6,8,65,1.5,0.0,0.0,512.2
2025-06-26 10:00:00,23.1,0,60,1.0,0.0,0.0,680.1
2025-06-26 11:00:00,24.2,0,57,2.2,0.0,0.0,790.5
2025-06-26 12:00:00,25.3,1,54,3.5,0.0,0.0,851.4
2025-06-26 13:00:00,26.3,1,51,3.0,0.0,0.0,847.2
2025-06-26 14:00:00,27.2,0,49,4.7,0.0,0.0,834.0
2025-06-26 15:00:00,27.4,17,45,5.2,0.0,0.0,739.3
2025-06-26 16:00:00,28.4,4,42,2.7,0.0,0.0,649.0
2025-06-26 17:00:00,28.6,8,42,2.1,0.0,0.0,507.8
2025-06-26 18:00:00,28.8,69,42,1.0,0.0,0.0,357.2
2025-06-26 19:00:00,28.2,100,50,4.7,0.0,0.0,183.3
2025-06-26 20:00:00,26.3,96,58,6.9,0.0,0.0,69.3
2025-06-26 21:00:00,24.7,82,62,6.6,0.0,0.0,0.0
2025-06-26 22:00:00,24.0,100,63,7.1,0.0,0.0,0.0
2025-06-26 23:00:00,23.6,100,64,6.5,0.0,0.0,0.0
2025-06-27 00:00:00,23.5,100,62,12.1,0.0,0.0,0.0
2025-06-27 01:00:00,22.8,51,70,15.3,0.1,0.0,0.0
2025-06-27 02:00:00,22.0,99,72,11.6,0.0,0.0,0.0
2025-06-27 03:00:00,18.3,80,92,12.3,0.3,0.0,0.0
2025-06-27 04:00:00,18.4,100,91,12.1,0.1,0.0,0.0
2025-06-27 05:00:00,18.3,100,92,12.6,0.0,0.0,13.5
2025-06-27 06:00:00,18.6,100,90,13.8,0.0,0.0,68.1
2025-06-27 07:00:00,19.1,99,86,12.1,0.0,0.0,172.1
2025-06-27 08:00:00,19.8,100,81,14.7,0.0,0.0,288.1
2025-06-27 09:00:00,21.0,48,71,17.8,0.0,0.0,454.0
2025-06-27 10:00:00,21.9,100,66,17.5,0.0,0.0,472.6
2025-06-27 11:00:00,22.5,36,63,16.3,0.1,0.0,479.4
2025-06-27 12:00:00,23.9,31,58,16.1,0.1,0.0,746.8
2025-06-27 13:00:00,24.4,30,55,18.2,0.0,0.0,747.0
2025-06-27 14:00:00,24.5,36,54,18.3,0.0,0.0,754.7
2025-06-27 15:00:00,23.3,80,57,16.4,0.0,0.0,469.6
2025-06-27 16:00:00,23.4,63,57,15.4,0.0,0.0,427.7
2025-06-27 17:00:00,23.2,98,57,17.7,0.0,0.0,378.6
2025-06-27 18:00:00,21.3,100,67,17.4,0.0,0.0,165.4
2025-06-27 19:00:00,19.9,100,78,17.3,0.3,0.0,66.3
2025-06-27 20:00:00,19.1,100,77,14.4,0.0,0.0,29.7
2025-06-27 21:00:00,18.4,100,78,13.0,0.0,0.0,0.0
2025-06-27 22:00:00,18.0,44,77,16.6,0.0,0.0,0.0
2025-06-27 23:00:00,17.0,29,79,14.8,0.1,0.0,0.0
2025-06-28 00:00:00,16.4,8,81,11.1,0.0,0.0,0.0
2025-06-28 01:00:00,15.7,85,84,9.2,0.0,0.0,0.0
2025-06-28 02:00:00,15.2,99,86,9.0,0.0,0.0,0.0
2025-06-28 03:00:00,15.9,100,81,10.9,0.0,0.0,0.0
2025-06-28 04:00:00,15.8,99,79,10.4,0.0,0.0,0.0
2025-06-28 05:00:00,15.1,100,81,10.7,0.0,0.0,13.9
2025-06-28 06:00:00,15.2,83,80,8.7,0.0,0.0,78.4
2025-06-28 07:00:00,15.7,76,77,10.0,0.0,0.0,229.3
2025-06-28 08:00:00,16.4,24,73,13.3,0.0,0.0,355.6
2025-06-28 09:00:00,17.6,23,65,13.4,0.0,0.0,533.8
2025-06-28 10:00:00,18.7,92,57,15.3,0.0,0.0,634.9
2025-06-28 11:00:00,19.5,100,53,15.2,0.0,0.0,565.7
2025-06-28 12:00:00,19.6,100,54,14.6,0.0,0.0,453.5
2025-06-28 13:00:00,20.5,100,51,14.4,0.0,0.0,477.3
2025-06-28 14:00:00,21.3,74,49,15.1,0.0,0.0,443.0
2025-06-28 15:00:00,22.1,77,49,15.9,0.0,0.0,491.6
2025-06-28 16:00:00,23.4,97,45,16.7,0.0,0.0,519.8
2025-06-28 17:00:00,23.1,86,47,15.8,0.0,0.0,389.4
2025-06-28 18:00:00,23.4,81,47,14.0,0.0,0.0,242.1
2025-06-28 19:00:00,23.4,17,50,9.9,0.0,0.0,148.9
2025-06-28 20:00:00,22.2,2,58,7.1,0.0,0.0,72.3
2025-06-28 21:00:00,20.6,2,67,5.2,0.0,0.0,0.0
2025-06-28 22:00:00,20.0,8,70,6.1,0.0,0.0,0.0
2025-06-28 23:00:00,19.5,6,74,6.9,0.0,0.0,0.0
2025-06-29 00:00:00,18.9,1,77,7.4,0.0,0.0,0.0
2025-06-29 01:00:00,18.6,1,79,8.5,0.0,0.0,0.0
2025-06-29 02:00:00,18.2,11,82,7.2,0.0,0.0,0.0
2025-06-29 03:00:00,19.5,100,78,7.6,0.0,0.0,0.0
2025-06-29 04:00:00,19.5,100,77,8.0,0.0,0.0,0.0
2025-06-29 05:00:00,19.5,94,75,9.7,0.0,0.0,7.2
2025-06-29 06:00:00,19.7,8,76,10.3,0.0,0.0,62.0
2025-06-29 07:00:00,20.8,10,75,9.1,0.0,0.0,224.4
2025-06-29 08:00:00,22.2,8,72,11.7,0.0,0.0,372.3
2025-06-29 09:00:00,23.4,16,68,15.0,0.0,0.0,523.8
2025-06-29 10:00:00,24.6,8,58,15.9,0.1,0.0,647.0
2025-06-29 11:00:00,25.8,53,51,19.5,0.0,0.0,757.1
2025-06-29 12:00:00,26.2,34,49,20.0,0.0,0.0,715.2
2025-06-29 13:00:00,27.3,37,45,20.0,0.0,0.0,733.1
2025-06-29 14:00:00,27.5,50,45,20.4,0.0,0.0,709.7
2025-06-29 15:00:00,26.7,46,46,19.0,0.0,0.0,611.2
2025-06-29 16:00:00,27.0,46,44,19.2,0.0,0.0,501.2
2025-06-29 17:00:00,26.3,14,48,16.7,0.0,0.0,385.8
2025-06-29 18:00:00,25.9,14,51,14.9,0.0,0.0,314.6
2025-06-29 19:00:00,25.2,22,54,13.4,0.0,0.0,179.3
2025-06-29 20:00:00,24.4,16,59,10.1,0.0,0.0,70.4
2025-06-29 21:00:00,23.2,50,65,9.3,0.0,0.0,0.0
2025-06-29 22:00:00,22.5,64,66,10.0,0.0,0.0,0.0
2025-06-29 23:00:00,21.7,100,67,10.9,0.0,0.0,0.0
2025-06-30 00:00:00,21.1,96,70,9.2,0.0,0.0,0.0
2025-06-30 01:00:00,20.6,100,74,8.9,0.0,0.0,0.0
2025-06-30 02:00:00,20.8,100,73,10.3,0.0,0.0,0.0
2025-06-30 03:00:00,18.9,8,80,10.9,0.0,0.0,0.0
2025-06-30 04:00:00,17.7,9,77,9.5,0.0,0.0,0.0
2025-06-30 05:00:00,16.6,2,72,8.7,0.0,0.0,14.9
2025-06-30 06:00:00,16.3,0,65,8.9,0.0,0.0,99.3
2025-06-30 07:00:00,16.5,9,57,9.5,0.0,0.0,244.1
2025-06-30 08:00:00,17.1,38,55,9.3,0.0,0.0,411.5
2025-06-30 09:00:00,18.2,79,51,10.6,0.0,0.0,567.8
2025-06-30 10:00:00,19.4,52,46,12.9,0.0,0.0,694.7
2025-06-30 11:00:00,20.7,1,40,14.6,0.0,0.0,808.8
2025-06-30 12:00:00,21.9,0,34,15.0,0.0,0.0,875.3
2025-06-30 13:00:00,22.9,0,30,15.4,0.0,0.0,895.6
2025-06-30 14:00:00,23.6,0,29,15.4,0.0,0.0,863.6
2025-06-30 15:00:00,23.9,0,32,15.4,0.0,0.0,788.2
2025-06-30 16:00:00,23.7,0,36,15.6,0.0,0.0,672.3
2025-06-30 17:00:00,23.4,0,38,14.9,0.0,0.0,529.4
2025-06-30 18:00:00,23.0,0,40,13.7,0.0,0.0,371.6
2025-06-30 19:00:00,22.2,2,42,13.5,0.0,0.0,215.1
2025-06-30 20:00:00,21.3,1,45,11.8,0.0,0.0,78.9
2025-06-30 21:00:00,20.1,4,51,8.3,0.0,0.0,0.0
2025-06-30 22:00:00,19.0,0,57,7.3,0.0,0.0,0.0
2025-06-30 23:00:00,18.2,1,61,8.0,0.0,0.0,0.0
2025-07-01 00:00:00,17.4,0,62,7.7,0.0,0.0,0.0
2025-07-01 01:00:00,16.8,1,62,7.0,0.0,0.0,0.0
2025-07-01 02:00:00,16.1,1,63,7.5,0.0,0.0,0.0
2025-07-01 03:00:00,14.3,0,69,9.4,0.0,0.0,0.0
2025-07-01 04:00:00,13.7,0,72,8.5,0.0,0.0,0.0
2025-07-01 05:00:00,13.3,0,71,9.3,0.0,0.0,15.5
2025-07-01 06:00:00,13.7,0,66,9.2,0.0,0.0,101.5
2025-07-01 07:00:00,14.9,0,61,6.7,0.0,0.0,245.7
2025-07-01 08:00:00,16.9,3,51,5.7,0.0,0.0,411.8
2025-07-01 09:00:00,18.7,0,39,5.8,0.0,0.0,571.3
2025-07-01 10:00:00,20.3,0,34,4.5,0.0,0.0,708.9
2025-07-01 11:00:00,21.8,0,30,4.2,0.0,0.0,813.1
2025-07-01 12:00:00,23.2,0,27,5.2,0.0,0.0,876.5
2025-07-01 13:00:00,24.2,0,25,5.8,0.0,0.0,893.7
2025-07-01 14:00:00,25.1,0,24,5.9,0.0,0.0,863.7
2025-07-01 15:00:00,26.2,0,22,5.8,0.0,0.0,788.2
2025-07-01 16:00:00,26.5,0,22,6.3,0.0,0.0,676.1
2025-07-01 17:00:00,26.6,0,21,6.0,0.0,0.0,534.7
2025-07-01 18:00:00,26.4,0,21,4.9,0.0,0.0,376.7
2025-07-01 19:00:00,26.0,0,23,3.5,0.0,0.0,218.9
2025-07-01 20:00:00,25.4,0,26,2.0,0.0,0.0,80.6
2025-07-01 21:00:00,23.4,0,39,2.0,0.0,0.0,0.0
2025-07-01 22:00:00,22.3,0,36,5.5,0.0,0.0,0.0
2025-07-01 23:00:00,21.3,0,38,6.0,0.0,0.0,0.0
2025-07-02 00:00:00,20.1,0,44,4.0,0.0,0.0,0.0
2025-07-02 01:00:00,19.5,0,47,2.3,0.0,0.0,0.0
2025-07-02 02:00:00,18.4,0,49,3.8,0.0,0.0,0.0
2025-07-02 03:00:00,16.0,0,63,4.3,0.0,0.0,0.0
2025-07-02 04:00:00,15.5,0,66,4.3,0.0,0.0,0.0
2025-07-02 05:00:00,15.4,0,66,4.6,0.0,0.0,16.2
2025-07-02 06:00:00,16.5,0,61,6.1,0.0,0.0,100.4
2025-07-02 07:00:00,18.3,0,58,5.2,0.0,0.0,244.8
2025-07-02 08:00:00,21.3,0,48,3.3,0.0,0.0,408.5
2025-07-02 09:00:00,24.4,0,37,3.4,0.0,0.0,567.0
2025-07-02 10:00:00,26.5,0,28,3.9,0.0,0.0,703.7
2025-07-02 11:00:00,27.9,0,25,3.4,0.0,0.0,809.0
2025-07-02 12:00:00,29.3,0,22,2.3,0.0,0.0,872.5
2025-07-02 13:00:00,30.4,0,21,1.9,0.0,0.0,889.8
2025-07-02 14:00:00,31.5,0,19,1.8,0.0,0.0,859.8
2025-07-02 15:00:00,32.4,0,18,2.5,0.0,0.0,786.3
2025-07-02 16:00:00,32.7,0,18,2.9,0.0,0.0,674.2
2025-07-02 17:00:00,32.7,0,18,3.6,0.0,0.0,532.9
2025-07-02 18:00:00,32.5,0,18,4.9,0.0,0.0,375.8
2025-07-02 19:00:00,32.0,0,18,6.7,0.0,0.0,218.8
2025-07-02 20:00:00,30.8,0,20,6.2,0.0,0.0,80.4
2025-07-02 21:00:00,28.5,0,24,5.0,0.0,0.0,0.0
2025-07-02 22:00:00,27.1,0,29,9.8,0.0,0.0,0.0
2025-07-02 23:00:00,25.5,0,33,12.0,0.0,0.0,0.0
2025-07-03 00:00:00,24.4,0,36,10.7,0.0,0.0,0.0
2025-07-03 01:00:00,23.6,0,41,9.7,0.0,0.0,0.0
2025-07-03 02:00:00,22.6,0,46,7.7,0.0,0.0,0.0
2025-07-03 03:00:00,20.1,0,58,7.3,0.0,0.0,0.0
2025-07-03 04:00:00,19.5,0,62,8.3,0.0,0.0,0.0
2025-07-03 05:00:00,19.4,0,62,9.4,0.0,0.0,8.5
2025-07-03 06:00:00,20.5,0,57,10.3,0.0,0.0,99.3
2025-07-03 07:00:00,22.7,0,51,9.4,0.0,0.0,241.2
2025-07-03 08:00:00,25.6,0,40,6.9,0.0,0.0,402.8
2025-07-03 09:00:00,28.4,0,32,9.7,0.0,0.0,559.4
2025-07-03 10:00:00,30.3,0,26,14.0,0.0,0.0,696.3
2025-07-03 11:00:00,31.9,7,25,14.5,0.0,0.0,798.6
2025-07-03 12:00:00,33.6,0,20,16.3,0.0,0.0,860.2
2025-07-03 13:00:00,34.3,4,20,15.7,0.0,0.0,872.8
2025-07-03 14:00:00,34.9,97,20,14.5,0.0,0.0,831.4
2025-07-03 15:00:00,33.1,91,24,16.5,0.0,0.0,414.2
2025-07-03 16:00:00,31.8,52,31,18.6,0.0,0.0,447.3
2025-07-03 17:00:00,30.8,21,34,16.6,0.0,0.0,357.0
2025-07-03 18:00:00,30.7,21,34,16.3,0.0,0.0,340.8
2025-07-03 19:00:00,28.7,31,43,17.6,0.0,0.0,189.1
2025-07-03 20:00:00,27.1,64,49,16.8,0.0,0.0,70.4
2025-07-03 21:00:00,25.9,76,53,14.1,0.0,0.0,0.0
2025-07-03 22:00:00,24.9,30,57,15.2,0.0,0.0,0.0
2025-07-03 23:00:00,22.7,100,64,17.5,0.0,0.0,0.0
2025-07-04 00:00:00,21.0,89,69,14.6,0.0,0.0,0.0
2025-07-04 01:00:00,20.3,76,68,13.1,0.0,0.0,0.0
2025-07-04 02:00:00,19.6,98,68,10.8,0.0,0.0,0.0
2025-07-04 03:00:00,17.7,100,74,10.1,0.2,0.0,0.0
2025-07-04 04:00:00,17.4,99,77,7.9,0.5,0.0,0.0
2025-07-04 05:00:00,17.0,100,79,9.3,0.3,0.0,8.9
2025-07-04 06:00:00,16.8,97,81,7.3,0.6,0.0,20.7
2025-07-04 07:00:00,16.6,100,84,8.0,1.0,0.0,57.5
2025-07-04 08:00:00,16.4,97,82,7.1,0.5,0.0,73.5
2025-07-04 09:00:00,16.7,100,75,5.8,0.0,0.0,150.6
2025-07-04 10:00:00,18.3,100,66,3.7,0.0,0.0,418.1
2025-07-04 11:00:00,18.8,100,62,1.4,0.0,0.0,317.8
2025-07-04 12:00:00,20.6,100,53,5.0,0.0,0.0,532.8
2025-07-04 13:00:00,22.4,93,43,8.0,0.0,0.0,628.0
2025-07-04 14:00:00,23.3,90,39,12.4,0.0,0.0,634.4
2025-07-04 15:00:00,20.8,92,50,8.4,0.0,0.0,256.4
2025-07-04 16:00:00,21.7,62,47,10.3,0.0,0.0,375.7
2025-07-04 17:00:00,22.0,80,43,11.4,0.0,0.0,359.7
2025-07-04 18:00:00,21.7,21,43,11.0,0.0,0.0,270.0
2025-07-04 19:00:00,21.2,31,44,10.6,0.0,0.0,194.4
2025-07-04 20:00:00,20.0,6,49,6.3,0.0,0.0,71.5
2025-07-04 21:00:00,18.5,19,55,6.6,0.0,0.0,0.0
2025-07-04 22:00:00,17.4,0,56,8.0,0.0,0.0,0.0
2025-07-04 23:00:00,16.3,14,60,7.0,0.0,0.0,0.0
2025-07-05 00:00:00,15.4,13,66,5.1,0.0,0.0,0.0
2025-07-05 01:00:00,14.9,31,69,4.6,0.0,0.0,0.0
2025-07-05 02:00:00,14.3,100,73,4.3,0.0,0.0,0.0
2025-07-05 03:00:00,12.2,54,79,3.2,0.0,0.0,0.0
2025-07-05 04:00:00,11.6,33,82,4.0,0.0,0.0,0.0
2025-07-05 05:00:00,11.4,97,83,4.2,0.0,0.0,9.5
2025-07-05 06:00:00,12.9,99,77,5.4,0.0,0.0,78.1
2025-07-05 07:00:00,14.7,82,73,5.7,0.0,0.0,206.7
2025-07-05 08:00:00,16.9,12,64,4.7,0.0,0.0,389.1
2025-07-05 09:00:00,18.9,2,54,5.4,0.0,0.0,559.8
2025-07-05 10:00:00,20.5,21,45,5.1,0.0,0.0,694.4
2025-07-05 11:00:00,21.6,40,40,4.4,0.0,0.0,794.7
2025-07-05 12:00:00,22.6,0,39,4.9,0.0,0.0,863.5
2025-07-05 13:00:00,23.5,40,37,5.3,0.0,0.0,887.9
2025-07-05 14:00:00,24.3,31,35,5.2,0.0,0.0,858.9
2025-07-05 15:00:00,25.3,13,31,6.1,0.0,0.0,784.4
2025-07-05 16:00:00,25.6,44,30,6.2,0.0,0.0,673.2
2025-07-05 17:00:00,25.7,26,29,5.2,0.0,0.0,529.1
2025-07-05 18:00:00,25.8,18,29,2.8,0.0,0.0,373.8
2025-07-05 19:00:00,25.5,7,33,1.8,0.0,0.0,214.5
2025-07-05 20:00:00,23.4,57,56,2.7,0.0,0.0,77.3
2025-07-05 21:00:00,21.3,69,51,7.7,0.0,0.0,0.0
2025-07-05 22:00:00,20.2,18,53,9.3,0.0,0.0,0.0
2025-07-05 23:00:00,19.2,5,58,11.9,0.0,0.0,0.0
2025-07-06 00:00:00,18.5,39,63,11.1,0.0,0.0,0.0
2025-07-06 01:00:00,17.9,96,66,9.5,0.0,0.0,0.0
2025-07-06 02:00:00,17.5,80,67,8.4,0.0,0.0,0.0
2025-07-06 03:00:00,16.1,57,71,7.6,0.0,0.0,0.0
2025-07-06 04:00:00,16.1,7,70,7.9,0.0,0.0,0.0
2025-07-06 05:00:00,16.1,3,69,8.3,0.0,0.0,10.1
2025-07-06 06:00:00,17.0,29,67,9.1,0.0,0.0,92.7
2025-07-06 07:00:00,18.8,80,63,8.9,0.0,0.0,231.9
2025-07-06 08:00:00,21.3,89,57,5.9,0.0,0.0,387.0
2025-07-06 09:00:00,24.1,95,49,7.2,0.0,0.0,546.5
2025-07-06 10:00:00,26.3,96,42,9.2,0.0,0.0,633.9
2025-07-06 11:00:00,28.0,96,35,9.6,0.0,0.0,695.8
2025-07-06 12:00:00,29.1,96,30,10.4,0.0,0.0,715.7
2025-07-06 13:00:00,29.6,100,28,10.0,0.0,0.0,694.3
2025-07-06 14:00:00,29.7,62,28,9.7,0.0,0.0,561.8
2025-07-06 15:00:00,29.9,96,25,12.6,0.0,0.0,429.5
2025-07-06 16:00:00,30.2,67,26,14.6,0.0,0.0,473.2
2025-07-06 17:00:00,30.1,61,26,12.7,0.0,0.0,362.3
2025-07-06 18:00:00,30.4,65,24,9.6,0.0,0.0,278.3
2025-07-06 19:00:00,29.5,92,27,6.0,0.0,0.0,151.4
2025-07-06 20:00:00,27.7,100,35,6.7,0.0,0.0,69.1
2025-07-06 21:00:00,26.3,100,37,15.9,0.0,0.0,0.0
2025-07-06 22:00:00,25.3,76,40,12.1,0.0,0.0,0.0
2025-07-06 23:00:00,23.7,28,47,6.3,0.0,0.0,0.0
2025-07-07 00:00:00,22.6,100,50,7.4,0.0,0.0,0.0
2025-07-07 01:00:00,21.1,100,63,13.5,0.1,0.0,0.0
2025-07-07 02:00:00,20.4,100,73,3.9,0.8,0.0,0.0
2025-07-07 03:00:00,18.0,100,91,2.7,0.4,0.0,0.0
2025-07-07 04:00:00,17.7,98,98,0.8,0.0,0.0,0.0
2025-07-07 05:00:00,17.4,100,98,1.7,0.3,0.0,10.8
2025-07-07 06:00:00,18.1,99,93,7.0,0.3,0.0,35.3
2025-07-07 07:00:00,18.7,100,89,12.2,0.0,0.0,131.3
2025-07-07 08:00:00,18.6,95,91,13.4,0.1,0.0,90.3
2025-07-07 09:00:00,20.7,68,76,13.3,0.0,0.0,370.1
2025-07-07 10:00:00,22.0,54,59,12.3,0.0,0.0,541.9
2025-07-07 11:00:00,22.7,100,53,9.7,0.0,0.0,654.9
2025-07-07 12:00:00,23.4,100,49,7.4,0.0,0.0,694.2
2025-07-07 13:00:00,22.6,100,52,7.6,0.1,0.0,432.5
2025-07-07 14:00:00,22.3,100,55,6.1,0.1,0.0,421.6
2025-07-07 15:00:00,20.6,100,64,6.8,0.0,0.0,469.7
2025-07-07 16:00:00,20.8,100,62,7.2,0.0,0.0,365.4
2025-07-07 17:00:00,19.2,100,70,8.3,0.8,0.0,42.1
2025-07-07 18:00:00,18.0,100,90,5.1,2.0,0.0,28.1
2025-07-07 19:00:00,18.0,100,84,4.7,0.3,0.0,84.5
2025-07-07 20:00:00,17.7,100,87,4.9,0.1,0.0,25.4
2025-07-07 21:00:00,17.0,18,93,4.6,0.0,0.0,0.0
2025-07-07 22:00:00,16.5,3,95,8.7,0.0,0.0,0.0
2025-07-07 23:00:00,16.0,0,97,8.5,0.0,0.0,0.0
2025-07-08 00:00:00,15.7,0,97,8.9,0.0,0.0,0.0
2025-07-08 01:00:00,15.4,8,96,9.9,0.0,0.0,0.0
2025-07-08 02:00:00,15.1,44,96,9.1,0.0,0.0,0.0
2025-07-08 03:00:00,14.7,6,96,9.4,0.0,0.0,0.0
2025-07-08 04:00:00,14.6,60,96,9.3,0.0,0.0,0.0
2025-07-08 05:00:00,14.4,9,96,9.2,0.0,0.0,11.7
2025-07-08 06:00:00,15.0,97,94,9.8,0.0,0.0,87.2
2025-07-08 07:00:00,16.2,100,91,5.4,0.0,0.0,210.4
2025-07-08 08:00:00,16.9,100,88,5.1,0.0,0.0,191.4
2025-07-08 09:00:00,17.7,100,82,6.8,0.0,0.0,221.7
2025-07-08 10:00:00,18.8,100,77,3.5,0.0,0.0,330.7
2025-07-08 11:00:00,19.5,100,74,0.3,0.0,0.0,287.5
2025-07-08 12:00:00,19.9,100,73,2.3,0.1,0.0,305.0
2025-07-08 13:00:00,20.1,100,73,2.8,0.3,0.0,323.1
2025-07-08 14:00:00,19.9,100,75,4.3,0.7,0.0,235.3
2025-07-08 15:00:00,17.1,100,92,11.5,2.0,0.0,170.3
2025-07-08 16:00:00,17.0,100,95,11.7,2.0,0.0,128.3
2025-07-08 17:00:00,16.2,100,94,15.7,1.7,0.0,65.4
2025-07-08 18:00:00,16.1,100,94,18.7,0.8,0.0,60.4
2025-07-08 19:00:00,15.5,100,95,17.6,0.5,0.0,28.7
2025-07-08 20:00:00,15.0,100,97,17.3,1.8,0.0,9.0
2025-07-08 21:00:00,14.7,100,97,18.1,1.8,0.0,0.0
2025-07-08 22:00:00,14.5,100,97,18.0,2.6,0.0,0.0
2025-07-08 23:00:00,14.2,100,98,16.4,1.4,0.0,0.0
2025-07-09 00:00:00,14.1,100,97,16.7,3.9,0.0,0.0
2025-07-09 01:00:00,13.9,100,98,17.7,2.0,0.0,0.0
2025-07-09 02:00:00,13.8,100,98,18.9,0.8,0.0,0.0
2025-07-09 03:00:00,14.3,100,96,20.6,0.2,0.0,0.0
2025-07-09 04:00:00,14.1,100,96,19.1,0.1,0.0,0.0
2025-07-09 05:00:00,13.8,100,95,19.9,0.2,0.0,0.0
2025-07-09 06:00:00,13.3,100,94,21.8,0.5,0.0,26.9
2025-07-09 07:00:00,13.2,100,94,22.4,0.6,0.0,42.2
2025-07-09 08:00:00,13.2,100,92,24.0,0.3,0.0,48.8
2025-07-09 09:00:00,13.4,100,92,21.3,0.4,0.0,114.8
2025-07-09 10:00:00,14.0,100,91,24.1,1.5,0.0,246.2
2025-07-09 11:00:00,13.7,100,96,19.9,2.4,0.0,154.8
2025-07-09 12:00:00,14.3,100,91,18.3,0.9,0.0,183.9
2025-07-09 13:00:00,14.4,100,90,18.3,0.6,0.0,179.6
2025-07-09 14:00:00,14.6,100,90,17.2,0.7,0.0,155.9
2025-07-09 15:00:00,14.2,100,90,13.6,0.8,0.0,88.0
2025-07-09 16:00:00,14.4,100,90,14.7,0.5,0.0,111.5
2025-07-09 17:00:00,14.8,100,90,12.9,0.3,0.0,112.0
2025-07-09 18:00:00,14.8,100,90,12.9,0.6,0.0,70.6
2025-07-09 19:00:00,14.7,100,93,11.4,0.9,0.0,31.7
2025-07-09 20:00:00,14.5,100,96,10.6,0.7,0.0,10.2
2025-07-09 21:00:00,14.3,100,96,9.9,0.7,0.0,0.0
2025-07-09 22:00:00,14.1,100,97,11.0,0.8,0.0,0.0
2025-07-09 23:00:00,14.1,100,96,12.8,0.7,0.0,0.0
2025-07-10 00:00:00,13.9,100,96,14.6,0.7,0.0,0.0
2025-07-10 01:00:00,13.7,100,96,15.4,0.7,0.0,0.0
2025-07-10 02:00:00,13.5,100,96,15.8,0.7,0.0,0.0
2025-07-10 03:00:00,13.6,100,97,14.7,0.4,0.0,0.0
2025-07-10 04:00:00,13.5,100,96,15.0,0.1,0.0,0.0
2025-07-10 05:00:00,13.3,100,97,14.7,0.1,0.0,0.0
2025-07-10 06:00:00,13.4,100,97,15.0,0.0,0.0,23.6
2025-07-10 07:00:00,13.5,100,96,15.8,0.1,0.0,39.6
2025-07-10 08:00:00,13.8,100,93,17.1,0.2,0.0,91.7
2025-07-10 09:00:00,13.6,100,90,14.3,0.0,0.0,148.7
2025-07-10 10:00:00,13.9,100,83,18.1,0.0,0.0,209.4
2025-07-10 11:00:00,14.9,100,76,19.6,0.1,0.0,265.5
2025-07-10 12:00:00,15.3,100,74,16.7,0.0,0.0,234.2
2025-07-10 13:00:00,16.7,100,64,17.5,0.1,0.0,258.9
2025-07-10 14:00:00,17.8,100,59,17.1,0.0,0.0,255.9
2025-07-10 15:00:00,18.0,96,61,14.7,0.2,0.0,300.3
2025-07-10 16:00:00,18.6,100,61,12.5,0.0,0.0,294.6
2025-07-10 17:00:00,19.6,100,55,14.9,0.0,0.0,437.2
2025-07-10 18:00:00,19.6,100,53,12.3,0.0,0.0,254.9
2025-07-10 19:00:00,18.6,90,58,13.9,0.1,0.0,152.3
2025-07-10 20:00:00,17.2,70,70,13.1,0.1,0.0,55.9
2025-07-10 21:00:00,16.4,100,76,11.5,0.0,0.0,0.0
2025-07-10 22:00:00,15.6,100,82,9.8,0.0,0.0,0.0
2025-07-10 23:00:00,14.8,72,86,8.7,0.0,0.0,0.0
2025-07-11 00:00:00,14.2,48,87,8.2,0.0,0.0,0.0
2025-07-11 01:00:00,13.8,76,88,9.1,0.0,0.0,0.0
2025-07-11 02:00:00,13.3,60,88,10.0,0.0,0.0,0.0
2025-07-11 03:00:00,12.7,100,86,9.4,0.0,0.0,0.0
2025-07-11 04:00:00,12.0,100,88,9.4,0.0,0.0,0.0
2025-07-11 05:00:00,11.5,100,90,10.4,0.0,0.0,0.0
2025-07-11 06:00:00,11.8,100,89,11.7,0.0,0.0,78.9
2025-07-11 07:00:00,12.7,100,89,11.4,0.0,0.0,189.3
2025-07-11 08:00:00,14.1,100,85,12.3,0.0,0.0,305.2
2025-07-11 09:00:00,15.6,100,79,13.0,0.0,0.0,424.9
2025-07-11 10:00:00,16.9,100,74,14.3,0.0,0.0,571.8
2025-07-11 11:00:00,17.6,99,72,13.8,0.0,0.0,572.1
2025-07-11 12:00:00,18.4,74,67,12.8,0.1,0.0,572.3
2025-07-11 13:00:00,19.2,29,64,14.8,0.1,0.0,707.6
2025-07-11 14:00:00,19.9,86,59,17.3,0.1,0.0,706.0
2025-07-11 15:00:00,19.2,70,67,13.5,0.0,0.0,756.6
2025-07-11 16:00:00,19.2,55,59,17.8,0.1,0.0,480.4
2025-07-11 17:00:00,18.3,36,59,17.3,0.0,0.0,417.4
2025-07-11 18:00:00,18.5,45,59,11.8,0.0,0.0,304.8
2025-07-11 19:00:00,17.3,95,65,9.1,0.3,0.0,170.6
2025-07-11 20:00:00,16.8,97,70,5.2,0.0,0.0,52.0
2025-07-11 21:00:00,15.8,100,75,9.1,0.0,0.0,0.0
2025-07-11 22:00:00,15.0,100,80,11.5,0.0,0.0,0.0
2025-07-11 23:00:00,14.7,100,83,9.6,0.0,0.0,0.0
2025-07-12 00:00:00,14.5,100,82,8.2,0.0,0.0,0.0
2025-07-12 01:00:00,14.2,100,82,8.7,0.0,0.0,0.0
2025-07-12 02:00:00,14.0,100,82,8.5,0.0,0.0,0.0
2025-07-12 03:00:00,13.6,100,81,9.4,0.0,0.0,0.0
2025-07-12 04:00:00,13.5,100,83,10.2,0.2,0.0,0.0
2025-07-12 05:00:00,13.4,100,86,10.5,0.6,0.0,0.0
2025-07-12 06:00:00,13.3,100,89,11.6,0.5,0.0,13.0
2025-07-12 07:00:00,13.6,100,88,12.6,0.1,0.0,29.2
2025-07-12 08:00:00,14.3,100,85,13.4,0.0,0.0,80.0
2025-07-12 09:00:00,15.7,51,80,11.9,0.0,0.0,231.2
2025-07-12 10:00:00,17.8,17,69,15.3,0.0,0.0,624.1
2025-07-12 11:00:00,19.3,55,62,15.9,0.0,0.0,756.6
2025-07-12 12:00:00,20.2,67,56,17.1,0.0,0.0,760.4
2025-07-12 13:00:00,21.0,75,57,16.3,0.0,0.0,752.8
2025-07-12 14:00:00,21.7,56,53,15.3,0.0,0.0,757.0
2025-07-12 15:00:00,21.5,81,47,19.1,0.1,0.0,581.5
2025-07-12 16:00:00,19.8,55,63,10.1,0.2,0.0,330.8
2025-07-12 17:00:00,18.3,99,74,8.9,0.7,0.0,347.4
2025-07-12 18:00:00,19.0,97,72,8.0,0.0,0.0,198.6
2025-07-12 19:00:00,19.2,100,71,6.9,0.0,0.0,155.7
2025-07-12 20:00:00,18.4,90,75,8.8,0.0,0.0,56.4
2025-07-12 21:00:00,17.2,44,80,7.2,0.0,0.0,0.0
2025-07-12 22:00:00,16.6,25,83,7.7,0.0,0.0,0.0
2025-07-12 23:00:00,16.1,16,85,8.3,0.0,0.0,0.0
2025-07-13 00:00:00,15.8,10,86,9.1,0.0,0.0,0.0
2025-07-13 01:00:00,15.4,100,86,9.3,0.0,0.0,0.0
2025-07-13 02:00:00,15.1,100,85,9.1,0.0,0.0,0.0
2025-07-13 03:00:00,15.3,99,87,9.0,0.0,0.0,0.0
2025-07-13 04:00:00,15.0,67,86,8.2,0.0,0.0,0.0
2025-07-13 05:00:00,14.7,100,84,6.4,0.0,0.0,0.0
2025-07-13 06:00:00,15.0,100,85,7.4,1.4,0.0,33.9
2025-07-13 07:00:00,15.0,43,88,8.8,0.3,0.0,30.6
2025-07-13 08:00:00,16.1,100,89,6.9,5.5,0.0,276.0
2025-07-13 09:00:00,16.2,96,92,12.1,4.6,0.0,292.2
2025-07-13 10:00:00,17.7,100,84,10.6,0.0,0.0,517.9
2025-07-13 11:00:00,20.4,72,73,8.8,0.0,0.0,710.4
2025-07-13 12:00:00,22.1,96,69,7.4,0.0,0.0,813.9
2025-07-13 13:00:00,23.0,96,68,7.2,0.1,0.0,752.9
2025-07-13 14:00:00,23.5,90,64,8.0,0.3,0.0,586.4
2025-07-13 15:00:00,20.8,100,73,3.1,0.0,0.0,238.1
2025-07-13 16:00:00,21.9,94,71,2.6,0.0,0.0,368.8
2025-07-13 17:00:00,22.1,59,69,3.1,0.0,0.0,337.5
2025-07-13 18:00:00,22.6,42,68,4.7,0.0,0.0,304.5
2025-07-13 19:00:00,22.3,58,67,6.2,0.0,0.0,177.0
2025-07-13 20:00:00,20.3,9,75,13.6,0.0,0.0,60.6
2025-07-13 21:00:00,18.5,11,82,8.7,0.0,0.0,0.0
2025-07-13 22:00:00,17.9,35,85,6.9,0.0,0.0,0.0
2025-07-13 23:00:00,17.6,20,87,6.8,0.0,0.0,0.0
2025-07-14 00:00:00,17.5,42,86,7.8,0.0,0.0,0.0
2025-07-14 01:00:00,17.7,7,85,9.1,0.0,0.0,0.0
2025-07-14 02:00:00,17.6,3,85,7.6,0.0,0.0,0.0
2025-07-14 03:00:00,16.2,2,90,5.3,0.0,0.0,0.0
2025-07-14 04:00:00,15.4,0,90,4.9,0.0,0.0,0.0
2025-07-14 05:00:00,15.2,0,91,4.6,0.0,0.0,0.0
2025-07-14 06:00:00,16.1,1,91,7.0,0.0,0.0,80.2
2025-07-14 07:00:00,17.4,1,91,7.4,0.0,0.0,213.4
2025-07-14 08:00:00,19.7,10,85,4.4,0.0,0.0,367.1
2025-07-14 09:00:00,21.9,1,75,6.2,0.0,0.0,514.8
2025-07-14 10:00:00,23.5,18,66,8.3,0.0,0.0,656.0
2025-07-14 11:00:00,24.8,35,60,7.8,0.0,0.0,725.3
2025-07-14 12:00:00,25.5,11,53,9.8,0.0,0.0,763.6
2025-07-14 13:00:00,26.1,40,48,11.0,0.0,0.0,819.1
2025-07-14 14:00:00,25.6,48,47,12.1,0.0,0.0,587.4
2025-07-14 15:00:00,26.3,45,44,9.0,0.0,0.0,633.1
2025-07-14 16:00:00,26.0,96,45,9.1,0.0,0.0,508.1
2025-07-14 17:00:00,25.8,81,46,10.0,0.0,0.0,467.1
2025-07-14 18:00:00,25.3,100,49,9.3,0.0,0.0,344.9
2025-07-14 19:00:00,24.3,54,59,5.9,0.0,0.0,177.4
2025-07-14 20:00:00,22.9,100,70,3.9,0.0,0.0,61.3
2025-07-14 21:00:00,21.8,98,70,3.0,0.0,0.0,0.0
2025-07-14 22:00:00,21.0,99,75,4.2,0.0,0.0,0.0
2025-07-14 23:00:00,20.4,100,75,3.2,0.0,0.0,0.0
2025-07-15 00:00:00,19.9,26,75,4.6,0.0,0.0,0.0
2025-07-15 01:00:00,19.6,89,75,5.6,0.0,0.0,0.0
2025-07-15 02:00:00,20.2,96,70,8.6,0.0,0.0,0.0
2025-07-15 03:00:00,18.5,100,80,17.4,0.1,0.0,0.0
2025-07-15 04:00:00,17.4,94,87,6.3,0.7,0.0,0.0
2025-07-15 05:00:00,17.4,97,87,8.1,0.2,0.0,0.0
2025-07-15 06:00:00,17.6,81,90,9.9,0.1,0.0,29.1
2025-07-15 07:00:00,18.2,72,92,7.7,0.0,0.0,163.2
2025-07-15 08:00:00,19.3,54,88,7.2,0.0,0.0,294.5
2025-07-15 09:00:00,21.0,1,78,8.7,0.0,0.0,506.0
2025-07-15 10:00:00,22.5,3,70,9.6,0.0,0.0,656.2
2025-07-15 11:00:00,23.5,8,66,10.1,0.0,0.0,740.2
2025-07-15 12:00:00,24.5,27,61,10.7,0.0,0.0,768.9
2025-07-15 13:00:00,24.9,82,58,11.8,0.0,0.0,780.0
2025-07-15 14:00:00,23.2,100,64,14.6,0.8,0.0,642.3
2025-07-15 15:00:00,24.0,98,61,12.0,0.1,0.0,627.3
2025-07-15 16:00:00,24.3,100,59,9.9,0.0,0.0,576.7
2025-07-15 17:00:00,23.9,98,59,10.6,0.0,0.0,355.1
2025-07-15 18:00:00,23.3,100,61,9.3,0.0,0.0,226.1
2025-07-15 19:00:00,22.3,87,68,7.9,0.0,0.0,83.6
2025-07-15 20:00:00,21.5,97,75,9.0,0.0,0.0,48.7
2025-07-15 21:00:00,19.8,70,82,12.9,0.9,0.0,0.0
2025-07-15 22:00:00,17.9,77,92,10.4,1.2,0.0,0.0
2025-07-15 23:00:00,17.4,70,94,11.0,0.0,0.0,0.0
2025-07-16 00:00:00,16.7,22,95,11.3,0.1,0.0,0.0
2025-07-16 01:00:00,16.2,44,96,11.6,0.0,0.0,0.0
2025-07-16 02:00:00,15.9,100,97,12.6,0.0,0.0,0.0
2025-07-16 03:00:00,15.7,69,97,15.0,0.0,0.0,0.0
2025-07-16 04:00:00,15.2,73,96,15.0,0.2,0.0,0.0
2025-07-16 05:00:00,14.9,19,96,12.1,0.0,0.0,0.0
2025-07-16 06:00:00,14.7,36,96,11.7,0.0,0.0,68.9
2025-07-16 07:00:00,15.1,44,93,13.3,0.0,0.0,190.5
2025-07-16 08:00:00,16.2,52,83,13.5,0.0,0.0,344.0
2025-07-16 09:00:00,17.4,25,74,13.8,0.0,0.0,448.7
2025-07-16 10:00:00,18.4,24,69,14.9,0.1,0.0,589.1
2025-07-16 11:00:00,19.1,36,69,15.3,0.2,0.0,694.0
2025-07-16 12:00:00,19.6,47,67,13.9,0.1,0.0,643.5
2025-07-16 13:00:00,20.3,6,59,12.1,0.1,0.0,732.9
2025-07-16 14:00:00,21.1,13,54,11.5,0.0,0.0,793.3
2025-07-16 15:00:00,21.0,25,52,12.8,0.2,0.0,635.8
2025-07-16 16:00:00,21.3,27,49,13.2,0.0,0.0,582.1
2025-07-16 17:00:00,21.1,28,49,12.1,0.0,0.0,439.0
2025-07-16 18:00:00,20.8,47,50,10.8,0.0,0.0,328.3
2025-07-16 19:00:00,20.0,24,58,7.0,0.0,0.0,146.9
2025-07-16 20:00:00,18.7,81,67,8.4,0.0,0.0,53.4
2025-07-16 21:00:00,16.8,70,81,2.7,0.0,0.0,0.0
2025-07-16 22:00:00,15.8,99,82,7.3,0.1,0.0,0.0
2025-07-16 23:00:00,15.0,97,89,0.2,0.3,0.0,0.0
2025-07-17 00:00:00,13.9,99,95,6.8,1.9,0.0,0.0
2025-07-17 01:00:00,14.0,98,96,2.6,0.1,0.0,0.0
2025-07-17 02:00:00,13.6,36,96,5.3,0.0,0.0,0.0
2025-07-17 03:00:00,13.5,49,95,3.2,0.7,0.0,0.0
2025-07-17 04:00:00,12.9,98,97,7.7,0.0,0.0,0.0
2025-07-17 05:00:00,12.1,99,99,3.9,0.0,0.0,0.0
2025-07-17 06:00:00,12.8,100,97,7.0,0.0,0.0,58.1
2025-07-17 07:00:00,13.7,100,92,7.1,0.0,0.0,170.9
2025-07-17 08:00:00,14.9,100,86,6.1,0.0,0.0,271.2
2025-07-17 09:00:00,16.0,100,80,8.4,0.0,0.0,318.9
2025-07-17 10:00:00,17.3,100,75,5.8,0.1,0.0,479.5
2025-07-17 11:00:00,18.6,100,66,5.7,0.1,0.0,592.8
2025-07-17 12:00:00,19.2,100,61,6.9,0.1,0.0,493.5
2025-07-17 13:00:00,14.8,96,89,3.4,4.6,0.0,187.7
2025-07-17 14:00:00,16.7,51,82,5.1,0.8,0.0,482.4
2025-07-17 15:00:00,19.6,91,59,11.2,0.0,0.0,631.0
2025-07-17 16:00:00,19.3,79,61,10.1,0.0,0.0,495.7
2025-07-17 17:00:00,18.5,69,64,10.1,0.1,0.0,409.4
2025-07-17 18:00:00,18.5,35,66,8.0,0.0,0.0,274.8
2025-07-17 19:00:00,18.1,70,63,9.0,0.0,0.0,159.6
2025-07-17 20:00:00,17.2,59,71,7.7,0.0,0.0,40.5
2025-07-17 21:00:00,15.9,90,80,7.4,0.0,0.0,0.0
2025-07-17 22:00:00,15.6,59,85,7.1,0.0,0.0,0.0
2025-07-17 23:00:00,14.7,75,90,6.7,0.0,0.0,0.0
2025-07-18 00:00:00,14.5,100,92,6.7,0.0,0.0,0.0
2025-07-18 01:00:00,14.5,100,93,5.5,0.0,0.0,0.0
2025-07-18 02:00:00,14.4,100,94,3.4,0.0,0.0,0.0
2025-07-18 03:00:00,14.0,63,94,4.2,0.0,0.0,0.0
2025-07-18 04:00:00,13.5,41,96,1.8,0.0,0.0,0.0
2025-07-18 05:00:00,12.8,100,97,2.5,0.0,0.0,0.0
2025-07-18 06:00:00,13.7,100,96,4.8,0.0,0.0,47.0
2025-07-18 07:00:00,14.3,100,92,4.5,0.0,0.0,122.8
2025-07-18 08:00:00,15.3,11,87,4.4,0.0,0.0,218.7
2025-07-18 09:00:00,16.8,11,80,3.9,0.0,0.0,500.2
2025-07-18 10:00:00,17.6,23,73,3.8,0.1,0.0,502.5
2025-07-18 11:00:00,18.7,48,66,2.7,0.1,0.0,636.2
2025-07-18 12:00:00,19.3,65,63,0.6,0.1,0.0,607.7
2025-07-18 13:00:00,19.4,28,63,4.2,0.0,0.0,468.9
2025-07-18 14:00:00,20.5,26,62,2.3,0.0,0.0,715.8
2025-07-18 15:00:00,20.9,92,60,0.0,0.0,0.0,573.5
2025-07-18 16:00:00,21.2,24,57,2.3,0.1,0.0,469.6
2025-07-18 17:00:00,21.8,42,54,3.3,0.1,0.0,458.3
2025-07-18 18:00:00,21.4,52,55,5.3,0.1,0.0,307.5
2025-07-18 19:00:00,20.7,47,61,4.8,0.0,0.0,156.9
2025-07-18 20:00:00,19.9,20,72,2.8,0.0,0.0,47.3
2025-07-18 21:00:00,18.4,15,77,3.7,0.0,0.0,0.0
2025-07-18 22:00:00,17.5,20,81,3.5,0.0,0.0,0.0
2025-07-18 23:00:00,17.1,22,83,4.3,0.0,0.0,0.0
2025-07-19 00:00:00,16.6,12,85,6.0,0.0,0.0,0.0
2025-07-19 01:00:00,15.9,4,86,7.0,0.0,0.0,0.0
2025-07-19 02:00:00,15.3,0,87,7.0,0.0,0.0,0.0
2025-07-19 03:00:00,14.6,0,89,4.7,0.0,0.0,0.0
2025-07-19 04:00:00,14.3,4,90,4.9,0.0,0.0,0.0
2025-07-19 05:00:00,13.7,15,93,4.4,0.0,0.0,0.0
2025-07-19 06:00:00,14.2,24,93,6.0,0.0,0.0,66.7
2025-07-19 07:00:00,15.5,0,90,4.8,0.0,0.0,188.2
2025-07-19 08:00:00,17.3,5,84,4.9,0.0,0.0,359.7
2025-07-19 09:00:00,19.1,3,76,7.0,0.0,0.0,500.5
2025-07-19 10:00:00,20.4,33,67,11.1,0.0,0.0,648.5
2025-07-19 11:00:00,21.3,39,63,12.3,0.0,0.0,692.3
2025-07-19 12:00:00,21.6,42,59,12.7,0.0,0.0,605.7
2025-07-19 13:00:00,22.4,100,55,12.4,0.0,0.0,718.9
2025-07-19 14:00:00,22.5,100,56,11.0,0.0,0.0,532.4
2025-07-19 15:00:00,23.8,9,48,9.7,0.0,0.0,639.4
2025-07-19 16:00:00,23.8,15,49,9.7,0.0,0.0,558.6
2025-07-19 17:00:00,23.6,48,49,11.0,0.0,0.0,411.7
2025-07-19 18:00:00,23.2,39,51,11.5,0.0,0.0,299.6
2025-07-19 19:00:00,22.5,29,56,9.2,0.0,0.0,164.9
2025-07-19 20:00:00,21.2,27,65,5.7,0.0,0.0,52.2
2025-07-19 21:00:00,19.9,14,74,4.6,0.0,0.0,0.0
2025-07-19 22:00:00,19.1,9,78,4.2,0.0,0.0,0.0
2025-07-19 23:00:00,18.6,7,79,4.6,0.0,0.0,0.0
2025-07-20 00:00:00,18.0,13,82,5.1,0.0,0.0,0.0
2025-07-20 01:00:00,17.8,25,82,7.0,0.0,0.0,0.0
2025-07-20 02:00:00,17.6,7,82,7.7,0.0,0.0,0.0
2025-07-20 03:00:00,17.3,0,83,7.4,0.0,0.0,0.0
2025-07-20 04:00:00,16.7,4,85,6.5,0.0,0.0,0.0
2025-07-20 05:00:00,16.2,15,87,5.4,0.0,0.0,0.0
2025-07-20 06:00:00,16.5,8,87,6.5,0.0,0.0,66.0
2025-07-20 07:00:00,17.6,5,84,5.8,0.0,0.0,192.9
2025-07-20 08:00:00,19.2,4,78,5.1,0.0,0.0,348.1
2025-07-20 09:00:00,20.9,6,74,5.8,0.0,0.0,501.9
2025-07-20 10:00:00,22.5,8,69,7.7,0.0,0.0,636.7
2025-07-20 11:00:00,23.6,26,62,11.1,0.2,0.0,723.1
2025-07-20 12:00:00,24.2,27,60,11.2,0.1,0.0,717.9
2025-07-20 13:00:00,24.9,17,57,10.8,0.2,0.0,719.0
2025-07-20 14:00:00,25.6,20,54,11.3,0.2,0.0,714.8
2025-07-20 15:00:00,26.0,15,52,10.5,0.1,0.0,679.5
2025-07-20 16:00:00,26.1,16,51,10.8,0.1,0.0,564.0
2025-07-20 17:00:00,26.1,15,51,9.9,0.1,0.0,458.8
2025-07-20 18:00:00,25.9,14,53,7.5,0.0,0.0,317.8
2025-07-20 19:00:00,25.3,10,59,4.2,0.0,0.0,178.1
2025-07-20 20:00:00,23.8,5,69,4.2,0.0,0.0,54.8
2025-07-20 21:00:00,22.3,0,73,3.0,0.0,0.0,0.0
2025-07-20 22:00:00,21.6,0,75,0.7,0.0,0.0,0.0
2025-07-20 23:00:00,20.5,43,79,0.7,0.0,0.0,0.0
2025-07-21 00:00:00,19.5,14,83,1.8,0.0,0.0,0.0
2025-07-21 01:00:00,18.6,18,88,4.2,0.0,0.0,0.0
2025-07-21 02:00:00,17.9,25,90,4.3,0.0,0.0,0.0
2025-07-21 03:00:00,18.0,4,88,4.8,0.0,0.0,0.0
2025-07-21 04:00:00,17.3,0,90,4.3,0.0,0.0,0.0
2025-07-21 05:00:00,17.3,0,89,5.6,0.0,0.0,0.0
2025-07-21 06:00:00,17.8,0,87,6.4,0.0,0.0,67.4
2025-07-21 07:00:00,19.4,0,82,5.4,0.0,0.0,197.7
2025-07-21 08:00:00,21.8,0,77,3.7,0.0,0.0,357.0
2025-07-21 09:00:00,23.9,21,67,5.0,0.0,0.0,513.6
2025-07-21 10:00:00,25.8,17,58,3.9,0.0,0.0,651.1
2025-07-21 11:00:00,27.2,1,52,2.8,0.0,0.0,754.9
2025-07-21 12:00:00,28.3,34,45,2.7,0.0,0.0,772.5
2025-07-21 13:00:00,28.9,31,43,1.5,0.0,0.0,769.2
2025-07-21 14:00:00,29.3,19,42,3.1,0.0,0.0,759.8
2025-07-21 15:00:00,29.7,18,41,3.9,0.0,0.0,675.6
2025-07-21 16:00:00,29.9,9,40,6.3,0.0,0.0,580.5
2025-07-21 17:00:00,29.9,18,40,8.3,0.0,0.0,467.5
2025-07-21 18:00:00,29.2,22,43,9.6,0.0,0.0,301.5
2025-07-21 19:00:00,28.0,15,52,9.2,0.0,0.0,171.6
2025-07-21 20:00:00,26.0,97,61,9.7,0.0,0.0,48.2
2025-07-21 21:00:00,21.4,100,84,19.6,3.2,0.0,0.0
2025-07-21 22:00:00,20.6,100,92,6.6,0.6,0.0,0.0
2025-07-21 23:00:00,20.1,100,95,9.3,0.4,0.0,0.0
2025-07-22 00:00:00,20.0,100,94,11.8,0.2,0.0,0.0
2025-07-22 01:00:00,19.8,94,96,15.5,0.0,0.0,0.0
2025-07-22 02:00:00,19.4,100,97,19.0,0.3,0.0,0.0
2025-07-22 03:00:00,17.4,100,95,20.7,0.4,0.0,0.0
2025-07-22 04:00:00,16.0,97,91,18.0,0.0,0.0,0.0
2025-07-22 05:00:00,16.0,100,89,14.8,0.0,0.0,0.0
2025-07-22 06:00:00,16.3,61,88,12.3,0.0,0.0,40.0
2025-07-22 07:00:00,17.0,5,87,10.4,0.0,0.0,171.1
2025-07-22 08:00:00,18.3,1,83,11.0,0.0,0.0,355.1
2025-07-22 09:00:00,19.6,0,74,11.4,0.0,0.0,516.2
2025-07-22 10:00:00,21.0,0,66,13.9,0.0,0.0,655.7
2025-07-22 11:00:00,22.3,30,60,15.0,0.0,0.0,743.4
2025-07-22 12:00:00,23.0,35,56,15.4,0.0,0.0,782.9
2025-07-22 13:00:00,23.6,48,53,15.2,0.0,0.0,806.4
2025-07-22 14:00:00,23.6,20,53,14.4,0.0,0.0,694.1
2025-07-22 15:00:00,23.8,23,53,13.1,0.1,0.0,656.4
2025-07-22 16:00:00,24.3,36,50,15.0,0.1,0.0,569.2
2025-07-22 17:00:00,24.2,20,50,16.1,0.0,0.0,426.2
2025-07-22 18:00:00,23.6,21,52,14.3,0.0,0.0,292.8
2025-07-22 19:00:00,22.9,31,56,10.7,0.0,0.0,167.4
2025-07-22 20:00:00,21.6,40,65,6.2,0.0,0.0,45.9
2025-07-22 21:00:00,20.5,52,70,7.4,0.0,0.0,0.0
2025-07-22 22:00:00,19.7,24,73,6.0,0.0,0.0,0.0
2025-07-22 23:00:00,18.8,30,78,6.2,0.0,0.0,0.0
2025-07-23 00:00:00,18.2,48,81,7.3,0.0,0.0,0.0
2025-07-23 01:00:00,17.6,15,83,8.8,0.0,0.0,0.0
2025-07-23 02:00:00,17.0,24,84,8.5,0.0,0.0,0.0
2025-07-23 03:00:00,16.0,0,86,8.3,0.0,0.0,0.0
2025-07-23 04:00:00,15.5,1,88,7.8,0.0,0.0,0.0
2025-07-23 05:00:00,15.0,1,89,7.9,0.0,0.0,0.0
2025-07-23 06:00:00,15.2,0,88,8.0,0.0,0.0,63.7
2025-07-23 07:00:00,16.4,2,85,7.7,0.0,0.0,192.3
2025-07-23 08:00:00,18.1,2,78,8.4,0.0,0.0,350.8
2025-07-23 09:00:00,19.7,1,70,11.4,0.0,0.0,507.5
2025-07-23 10:00:00,20.9,1,64,13.6,0.0,0.0,647.3
2025-07-23 11:00:00,22.0,19,60,14.9,0.0,0.0,737.3
2025-07-23 12:00:00,22.6,29,58,16.1,0.2,0.0,756.2
2025-07-23 13:00:00,23.1,29,57,15.3,0.2,0.0,740.1
2025-07-23 14:00:00,23.5,15,54,13.7,0.1,0.0,678.4
2025-07-23 15:00:00,23.3,22,55,11.9,0.1,0.0,633.3
2025-07-23 16:00:00,24.1,15,50,14.1,0.0,0.0,563.5
2025-07-23 17:00:00,24.4,8,46,13.6,0.0,0.0,450.0
2025-07-23 18:00:00,24.3,53,46,12.9,0.0,0.0,321.0
2025-07-23 19:00:00,23.5,6,52,7.5,0.0,0.0,166.9
2025-07-23 20:00:00,22.3,2,65,2.1,0.0,0.0,48.3
2025-07-23 21:00:00,21.0,2,65,1.3,0.0,0.0,0.0
2025-07-23 22:00:00,19.6,35,72,4.2,0.0,0.0,0.0
2025-07-23 23:00:00,19.3,12,73,5.3,0.0,0.0,0.0
2025-07-24 00:00:00,18.3,43,79,5.0,0.0,0.0,0.0
2025-07-24 01:00:00,17.6,90,82,4.4,0.0,0.0,0.0
2025-07-24 02:00:00,17.2,6,84,3.9,0.0,0.0,0.0
2025-07-24 03:00:00,16.6,2,83,4.5,0.0,0.0,0.0
2025-07-24 04:00:00,15.8,4,87,3.8,0.0,0.0,0.0
2025-07-24 05:00:00,15.3,13,90,4.1,0.0,0.0,0.0
2025-07-24 06:00:00,15.9,18,89,4.8,0.0,0.0,62.9
2025-07-24 07:00:00,17.7,47,84,4.3,0.0,0.0,191.7
2025-07-24 08:00:00,20.1,0,75,2.3,0.0,0.0,344.0
2025-07-24 09:00:00,21.9,1,61,3.2,0.0,0.0,511.3
2025-07-24 10:00:00,23.2,64,53,3.1,0.0,0.0,651.9
2025-07-24 11:00:00,24.3,99,48,4.5,0.0,0.0,756.4
2025-07-24 12:00:00,24.9,100,46,5.9,0.0,0.0,759.4
2025-07-24 13:00:00,25.6,58,44,6.0,0.0,0.0,770.3
2025-07-24 14:00:00,26.1,51,43,7.4,0.0,0.0,742.1
2025-07-24 15:00:00,25.9,100,42,8.0,0.0,0.0,536.8
2025-07-24 16:00:00,26.1,100,42,7.3,0.0,0.0,449.4
2025-07-24 17:00:00,24.9,100,49,5.6,0.0,0.0,144.3
2025-07-24 18:00:00,23.2,100,60,7.1,0.1,0.0,98.2
2025-07-24 19:00:00,22.8,100,63,4.8,0.0,0.0,110.9
2025-07-24 20:00:00,21.7,100,73,3.1,0.0,0.0,27.0
2025-07-24 21:00:00,20.7,99,78,4.2,0.0,0.0,0.0
2025-07-24 22:00:00,20.3,100,78,3.5,0.0,0.0,0.0
2025-07-24 23:00:00,19.7,100,76,4.9,0.0,0.0,0.0
2025-07-25 00:00:00,19.3,100,80,3.9,0.4,0.0,0.0
2025-07-25 01:00:00,18.8,62,86,4.1,1.6,0.0,0.0
2025-07-25 02:00:00,18.0,99,85,3.8,0.1,0.0,0.0
2025-07-25 03:00:00,18.1,100,89,2.7,0.0,0.0,0.0
2025-07-25 04:00:00,18.2,100,92,7.6,0.0,0.0,0.0
2025-07-25 05:00:00,17.5,100,92,7.7,0.0,0.0,0.0
2025-07-25 06:00:00,17.5,100,92,8.3,0.0,0.0,33.4
2025-07-25 07:00:00,18.0,96,89,4.0,0.1,0.0,72.0
2025-07-25 08:00:00,18.5,67,88,5.9,0.0,0.0,166.2
2025-07-25 09:00:00,19.9,23,80,7.3,0.0,0.0,382.0
2025-07-25 10:00:00,21.4,50,75,6.6,0.0,0.0,597.6
2025-07-25 11:00:00,22.4,98,71,5.4,0.0,0.0,713.3
2025-07-25 12:00:00,23.3,100,65,3.3,0.0,0.0,707.0
2025-07-25 13:00:00,23.9,42,61,3.3,0.0,0.0,635.7
2025-07-25 14:00:00,24.5,59,59,6.1,0.0,0.0,756.7
2025-07-25 15:00:00,23.4,99,64,1.5,0.0,0.0,556.7
2025-07-25 16:00:00,23.9,100,62,1.0,0.0,0.0,532.6
2025-07-25 17:00:00,23.9,97,61,1.7,0.0,0.0,420.1
2025-07-25 18:00:00,23.8,100,60,3.4,0.0,0.0,304.3
2025-07-25 19:00:00,23.4,100,62,2.5,0.0,0.0,129.2
2025-07-25 20:00:00,22.7,100,71,1.4,0.0,0.0,30.0
2025-07-25 21:00:00,21.4,63,77,2.9,0.0,0.0,0.0
2025-07-25 22:00:00,20.3,95,78,4.1,0.0,0.0,0.0
2025-07-25 23:00:00,19.8,100,79,6.4,0.0,0.0,0.0
2025-07-26 00:00:00,19.2,100,82,5.0,0.0,0.0,0.0
2025-07-26 01:00:00,18.8,99,84,4.5,0.0,0.0,0.0
2025-07-26 02:00:00,18.0,100,88,2.7,0.0,0.0,0.0
2025-07-26 03:00:00,18.6,100,84,1.1,0.0,0.0,0.0
2025-07-26 04:00:00,18.4,100,86,1.7,0.0,0.0,0.0
2025-07-26 05:00:00,18.2,100,87,0.2,0.0,0.0,0.0
2025-07-26 06:00:00,18.2,100,87,5.4,0.0,0.0,14.7
2025-07-26 07:00:00,18.5,100,85,3.1,0.0,0.0,47.3
2025-07-26 08:00:00,19.3,99,83,2.8,0.0,0.0,156.7
2025-07-26 09:00:00,21.6,100,74,4.5,0.0,0.0,469.9
2025-07-26 10:00:00,23.1,100,65,4.1,0.0,0.0,566.2
2025-07-26 11:00:00,23.7,100,60,4.1,0.0,0.0,499.9
2025-07-26 12:00:00,24.2,100,57,4.4,0.0,0.0,510.5
2025-07-26 13:00:00,24.9,100,54,4.8,0.0,0.0,531.3
2025-07-26 14:00:00,25.3,100,52,5.5,0.0,0.0,516.5
2025-07-26 15:00:00,22.0,100,74,7.6,1.1,0.0,269.2
2025-07-26 16:00:00,21.2,100,81,5.5,0.5,0.0,188.0
2025-07-26 17:00:00,21.8,93,76,2.3,0.0,0.0,241.9
2025-07-26 18:00:00,22.3,100,72,1.3,0.0,0.0,269.6
2025-07-26 19:00:00,21.9,100,72,3.0,0.0,0.0,82.6
2025-07-26 20:00:00,21.4,100,79,3.1,0.0,0.0,17.6
2025-07-26 21:00:00,20.7,100,84,3.2,0.0,0.0,0.0
2025-07-26 22:00:00,20.4,100,85,3.0,0.0,0.0,0.0
2025-07-26 23:00:00,20.0,99,86,3.9,0.4,0.0,0.0
2025-07-27 00:00:00,19.2,100,88,3.7,0.1,0.0,0.0
2025-07-27 01:00:00,18.8,100,90,4.1,2.2,0.0,0.0
2025-07-27 02:00:00,18.3,100,93,4.4,3.6,0.0,0.0
2025-07-27 03:00:00,17.8,98,90,2.7,0.0,0.0,0.0
2025-07-27 04:00:00,17.5,87,92,4.9,0.0,0.0,0.0
2025-07-27 05:00:00,17.0,31,94,6.4,0.0,0.0,0.0
2025-07-27 06:00:00,17.1,98,95,8.1,0.0,0.0,52.7
2025-07-27 07:00:00,18.0,97,93,6.8,0.0,0.0,142.5
2025-07-27 08:00:00,19.3,100,88,5.6,0.0,0.0,249.4
2025-07-27 09:00:00,20.7,92,79,5.9,0.0,0.0,374.6
2025-07-27 10:00:00,21.5,100,79,4.2,0.0,0.0,458.4
2025-07-27 11:00:00,22.1,100,73,6.7,0.1,0.0,390.1
2025-07-27 12:00:00,21.9,100,73,5.8,0.3,0.0,264.5
2025-07-27 13:00:00,20.7,100,79,9.6,0.6,0.0,273.2
2025-07-27 14:00:00,21.5,100,78,3.6,0.3,0.0,250.9
2025-07-27 15:00:00,20.7,100,80,8.2,1.3,0.0,323.6
2025-07-27 16:00:00,21.2,100,73,10.1,0.4,0.0,363.7
2025-07-27 17:00:00,20.9,100,76,8.8,0.2,0.0,272.9
2025-07-27 18:00:00,20.4,100,80,9.2,0.4,0.0,94.5
2025-07-27 19:00:00,18.2,100,91,8.6,2.2,0.0,26.7
2025-07-27 20:00:00,17.8,100,97,10.5,1.2,0.0,7.7
2025-07-27 21:00:00,17.8,100,96,9.2,1.0,0.0,0.0
2025-07-27 22:00:00,17.5,100,96,11.8,0.6,0.0,0.0
2025-07-27 23:00:00,17.4,100,98,10.9,0.8,0.0,0.0
2025-07-28 00:00:00,17.2,100,98,11.8,1.4,0.0,0.0
2025-07-28 01:00:00,16.9,100,98,12.4,2.2,0.0,0.0
2025-07-28 02:00:00,16.6,100,98,12.6,3.0,0.0,0.0
2025-07-28 03:00:00,16.6,100,98,11.8,3.4,0.0,0.0
2025-07-28 04:00:00,16.5,100,98,12.2,3.0,0.0,0.0
2025-07-28 05:00:00,16.4,100,98,13.7,3.5,0.0,0.0
2025-07-28 06:00:00,16.2,100,98,14.6,5.4,0.0,5.2
2025-07-28 07:00:00,16.5,100,98,17.9,3.3,0.0,14.0
2025-07-28 08:00:00,16.7,100,98,18.0,1.9,0.0,59.7
2025-07-28 09:00:00,16.5,100,97,20.6,2.2,0.0,28.5
2025-07-28 10:00:00,16.6,100,97,20.8,3.4,0.0,121.2
2025-07-28 11:00:00,16.6,100,96,21.1,2.6,0.0,154.4
2025-07-28 12:00:00,16.6,100,95,22.4,2.7,0.0,176.0
2025-07-28 13:00:00,16.4,100,96,20.2,2.4,0.0,103.4
2025-07-28 14:00:00,16.4,100,96,20.3,1.8,0.0,104.9
2025-07-28 15:00:00,17.8,100,83,21.3,0.6,0.0,325.4
2025-07-28 16:00:00,17.5,100,86,21.9,0.7,0.0,237.8
2025-07-28 17:00:00,18.0,100,84,23.1,0.9,0.0,318.0
2025-07-28 18:00:00,17.5,100,88,18.9,0.9,0.0,128.6
2025-07-28 19:00:00,17.0,100,92,18.3,0.8,0.0,76.8
2025-07-28 20:00:00,16.5,100,93,17.8,0.7,0.0,14.0
2025-07-28 21:00:00,16.2,100,95,15.9,0.4,0.0,0.0
2025-07-28 22:00:00,15.9,100,94,14.3,0.1,0.0,0.0
2025-07-28 23:00:00,15.4,100,92,13.3,0.0,0.0,0.0
2025-07-29 00:00:00,14.9,99,93,11.9,0.0,0.0,0.0
2025-07-29 01:00:00,14.6,91,96,11.0,0.0,0.0,0.0
2025-07-29 02:00:00,14.5,22,95,11.4,0.0,0.0,0.0
2025-07-29 03:00:00,14.6,100,94,10.5,0.0,0.0,0.0
2025-07-29 04:00:00,14.3,100,94,11.2,0.0,0.0,0.0
2025-07-29 05:00:00,14.1,87,95,11.5,0.0,0.0,0.0
2025-07-29 06:00:00,14.0,47,93,12.3,0.0,0.0,50.5
2025-07-29 07:00:00,14.6,0,91,10.5,0.0,0.0,170.6
2025-07-29 08:00:00,15.5,33,84,16.8,0.0,0.0,335.7
2025-07-29 09:00:00,16.6,70,76,17.7,0.0,0.0,440.2
2025-07-29 10:00:00,17.6,70,69,17.4,0.2,0.0,487.2
2025-07-29 11:00:00,18.4,59,64,17.1,0.1,0.0,546.8
2025-07-29 12:00:00,19.3,85,57,17.4,0.1,0.0,598.1
2025-07-29 13:00:00,20.0,99,54,16.5,0.0,0.0,573.5
2025-07-29 14:00:00,20.3,70,53,15.2,0.0,0.0,528.1
2025-07-29 15:00:00,20.6,98,55,14.0,0.0,0.0,499.0
2025-07-29 16:00:00,20.7,100,54,12.7,0.0,0.0,447.6
2025-07-29 17:00:00,20.8,100,53,13.8,0.0,0.0,389.7
2025-07-29 18:00:00,19.6,100,59,12.7,0.0,0.0,197.6
2025-07-29 19:00:00,18.8,100,66,10.2,0.0,0.0,139.1
2025-07-29 20:00:00,17.8,100,71,8.6,0.0,0.0,29.5
2025-07-29 21:00:00,16.6,100,77,6.9,0.0,0.0,0.0
2025-07-29 22:00:00,16.3,100,80,6.9,0.0,0.0,0.0
2025-07-29 23:00:00,15.9,100,82,6.6,0.0,0.0,0.0
2025-07-30 00:00:00,15.5,100,83,6.3,0.0,0.0,0.0
2025-07-30 01:00:00,15.1,100,83,6.4,0.0,0.0,0.0
2025-07-30 02:00:00,14.5,96,84,6.9,0.0,0.0,0.0
2025-07-30 03:00:00,13.9,94,86,7.3,0.0,0.0,0.0
2025-07-30 04:00:00,13.4,95,87,7.4,0.0,0.0,0.0
2025-07-30 05:00:00,13.0,16,88,6.4,0.0,0.0,0.0
2025-07-30 06:00:00,12.9,0,88,5.5,0.0,0.0,49.3
2025-07-30 07:00:00,14.0,4,87,4.2,0.0,0.0,174.3
2025-07-30 08:00:00,15.4,2,81,4.0,0.0,0.0,335.1
2025-07-30 09:00:00,17.0,2,74,4.9,0.0,0.0,496.5
2025-07-30 10:00:00,18.6,4,67,5.5,0.0,0.0,638.2
2025-07-30 11:00:00,19.6,17,59,8.0,0.0,0.0,701.4
2025-07-30 12:00:00,20.3,23,55,9.6,0.1,0.0,749.5
2025-07-30 13:00:00,20.7,31,53,10.4,0.1,0.0,751.2
2025-07-30 14:00:00,20.9,15,51,10.8,0.1,0.0,666.2
2025-07-30 15:00:00,22.0,35,45,9.3,0.0,0.0,664.9
2025-07-30 16:00:00,22.1,54,44,9.6,0.0,0.0,570.4
2025-07-30 17:00:00,21.9,5,46,9.2,0.0,0.0,457.7
2025-07-30 18:00:00,21.5,10,48,7.9,0.0,0.0,302.9
2025-07-30 19:00:00,20.6,98,57,5.5,0.0,0.0,150.9
2025-07-30 20:00:00,19.1,80,68,3.8,0.0,0.0,29.9
2025-07-30 21:00:00,18.5,100,65,2.1,0.0,0.0,0.0
2025-07-30 22:00:00,17.8,43,69,2.6,0.0,0.0,0.0
2025-07-30 23:00:00,16.9,88,75,2.7,0.0,0.0,0.0
2025-07-31 00:00:00,15.9,92,79,1.5,0.0,0.0,0.0
2025-07-31 01:00:00,15.3,100,83,3.3,0.0,0.0,0.0
2025-07-31 02:00:00,15.5,100,85,3.3,0.0,0.0,0.0
2025-07-31 03:00:00,15.2,100,83,10.8,0.2,0.0,0.0
2025-07-31 04:00:00,14.5,100,88,8.0,0.2,0.0,0.0
2025-07-31 05:00:00,14.0,47,92,5.1,0.1,0.0,0.0
2025-07-31 06:00:00,13.7,53,94,6.8,0.0,0.0,42.3
2025-07-31 07:00:00,14.7,37,91,4.2,0.0,0.0,138.2
2025-07-31 08:00:00,16.1,34,85,5.6,0.0,0.0,291.6
2025-07-31 09:00:00,17.4,87,76,7.3,0.0,0.0,458.1
2025-07-31 10:00:00,18.4,25,73,6.3,0.1,0.0,586.0
2025-07-31 11:00:00,19.3,45,69,6.8,0.2,0.0,689.9
2025-07-31 12:00:00,19.9,100,63,10.1,0.2,0.0,648.7
2025-07-31 13:00:00,18.9,100,69,6.6,1.7,0.0,305.3
2025-07-31 14:00:00,19.8,100,59,10.3,0.0,0.0,408.5
2025-07-31 15:00:00,19.3,91,69,5.5,0.0,0.0,508.3
2025-07-31 16:00:00,19.9,19,66,7.2,0.0,0.0,485.1
2025-07-31 17:00:00,19.9,59,66,9.6,0.0,0.0,434.2
2025-07-31 18:00:00,18.9,28,68,5.1,0.1,0.0,238.5
2025-07-31 19:00:00,18.7,26,69,3.8,0.0,0.0,125.4
2025-07-31 20:00:00,17.8,21,78,2.6,0.0,0.0,30.1
2025-07-31 21:00:00,16.8,47,79,3.5,0.0,0.0,0.0
2025-07-31 22:00:00,16.6,86,78,5.7,0.0,0.0,0.0
2025-07-31 23:00:00,16.5,41,77,5.3,0.0,0.0,0.0
2025-08-01 00:00:00,15.4,81,83,4.1,0.0,0.0,0.0
2025-08-01 01:00:00,15.6,100,84,3.3,0.0,0.0,0.0
2025-08-01 02:00:00,15.7,100,82,6.5,0.0,0.0,0.0
2025-08-01 03:00:00,14.2,92,88,9.6,0.8,0.0,0.0
2025-08-01 04:00:00,14.1,13,90,7.8,0.0,0.0,0.0
2025-08-01 05:00:00,13.3,10,93,7.5,0.0,0.0,0.0
2025-08-01 06:00:00,13.5,0,93,8.7,0.0,0.0,46.7
2025-08-01 07:00:00,14.6,0,91,7.9,0.0,0.0,167.6
2025-08-01 08:00:00,16.1,0,86,7.4,0.0,0.0,326.5
2025-08-01 09:00:00,17.8,0,76,8.6,0.0,0.0,487.0
2025-08-01 10:00:00,19.2,55,67,9.4,0.0,0.0,630.0
2025-08-01 11:00:00,20.4,54,61,10.4,0.0,0.0,714.4
2025-08-01 12:00:00,21.6,67,56,12.5,0.0,0.0,773.4
2025-08-01 13:00:00,21.2,80,62,12.5,0.1,0.0,572.4
2025-08-01 14:00:00,22.4,100,62,12.9,0.2,0.0,615.1
2025-08-01 15:00:00,18.6,100,86,11.4,4.2,0.0,252.7
2025-08-01 16:00:00,18.0,100,85,5.8,0.2,0.0,102.5
2025-08-01 17:00:00,20.4,100,78,8.9,0.0,0.0,365.7
2025-08-01 18:00:00,19.1,97,83,9.9,1.2,0.0,198.2
2025-08-01 19:00:00,17.3,97,91,1.1,2.7,0.0,44.3
2025-08-01 20:00:00,17.4,90,93,6.5,0.0,0.0,13.5
2025-08-01 21:00:00,17.1,68,92,9.2,0.0,0.0,0.0
2025-08-01 22:00:00,17.2,15,88,11.9,0.0,0.0,0.0
2025-08-01 23:00:00,16.4,100,87,11.2,0.0,0.0,0.0
2025-08-02 00:00:00,15.9,100,90,9.7,0.0,0.0,0.0
2025-08-02 01:00:00,15.8,53,91,9.4,0.0,0.0,0.0
2025-08-02 02:00:00,15.4,35,92,9.3,0.0,0.0,0.0
2025-08-02 03:00:00,15.9,100,90,9.1,0.0,0.0,0.0
2025-08-02 04:00:00,15.5,98,91,9.4,0.0,0.0,0.0
2025-08-02 05:00:00,15.1,21,92,7.3,0.0,0.0,0.0
2025-08-02 06:00:00,15.0,11,93,7.1,0.0,0.0,39.2
2025-08-02 07:00:00,16.0,8,91,5.6,0.0,0.0,147.0
2025-08-02 08:00:00,17.6,43,86,5.6,0.0,0.0,309.9
2025-08-02 09:00:00,18.6,20,80,6.4,0.1,0.0,342.1
2025-08-02 10:00:00,20.1,8,73,6.7,0.0,0.0,558.1
2025-08-02 11:00:00,21.3,12,69,6.9,0.0,0.0,702.9
2025-08-02 12:00:00,22.2,39,64,6.9,0.0,0.0,753.9
2025-08-02 13:00:00,22.7,82,61,6.0,0.0,0.0,725.1
2025-08-02 14:00:00,23.1,30,60,4.8,0.0,0.0,699.3
2025-08-02 15:00:00,23.8,22,52,4.9,0.0,0.0,623.4
2025-08-02 16:00:00,24.0,24,51,4.9,0.0,0.0,533.6
2025-08-02 17:00:00,24.1,35,51,3.6,0.0,0.0,433.5
2025-08-02 18:00:00,23.5,39,55,6.6,0.1,0.0,297.2
2025-08-02 19:00:00,22.0,19,67,5.5,0.2,0.0,131.4
2025-08-02 20:00:00,20.6,55,74,4.2,0.0,0.0,26.5
2025-08-02 21:00:00,20.0,75,76,2.4,0.0,0.0,0.0
2025-08-02 22:00:00,19.6,43,77,0.5,0.0,0.0,0.0
2025-08-02 23:00:00,17.9,71,84,6.7,0.7,0.0,0.0
2025-08-03 00:00:00,17.9,67,84,10.7,0.0,0.0,0.0
2025-08-03 01:00:00,16.6,73,89,2.6,0.0,0.0,0.0
2025-08-03 02:00:00,16.3,97,90,1.1,0.0,0.0,0.0
2025-08-03 03:00:00,16.4,100,93,9.8,0.0,0.0,0.0
2025-08-03 04:00:00,16.0,100,95,5.7,0.0,0.0,0.0
2025-08-03 05:00:00,15.7,97,96,3.2,0.0,0.0,0.0
2025-08-03 06:00:00,15.9,100,95,8.0,0.0,0.0,28.1
2025-08-03 07:00:00,16.5,100,91,8.6,0.0,0.0,60.9
2025-08-03 08:00:00,17.2,98,87,7.3,0.1,0.0,145.4
2025-08-03 09:00:00,17.2,100,87,7.8,0.2,0.0,162.6
2025-08-03 10:00:00,17.3,100,89,8.2,0.8,0.0,157.6
2025-08-03 11:00:00,18.3,100,88,9.6,0.7,0.0,393.9
2025-08-03 12:00:00,19.5,100,80,8.7,0.0,0.0,561.4
2025-08-03 13:00:00,19.9,100,74,8.3,0.0,0.0,402.7
2025-08-03 14:00:00,19.2,68,77,11.5,0.4,0.0,306.5
2025-08-03 15:00:00,19.1,47,73,13.9,0.0,0.0,475.5
2025-08-03 16:00:00,19.8,98,69,13.0,0.0,0.0,516.7
2025-08-03 17:00:00,19.4,80,68,14.0,0.0,0.0,344.7
2025-08-03 18:00:00,19.2,96,68,12.7,0.0,0.0,252.9
2025-08-03 19:00:00,18.3,95,73,10.7,0.0,0.0,107.0
2025-08-03 20:00:00,17.4,99,79,7.4,0.0,0.0,24.5
2025-08-03 21:00:00,16.6,97,84,6.7,0.0,0.0,0.0
2025-08-03 22:00:00,16.1,100,86,6.2,0.0,0.0,0.0
2025-08-03 23:00:00,15.6,97,88,6.1,0.0,0.0,0.0
2025-08-04 00:00:00,15.0,79,90,4.7,0.0,0.0,0.0
2025-08-04 01:00:00,14.2,77,93,3.6,0.0,0.0,0.0
2025-08-04 02:00:00,13.9,8,93,3.8,0.0,0.0,0.0
2025-08-04 03:00:00,13.7,31,96,3.5,0.0,0.0,0.0
2025-08-04 04:00:00,13.2,5,96,2.8,0.0,0.0,0.0
2025-08-04 05:00:00,12.9,1,97,3.4,0.0,0.0,0.0
2025-08-04 06:00:00,13.2,0,97,5.4,0.0,0.0,42.2
2025-08-04 07:00:00,14.2,0,94,5.8,0.0,0.0,156.1
2025-08-04 08:00:00,15.7,5,87,4.4,0.0,0.0,318.5
2025-08-04 09:00:00,17.2,13,79,3.5,0.0,0.0,470.0
2025-08-04 10:00:00,18.6,23,69,5.8,0.1,0.0,598.0
2025-08-04 11:00:00,19.4,26,64,7.1,0.0,0.0,686.3
2025-08-04 12:00:00,20.1,43,61,6.8,0.1,0.0,690.2
2025-08-04 13:00:00,20.2,62,61,7.8,0.2,0.0,631.7
2025-08-04 14:00:00,20.1,87,62,7.4,0.1,0.0,516.0
2025-08-04 15:00:00,20.8,98,57,7.6,0.1,0.0,586.9
2025-08-04 16:00:00,20.6,41,57,8.4,0.0,0.0,452.8
2025-08-04 17:00:00,20.2,100,59,8.8,0.0,0.0,356.8
2025-08-04 18:00:00,19.7,100,62,8.2,0.0,0.0,192.2
2025-08-04 19:00:00,18.9,100,68,8.0,0.0,0.0,95.0
2025-08-04 20:00:00,17.8,1,75,5.4,0.0,0.0,17.8
2025-08-04 21:00:00,16.5,9,82,3.8,0.0,0.0,0.0
2025-08-04 22:00:00,15.8,0,85,3.1,0.0,0.0,0.0
2025-08-04 23:00:00,15.5,0,85,5.4,0.0,0.0,0.0
2025-08-05 00:00:00,15.1,6,86,5.9,0.0,0.0,0.0
2025-08-05 01:00:00,14.7,0,87,5.6,0.0,0.0,0.0
2025-08-05 02:00:00,14.3,0,89,5.2,0.0,0.0,0.0
2025-08-05 03:00:00,13.4,0,91,5.3,0.0,0.0,0.0
2025-08-05 04:00:00,12.9,0,93,5.5,0.0,0.0,0.0
2025-08-05 05:00:00,12.6,0,93,7.7,0.0,0.0,0.0
2025-08-05 06:00:00,12.6,0,92,7.8,0.0,0.0,40.5
2025-08-05 07:00:00,13.6,0,91,8.2,0.0,0.0,160.1
2025-08-05 08:00:00,15.5,0,84,7.2,0.0,0.0,321.6
2025-08-05 09:00:00,17.8,0,75,8.6,0.0,0.0,486.5
2025-08-05 10:00:00,19.4,0,66,10.2,0.0,0.0,630.1
2025-08-05 11:00:00,20.7,1,60,10.7,0.0,0.0,739.5
2025-08-05 12:00:00,21.9,12,54,11.7,0.0,0.0,808.7
2025-08-05 13:00:00,22.8,21,48,13.0,0.0,0.0,832.5
2025-08-05 14:00:00,23.5,0,44,13.5,0.0,0.0,803.8
2025-08-05 15:00:00,24.1,0,41,13.8,0.0,0.0,728.6
2025-08-05 16:00:00,24.1,0,41,14.6,0.0,0.0,609.3
2025-08-05 17:00:00,23.7,2,43,14.5,0.0,0.0,460.5
2025-08-05 18:00:00,23.0,17,50,11.5,0.0,0.0,297.9
2025-08-05 19:00:00,22.0,40,57,10.7,0.0,0.0,137.0
2025-08-05 20:00:00,20.6,58,63,10.1,0.0,0.0,18.3
2025-08-05 21:00:00,19.8,100,64,11.7,0.0,0.0,0.0
2025-08-05 22:00:00,19.8,100,63,15.5,0.0,0.0,0.0
2025-08-05 23:00:00,17.1,100,93,10.5,2.1,0.0,0.0
2025-08-06 00:00:00,17.0,100,97,10.6,1.9,0.0,0.0
2025-08-06 01:00:00,16.9,100,97,15.2,1.2,0.0,0.0
2025-08-06 02:00:00,15.8,97,96,17.1,0.1,0.0,0.0
2025-08-06 03:00:00,14.4,100,93,15.2,0.1,0.0,0.0
2025-08-06 04:00:00,13.9,100,94,13.4,0.0,0.0,0.0
2025-08-06 05:00:00,13.7,100,93,12.2,0.0,0.0,0.0
2025-08-06 06:00:00,13.3,39,93,10.0,0.0,0.0,10.5
2025-08-06 07:00:00,13.2,87,93,10.5,0.0,0.0,121.2
2025-08-06 08:00:00,14.0,41,87,12.9,0.0,0.0,246.7
2025-08-06 09:00:00,15.4,43,78,12.4,0.0,0.0,393.9
2025-08-06 10:00:00,16.8,26,71,11.4,0.0,0.0,582.1
2025-08-06 11:00:00,17.7,28,64,11.6,0.0,0.0,665.5
2025-08-06 12:00:00,18.6,4,55,12.6,0.0,0.0,686.2
2025-08-06 13:00:00,19.1,22,52,14.0,0.0,0.0,800.3
2025-08-06 14:00:00,19.4,14,51,13.1,0.0,0.0,729.2
2025-08-06 15:00:00,19.4,25,51,12.0,0.0,0.0,671.2
2025-08-06 16:00:00,19.5,8,50,13.7,0.0,0.0,545.4
2025-08-06 17:00:00,19.5,27,46,14.3,0.0,0.0,434.5
2025-08-06 18:00:00,19.0,6,49,10.8,0.0,0.0,243.1
2025-08-06 19:00:00,18.2,3,55,9.0,0.0,0.0,141.7
2025-08-06 20:00:00,16.5,1,64,6.1,0.0,0.0,19.6
2025-08-06 21:00:00,15.1,1,72,4.8,0.0,0.0,0.0
2025-08-06 22:00:00,14.5,0,73,1.9,0.0,0.0,0.0
2025-08-06 23:00:00,14.0,0,75,0.5,0.0,0.0,0.0
2025-08-07 00:00:00,13.3,0,78,1.7,0.0,0.0,0.0
2025-08-07 01:00:00,13.0,0,79,1.5,0.0,0.0,0.0
2025-08-07 02:00:00,12.6,0,80,0.9,0.0,0.0,0.0
2025-08-07 03:00:00,10.8,0,87,4.1,0.0,0.0,0.0
2025-08-07 04:00:00,10.7,2,87,5.4,0.0,0.0,0.0
2025-08-07 05:00:00,10.2,3,89,4.4,0.0,0.0,0.0
2025-08-07 06:00:00,10.7,99,87,4.4,0.0,0.0,36.7
2025-08-07 07:00:00,12.5,98,83,5.6,0.0,0.0,151.9
2025-08-07 08:00:00,14.7,32,79,3.7,0.0,0.0,309.3
2025-08-07 09:00:00,17.0,97,69,4.2,0.0,0.0,481.7
2025-08-07 10:00:00,18.7,100,55,5.6,0.0,0.0,618.6
2025-08-07 11:00:00,19.6,97,48,4.0,0.0,0.0,691.1
2025-08-07 12:00:00,20.5,56,46,2.9,0.0,0.0,771.8
2025-08-07 13:00:00,21.2,39,46,1.8,0.0,0.0,818.4
2025-08-07 14:00:00,21.7,61,46,3.0,0.0,0.0,790.8
2025-08-07 15:00:00,22.3,49,45,4.5,0.0,0.0,700.5
2025-08-07 16:00:00,22.6,55,44,5.0,0.0,0.0,586.5
2025-08-07 17:00:00,22.6,100,44,5.2,0.0,0.0,454.3
2025-08-07 18:00:00,22.2,100,47,5.8,0.0,0.0,290.1
2025-08-07 19:00:00,21.0,40,59,5.5,0.0,0.0,132.4
2025-08-07 20:00:00,19.1,0,66,8.0,0.0,0.0,16.7
2025-08-07 21:00:00,17.9,0,69,8.9,0.0,0.0,0.0
2025-08-07 22:00:00,17.0,3,72,7.4,0.0,0.0,0.0
2025-08-07 23:00:00,16.1,1,76,5.8,0.0,0.0,0.0
2025-08-08 00:00:00,15.6,11,77,6.9,0.0,0.0,0.0
2025-08-08 01:00:00,14.8,94,80,6.6,0.0,0.0,0.0
2025-08-08 02:00:00,14.3,24,84,6.4,0.0,0.0,0.0
2025-08-08 03:00:00,13.5,90,86,7.2,0.0,0.0,0.0
2025-08-08 04:00:00,13.6,91,83,7.9,0.0,0.0,0.0
2025-08-08 05:00:00,13.6,95,82,7.6,0.0,0.0,0.0
2025-08-08 06:00:00,13.8,94,81,7.7,0.0,0.0,34.5
2025-08-08 07:00:00,15.1,36,77,8.1,0.0,0.0,88.5
2025-08-08 08:00:00,17.7,20,72,6.5,0.0,0.0,303.7
2025-08-08 09:00:00,20.0,56,64,8.0,0.0,0.0,461.4
2025-08-08 10:00:00,21.6,89,60,11.9,0.0,0.0,588.2
2025-08-08 11:00:00,22.4,68,59,12.4,0.0,0.0,495.1
2025-08-08 12:00:00,23.5,56,58,11.2,0.0,0.0,565.7
2025-08-08 13:00:00,25.2,58,53,11.6,0.0,0.0,786.2
2025-08-08 14:00:00,26.1,32,48,11.8,0.0,0.0,678.1
2025-08-08 15:00:00,27.0,12,43,11.9,0.0,0.0,589.0
2025-08-08 16:00:00,26.7,12,38,14.0,0.0,0.0,527.2
2025-08-08 17:00:00,25.8,8,39,11.8,0.0,0.0,423.9
2025-08-08 18:00:00,25.3,56,47,8.6,0.0,0.0,289.4
2025-08-08 19:00:00,23.5,34,55,6.9,0.0,0.0,103.6
2025-08-08 20:00:00,21.4,53,65,4.8,0.0,0.0,11.9
2025-08-08 21:00:00,20.4,99,66,3.6,0.0,0.0,0.0
2025-08-08 22:00:00,19.7,40,66,1.2,0.0,0.0,0.0
2025-08-08 23:00:00,18.9,100,71,2.3,0.0,0.0,0.0
2025-08-09 00:00:00,18.8,67,76,3.5,0.0,0.0,0.0
2025-08-09 01:00:00,18.0,19,77,2.8,0.0,0.0,0.0
2025-08-09 02:00:00,17.0,11,79,2.2,0.0,0.0,0.0
2025-08-09 03:00:00,15.9,11,83,1.8,0.0,0.0,0.0
2025-08-09 04:00:00,15.4,79,83,1.8,0.0,0.0,0.0
2025-08-09 05:00:00,15.0,100,85,3.9,0.0,0.0,0.0
2025-08-09 06:00:00,15.6,99,85,3.8,0.0,0.0,28.2
2025-08-09 07:00:00,16.6,100,81,4.6,0.0,0.0,108.9
2025-08-09 08:00:00,18.1,100,80,3.3,0.0,0.0,194.6
2025-08-09 09:00:00,20.3,96,74,2.7,0.0,0.0,319.0
2025-08-09 10:00:00,22.0,65,63,2.6,0.0,0.0,434.8
2025-08-09 11:00:00,24.0,4,54,1.5,0.0,0.0,649.0
2025-08-09 12:00:00,25.6,12,45,0.0,0.0,0.0,779.1
2025-08-09 13:00:00,26.4,33,41,0.8,0.0,0.0,799.2
2025-08-09 14:00:00,27.1,100,40,1.5,0.0,0.0,778.8
2025-08-09 15:00:00,27.5,100,38,1.2,0.0,0.0,671.5
2025-08-09 16:00:00,26.9,100,39,0.8,0.0,0.0,273.1
2025-08-09 17:00:00,26.8,99,40,0.9,0.0,0.0,228.4
2025-08-09 18:00:00,26.1,74,58,1.0,0.0,0.0,185.9
2025-08-09 19:00:00,25.6,7,52,3.7,0.0,0.0,109.1
2025-08-09 20:00:00,22.7,0,68,4.0,0.0,0.0,11.3
2025-08-09 21:00:00,21.6,0,70,6.3,0.0,0.0,0.0
2025-08-09 22:00:00,21.0,0,73,7.2,0.0,0.0,0.0
2025-08-09 23:00:00,20.4,2,74,8.2,0.0,0.0,0.0
2025-08-10 00:00:00,20.0,6,76,8.3,0.0,0.0,0.0
2025-08-10 01:00:00,19.6,8,79,8.0,0.0,0.0,0.0
2025-08-10 02:00:00,19.4,12,81,7.7,0.0,0.0,0.0
2025-08-10 03:00:00,17.9,100,87,6.0,0.0,0.0,0.0
2025-08-10 04:00:00,18.1,100,88,6.0,0.0,0.0,0.0
2025-08-10 05:00:00,18.3,14,87,7.4,0.0,0.0,0.0
2025-08-10 06:00:00,18.2,18,86,7.2,0.0,0.0,29.6
2025-08-10 07:00:00,19.6,22,81,7.6,0.0,0.0,135.7
2025-08-10 08:00:00,21.6,68,75,7.2,0.0,0.0,238.9
2025-08-10 09:00:00,23.1,3,69,5.1,0.0,0.0,305.5
2025-08-10 10:00:00,25.0,0,61,9.7,0.0,0.0,594.3
2025-08-10 11:00:00,26.0,13,54,15.8,0.0,0.0,696.9
2025-08-10 12:00:00,26.4,1,50,14.7,0.0,0.0,744.1
2025-08-10 13:00:00,26.7,39,47,14.8,0.0,0.0,772.1
2025-08-10 14:00:00,26.6,25,46,14.6,0.0,0.0,676.9
2025-08-10 15:00:00,26.4,41,46,19.1,0.0,0.0,617.1
2025-08-10 16:00:00,25.8,12,47,16.3,0.0,0.0,485.2
2025-08-10 17:00:00,25.3,6,47,16.2,0.0,0.0,412.4
2025-08-10 18:00:00,24.4,9,49,15.4,0.0,0.0,273.3
2025-08-10 19:00:00,22.9,0,53,13.9,0.0,0.0,126.0
2025-08-10 20:00:00,21.2,4,58,12.1,0.0,0.0,9.1
2025-08-10 21:00:00,19.8,2,61,12.7,0.0,0.0,0.0
2025-08-10 22:00:00,18.6,0,65,10.9,0.0,0.0,0.0
2025-08-10 23:00:00,17.6,0,69,10.8,0.0,0.0,0.0
2025-08-11 00:00:00,16.8,5,71,10.9,0.0,0.0,0.0
2025-08-11 01:00:00,16.0,2,75,9.2,0.0,0.0,0.0
2025-08-11 02:00:00,15.5,0,77,8.3,0.0,0.0,0.0
2025-08-11 03:00:00,14.9,0,76,8.5,0.0,0.0,0.0
2025-08-11 04:00:00,14.2,0,79,5.2,0.0,0.0,0.0
2025-08-11 05:00:00,13.7,0,80,6.5,0.0,0.0,0.0
2025-08-11 06:00:00,13.5,0,80,5.6,0.0,0.0,31.2
2025-08-11 07:00:00,14.4,0,78,5.9,0.0,0.0,146.0
2025-08-11 08:00:00,16.0,1,71,4.4,0.0,0.0,309.6
2025-08-11 09:00:00,17.6,2,61,4.9,0.0,0.0,473.2
2025-08-11 10:00:00,18.9,0,54,4.6,0.0,0.0,617.7
2025-08-11 11:00:00,20.0,0,48,5.4,0.0,0.0,728.9
2025-08-11 12:00:00,20.9,1,45,4.9,0.0,0.0,793.7
2025-08-11 13:00:00,21.7,3,43,3.6,0.0,0.0,810.2
2025-08-11 14:00:00,22.4,3,42,2.1,0.0,0.0,780.5
2025-08-11 15:00:00,22.9,5,43,1.7,0.0,0.0,698.6
2025-08-11 16:00:00,23.2,2,42,2.4,0.0,0.0,584.1
2025-08-11 17:00:00,23.1,0,42,3.8,0.0,0.0,441.7
2025-08-11 18:00:00,22.8,0,43,4.2,0.0,0.0,282.4
2025-08-11 19:00:00,22.1,0,47,4.5,0.0,0.0,127.0
2025-08-11 20:00:00,20.2,0,59,4.7,0.0,0.0,6.6
2025-08-11 21:00:00,19.0,0,65,4.9,0.0,0.0,0.0
2025-08-11 22:00:00,18.0,0,68,5.5,0.0,0.0,0.0
2025-08-11 23:00:00,17.1,0,70,5.7,0.0,0.0,0.0
2025-08-12 00:00:00,16.2,0,74,5.1,0.0,0.0,0.0
2025-08-12 01:00:00,15.2,0,79,4.2,0.0,0.0,0.0
2025-08-12 02:00:00,14.7,0,81,3.7,0.0,0.0,0.0
2025-08-12 03:00:00,13.3,0,84,4.6,0.0,0.0,0.0
2025-08-12 04:00:00,13.1,0,83,4.7,0.0,0.0,0.0
2025-08-12 05:00:00,12.9,0,83,4.9,0.0,0.0,0.0
2025-08-12 06:00:00,12.9,0,83,4.5,0.0,0.0,28.3
2025-08-12 07:00:00,14.2,0,80,5.4,0.0,0.0,142.7
2025-08-12 08:00:00,16.4,0,73,3.3,0.0,0.0,305.3
2025-08-12 09:00:00,18.8,0,63,2.8,0.0,0.0,466.8
2025-08-12 10:00:00,21.0,0,51,3.8,0.0,0.0,609.2
2025-08-12 11:00:00,22.3,0,45,4.5,0.0,0.0,717.4
2025-08-12 12:00:00,23.3,0,42,4.4,0.0,0.0,784.5
2025-08-12 13:00:00,24.2,0,40,4.0,0.0,0.0,803.2
2025-08-12 14:00:00,25.0,0,38,3.7,0.0,0.0,773.5
2025-08-12 15:00:00,25.7,0,37,3.2,0.0,0.0,696.5
2025-08-12 16:00:00,26.0,0,37,3.3,0.0,0.0,580.1
2025-08-12 17:00:00,26.0,0,37,4.0,0.0,0.0,435.0
2025-08-12 18:00:00,25.6,0,39,5.7,0.0,0.0,275.1
2025-08-12 19:00:00,24.3,0,46,6.0,0.0,0.0,121.2
2025-08-12 20:00:00,22.1,0,54,7.3,0.0,0.0,3.9
2025-08-12 21:00:00,20.8,0,58,7.9,0.0,0.0,0.0
2025-08-12 22:00:00,19.7,0,63,8.6,0.0,0.0,0.0
2025-08-12 23:00:00,18.8,0,66,8.9,0.0,0.0,0.0
2025-08-13 00:00:00,18.2,0,67,8.4,0.0,0.0,0.0
2025-08-13 01:00:00,17.8,0,67,8.6,0.0,0.0,0.0
2025-08-13 02:00:00,17.3,0,66,8.8,0.0,0.0,0.0
2025-08-13 03:00:00,15.9,0,72,9.2,0.0,0.0,0.0
2025-08-13 04:00:00,15.5,0,73,9.4,0.0,0.0,0.0
2025-08-13 05:00:00,15.4,0,73,9.7,0.0,0.0,0.0
2025-08-13 06:00:00,15.4,0,72,9.4,0.0,0.0,25.0
2025-08-13 07:00:00,16.5,0,69,9.7,0.0,0.0,137.8
2025-08-13 08:00:00,18.4,0,67,8.0,0.0,0.0,297.3
2025-08-13 09:00:00,20.8,0,60,6.7,0.0,0.0,458.0
2025-08-13 10:00:00,23.4,0,53,6.9,0.0,0.0,600.7
2025-08-13 11:00:00,25.5,0,47,6.6,0.0,0.0,709.1
2025-08-13 12:00:00,27.1,0,43,4.6,0.0,0.0,775.3
2025-08-13 13:00:00,28.3,0,40,1.9,0.0,0.0,792.1
2025-08-13 14:00:00,29.0,0,39,2.7,0.0,0.0,760.6
2025-08-13 15:00:00,29.4,0,37,4.5,0.0,0.0,684.8
2025-08-13 16:00:00,29.6,0,36,5.7,0.0,0.0,569.6
2025-08-13 17:00:00,29.5,0,36,6.9,0.0,0.0,425.7
2025-08-13 18:00:00,29.0,0,39,7.3,0.0,0.0,267.9
2025-08-13 19:00:00,27.3,0,48,8.3,0.0,0.0,116.0
2025-08-13 20:00:00,24.7,0,56,9.2,0.0,0.0,1.4
2025-08-13 21:00:00,23.0,0,61,8.2,0.0,0.0,0.0
2025-08-13 22:00:00,22.1,0,63,8.0,0.0,0.0,0.0
2025-08-13 23:00:00,21.4,0,64,5.9,0.0,0.0,0.0
2025-08-14 00:00:00,20.5,0,67,6.6,0.0,0.0,0.0
2025-08-14 01:00:00,19.8,0,69,7.8,0.0,0.0,0.0
2025-08-14 02:00:00,19.2,0,71,7.6,0.0,0.0,0.0
2025-08-14 03:00:00,17.9,0,78,6.9,0.0,0.0,0.0
2025-08-14 04:00:00,17.4,0,81,5.9,0.0,0.0,0.0
2025-08-14 05:00:00,16.9,0,83,5.0,0.0,0.0,0.0
2025-08-14 06:00:00,16.8,0,83,5.4,0.0,0.0,21.3
2025-08-14 07:00:00,17.7,0,81,6.7,0.0,0.0,132.8
2025-08-14 08:00:00,19.8,0,75,5.1,0.0,0.0,289.2
2025-08-14 09:00:00,22.4,0,65,4.3,0.0,0.0,450.4
2025-08-14 10:00:00,25.0,0,55,3.6,0.0,0.0,592.2
2025-08-14 11:00:00,27.4,0,45,3.4,0.0,0.0,701.9
2025-08-14 12:00:00,29.1,0,38,4.7,0.0,0.0,768.1
2025-08-14 13:00:00,30.1,0,35,4.5,0.0,0.0,787.0
2025-08-14 14:00:00,30.7,0,34,4.2,0.0,0.0,756.5
2025-08-14 15:00:00,31.1,0,34,3.9,0.0,0.0,678.8
2025-08-14 16:00:00,31.2,0,34,5.1,0.0,0.0,563.7
2025-08-14 17:00:00,31.0,4,34,6.9,0.0,0.0,420.8
2025-08-14 18:00:00,30.3,1,36,8.6,0.0,0.0,261.5
2025-08-14 19:00:00,28.9,0,42,7.5,0.0,0.0,110.3
2025-08-14 20:00:00,26.7,0,48,8.0,0.0,0.0,0.0
2025-08-14 21:00:00,25.3,0,53,7.5,0.0,0.0,0.0
2025-08-14 22:00:00,24.2,0,57,6.8,0.0,0.0,0.0
2025-08-14 23:00:00,23.4,0,61,8.1,0.0,0.0,0.0
2025-08-15 00:00:00,22.4,0,66,9.4,0.0,0.0,0.0
2025-08-15 01:00:00,21.6,0,70,9.7,0.0,0.0,0.0
2025-08-15 02:00:00,21.0,0,71,9.2,0.0,0.0,0.0
2025-08-15 03:00:00,19.8,0,76,8.4,0.0,0.0,0.0
2025-08-15 04:00:00,19.4,0,77,8.5,0.0,0.0,0.0
2025-08-15 05:00:00,19.0,0,79,8.5,0.0,0.0,0.0
2025-08-15 06:00:00,18.8,0,81,7.9,0.0,0.0,22.7
2025-08-15 07:00:00,19.6,0,78,8.5,0.0,0.0,130.9
2025-08-15 08:00:00,21.5,0,72,7.0,0.0,0.0,287.4
2025-08-15 09:00:00,23.8,0,64,6.3,0.0,0.0,447.4
2025-08-15 10:00:00,26.1,0,58,6.7,0.0,0.0,589.2
2025-08-15 11:00:00,28.0,0,51,8.0,0.0,0.0,697.8
2025-08-15 12:00:00,29.4,0,43,9.0,0.0,0.0,763.0
2025-08-15 13:00:00,30.3,0,39,8.4,0.0,0.0,781.9
2025-08-15 14:00:00,30.9,0,37,7.6,0.0,0.0,752.5
2025-08-15 15:00:00,31.4,0,34,7.0,0.0,0.0,678.6
2025-08-15 16:00:00,31.4,1,34,6.9,0.0,0.0,563.3
2025-08-15 17:00:00,31.1,4,35,7.3,0.0,0.0,419.4
2025-08-15 18:00:00,30.4,4,36,7.7,0.0,0.0,260.7
2025-08-15 19:00:00,29.2,8,41,7.2,0.0,0.0,108.4
2025-08-15 20:00:00,27.2,7,49,8.3,0.0,0.0,0.0
2025-08-15 21:00:00,25.5,8,55,9.5,0.0,0.0,0.0
2025-08-15 22:00:00,24.2,0,59,8.4,0.0,0.0,0.0
2025-08-15 23:00:00,23.4,0,61,8.1,0.0,0.0,0.0
2025-08-16 00:00:00,22.7,0,62,6.4,0.0,0.0,0.0
2025-08-16 01:00:00,21.6,0,67,4.6,0.0,0.0,0.0
2025-08-16 02:00:00,20.5,0,74,3.7,0.0,0.0,0.0
2025-08-16 03:00:00,19.2,0,80,6.1,0.0,0.0,0.0
2025-08-16 04:00:00,18.6,0,82,4.3,0.0,0.0,0.0
2025-08-16 05:00:00,17.9,0,88,3.1,0.0,0.0,0.0
2025-08-16 06:00:00,18.0,25,89,1.8,0.0,0.0,18.3
2025-08-16 07:00:00,19.4,0,82,7.2,0.0,0.0,125.9
2025-08-16 08:00:00,21.4,0,76,6.2,0.0,0.0,280.6
2025-08-16 09:00:00,23.1,2,69,9.9,0.0,0.0,439.8
2025-08-16 10:00:00,24.7,18,63,10.5,0.0,0.0,576.3
2025-08-16 11:00:00,26.3,84,56,10.7,0.0,0.0,682.1
2025-08-16 12:00:00,27.8,79,48,9.9,0.0,0.0,736.3
2025-08-16 13:00:00,28.9,60,45,9.8,0.0,0.0,760.8
2025-08-16 14:00:00,29.2,44,45,11.7,0.2,0.0,716.2
2025-08-16 15:00:00,29.3,66,45,12.3,0.0,0.0,600.5
2025-08-16 16:00:00,28.7,79,42,12.1,0.0,0.0,355.1
2025-08-16 17:00:00,28.7,94,37,13.0,0.0,0.0,362.2
2025-08-16 18:00:00,27.9,98,38,13.0,0.0,0.0,234.3
2025-08-16 19:00:00,26.6,100,43,12.4,0.0,0.0,97.5
2025-08-16 20:00:00,25.0,100,50,11.9,0.0,0.0,0.0
2025-08-16 21:00:00,23.8,100,55,10.9,0.0,0.0,0.0
2025-08-16 22:00:00,22.7,11,59,9.4,0.0,0.0,0.0
2025-08-16 23:00:00,21.7,1,62,9.5,0.0,0.0,0.0
2025-08-17 00:00:00,20.7,1,64,10.6,0.0,0.0,0.0
2025-08-17 01:00:00,19.7,4,68,10.0,0.0,0.0,0.0
2025-08-17 02:00:00,19.0,10,71,9.6,0.0,0.0,0.0
2025-08-17 03:00:00,17.9,13,77,9.8,0.0,0.0,0.0
2025-08-17 04:00:00,17.0,3,82,9.7,0.0,0.0,0.0
2025-08-17 05:00:00,16.2,6,85,8.8,0.0,0.0,0.0
2025-08-17 06:00:00,15.7,21,86,7.0,0.0,0.0,19.8
2025-08-17 07:00:00,16.1,1,82,5.6,0.0,0.0,115.9
2025-08-17 08:00:00,17.2,0,74,4.4,0.0,0.0,280.1
2025-08-17 09:00:00,18.6,0,64,6.6,0.0,0.0,443.8
2025-08-17 10:00:00,19.6,0,54,9.8,0.0,0.0,589.9
2025-08-17 11:00:00,20.5,17,45,10.8,0.0,0.0,698.2
2025-08-17 12:00:00,21.4,4,41,10.5,0.0,0.0,758.0
2025-08-17 13:00:00,22.2,2,38,11.1,0.0,0.0,786.8
2025-08-17 14:00:00,22.7,3,37,11.6,0.0,0.0,755.1
2025-08-17 15:00:00,22.7,17,37,11.1,0.0,0.0,657.1
2025-08-17 16:00:00,22.9,33,35,11.9,0.0,0.0,541.4
2025-08-17 17:00:00,22.5,6,35,11.9,0.0,0.0,403.4
2025-08-17 18:00:00,22.1,35,36,12.6,0.0,0.0,255.1
2025-08-17 19:00:00,21.2,32,38,13.2,0.0,0.0,95.1
2025-08-17 20:00:00,19.8,11,45,8.5,0.0,0.0,0.0
2025-08-17 21:00:00,18.6,1,52,5.2,0.0,0.0,0.0
2025-08-17 22:00:00,17.9,5,55,6.2,0.0,0.0,0.0
2025-08-17 23:00:00,17.2,87,56,8.2,0.0,0.0,0.0
2025-08-18 00:00:00,16.9,31,55,8.9,0.0,0.0,0.0
2025-08-18 01:00:00,16.4,39,57,8.4,0.0,0.0,0.0
2025-08-18 02:00:00,15.9,81,60,10.2,0.0,0.0,0.0
2025-08-18 03:00:00,14.4,0,66,8.1,0.0,0.0,0.0
2025-08-18 04:00:00,13.6,0,71,8.2,0.0,0.0,0.0
2025-08-18 05:00:00,13.1,0,76,8.2,0.0,0.0,0.0
2025-08-18 06:00:00,12.8,3,78,7.2,0.0,0.0,14.3
2025-08-18 07:00:00,13.3,4,76,5.8,0.0,0.0,120.5
2025-08-18 08:00:00,14.4,44,71,5.4,0.0,0.0,275.7
2025-08-18 09:00:00,15.8,74,66,4.7,0.0,0.0,435.0
2025-08-18 10:00:00,17.3,90,59,6.5,0.0,0.0,548.3
2025-08-18 11:00:00,18.5,100,53,8.6,0.0,0.0,591.0
2025-08-18 12:00:00,17.8,100,58,9.9,0.0,0.0,236.2
2025-08-18 13:00:00,18.2,100,56,9.6,0.0,0.0,241.9
2025-08-18 14:00:00,18.5,100,54,9.7,0.0,0.0,232.4
2025-08-18 15:00:00,18.6,100,53,9.4,0.0,0.0,270.1
2025-08-18 16:00:00,19.0,100,52,8.9,0.0,0.0,268.6
2025-08-18 17:00:00,19.1,100,51,8.3,0.0,0.0,217.9
2025-08-18 18:00:00,18.9,100,52,7.7,0.0,0.0,96.9
2025-08-18 19:00:00,18.6,100,54,7.2,0.0,0.0,40.3
2025-08-18 20:00:00,18.1,97,57,5.6,0.0,0.0,0.0
2025-08-18 21:00:00,17.6,11,61,5.4,0.0,0.0,0.0
2025-08-18 22:00:00,16.5,7,69,3.5,0.0,0.0,0.0
2025-08-18 23:00:00,15.6,17,74,3.8,0.0,0.0,0.0
2025-08-19 00:00:00,15.3,16,75,4.2,0.0,0.0,0.0
2025-08-19 01:00:00,14.8,29,77,4.1,0.0,0.0,0.0
2025-08-19 02:00:00,14.4,6,80,4.5,0.0,0.0,0.0
2025-08-19 03:00:00,12.4,0,85,4.0,0.0,0.0,0.0
2025-08-19 04:00:00,12.0,0,88,3.6,0.0,0.0,0.0
2025-08-19 05:00:00,11.6,0,89,3.3,0.0,0.0,0.0
2025-08-19 06:00:00,11.5,0,90,3.2,0.0,0.0,15.7
2025-08-19 07:00:00,12.9,0,84,4.5,0.0,0.0,118.7
2025-08-19 08:00:00,14.8,0,76,2.2,0.0,0.0,275.3
2025-08-19 09:00:00,17.0,0,68,2.3,0.0,0.0,436.7
2025-08-19 10:00:00,18.9,0,61,3.4,0.0,0.0,579.5
2025-08-19 11:00:00,20.4,62,52,5.3,0.0,0.0,667.7
2025-08-19 12:00:00,21.2,98,46,5.2,0.0,0.0,585.8
2025-08-19 13:00:00,21.5,100,44,4.6,0.0,0.0,447.5
2025-08-19 14:00:00,22.1,76,42,3.7,0.0,0.0,459.9
2025-08-19 15:00:00,22.8,98,40,3.7,0.0,0.0,483.1
2025-08-19 16:00:00,23.0,100,39,2.0,0.0,0.0,383.5
2025-08-19 17:00:00,22.5,88,40,1.6,0.0,0.0,191.5
2025-08-19 18:00:00,22.5,39,40,2.3,0.0,0.0,162.2
2025-08-19 19:00:00,21.8,2,43,6.4,0.0,0.0,87.5
2025-08-19 20:00:00,19.8,0,52,7.8,0.0,0.0,0.0
2025-08-19 21:00:00,18.9,0,56,6.5,0.0,0.0,0.0
2025-08-19 22:00:00,18.1,0,60,7.0,0.0,0.0,0.0
2025-08-19 23:00:00,17.2,0,67,7.4,0.0,0.0,0.0
2025-08-20 00:00:00,16.5,0,72,7.9,0.0,0.0,0.0
2025-08-20 01:00:00,16.1,0,73,7.8,0.0,0.0,0.0
2025-08-20 02:00:00,15.6,0,74,6.7,0.0,0.0,0.0
2025-08-20 03:00:00,13.7,0,84,5.1,0.0,0.0,0.0
2025-08-20 04:00:00,13.4,0,86,4.7,0.0,0.0,0.0
2025-08-20 05:00:00,13.3,2,86,4.7,0.0,0.0,0.0
2025-08-20 06:00:00,13.3,0,83,4.6,0.0,0.0,17.4
2025-08-20 07:00:00,14.7,0,75,5.9,0.0,0.0,116.9
2025-08-20 08:00:00,16.7,0,67,4.1,0.0,0.0,273.5
2025-08-20 09:00:00,19.4,0,57,4.1,0.0,0.0,434.8
2025-08-20 10:00:00,22.0,0,48,5.1,0.0,0.0,577.6
2025-08-20 11:00:00,23.7,0,42,7.1,0.0,0.0,686.0
2025-08-20 12:00:00,24.9,0,40,8.6,0.0,0.0,752.0
2025-08-20 13:00:00,25.7,0,37,9.1,0.0,0.0,770.6
2025-08-20 14:00:00,26.3,99,35,10.1,0.0,0.0,736.9
2025-08-20 15:00:00,27.1,13,33,11.5,0.0,0.0,633.5
2025-08-20 16:00:00,27.4,86,30,11.6,0.0,0.0,487.1
2025-08-20 17:00:00,27.0,95,32,11.6,0.0,0.0,339.2
2025-08-20 18:00:00,26.0,25,35,11.1,0.0,0.0,164.8
2025-08-20 19:00:00,25.0,100,37,10.4,0.0,0.0,82.5
2025-08-20 20:00:00,23.7,100,41,8.3,0.0,0.0,0.0
2025-08-20 21:00:00,23.2,93,44,9.8,0.0,0.0,0.0
2025-08-20 22:00:00,21.4,17,52,12.4,0.0,0.0,0.0
2025-08-20 23:00:00,19.3,7,64,12.9,0.0,0.0,0.0
2025-08-21 00:00:00,18.0,15,73,11.1,0.0,0.0,0.0
2025-08-21 01:00:00,17.2,20,78,10.3,0.0,0.0,0.0
2025-08-21 02:00:00,16.5,32,81,9.2,0.0,0.0,0.0
2025-08-21 03:00:00,16.0,36,78,10.4,0.0,0.0,0.0
2025-08-21 04:00:00,15.6,51,80,9.3,0.0,0.0,0.0
2025-08-21 05:00:00,14.9,96,84,8.4,0.0,0.0,0.0
2025-08-21 06:00:00,14.5,98,86,9.2,0.0,0.0,9.7
2025-08-21 07:00:00,15.0,97,83,8.5,0.0,0.0,110.0
2025-08-21 08:00:00,16.3,100,76,9.3,0.0,0.0,258.9
2025-08-21 09:00:00,17.8,100,69,8.1,0.0,0.0,382.9
2025-08-21 10:00:00,19.5,100,63,8.0,0.0,0.0,486.3
2025-08-21 11:00:00,20.6,100,58,8.8,0.0,0.0,456.4
2025-08-21 12:00:00,21.5,100,55,9.8,0.0,0.0,455.9
2025-08-21 13:00:00,22.0,100,53,10.0,0.0,0.0,441.4
2025-08-21 14:00:00,23.3,100,49,9.8,0.0,0.0,596.2
2025-08-21 15:00:00,23.2,100,48,9.8,0.0,0.0,525.3
2025-08-21 16:00:00,23.1,100,48,8.7,0.0,0.0,316.3
2025-08-21 17:00:00,22.5,100,49,7.5,0.0,0.0,134.8
2025-08-21 18:00:00,22.3,100,50,6.4,0.0,0.0,72.2
2025-08-21 19:00:00,21.9,100,51,5.1,0.0,0.0,20.4
2025-08-21 20:00:00,21.0,100,57,6.1,0.0,0.0,0.0
2025-08-21 21:00:00,20.4,100,61,6.1,0.0,0.0,0.0
2025-08-21 22:00:00,19.9,100,62,5.2,0.0,0.0,0.0
2025-08-21 23:00:00,19.2,100,65,7.2,0.0,0.0,0.0
2025-08-22 00:00:00,18.5,100,63,9.3,0.0,0.0,0.0
2025-08-22 01:00:00,18.1,100,56,9.5,0.0,0.0,0.0
2025-08-22 02:00:00,17.7,100,51,10.7,0.0,0.0,0.0
2025-08-22 03:00:00,16.7,100,56,7.9,0.0,0.0,0.0
2025-08-22 04:00:00,16.3,100,55,9.2,0.0,0.0,0.0
2025-08-22 05:00:00,15.7,100,57,8.5,0.0,0.0,0.0
2025-08-22 06:00:00,14.7,100,60,9.7,0.0,0.0,11.1
2025-08-22 07:00:00,14.8,100,61,10.2,0.0,0.0,94.2
2025-08-22 08:00:00,15.9,99,57,8.9,0.0,0.0,240.4
2025-08-22 09:00:00,17.6,48,51,10.4,0.0,0.0,414.9
2025-08-22 10:00:00,19.4,84,44,12.8,0.0,0.0,569.5
2025-08-22 11:00:00,20.3,3,41,15.2,0.0,0.0,679.9
2025-08-22 12:00:00,20.7,12,39,17.1,0.0,0.0,747.9
2025-08-22 13:00:00,21.4,43,37,17.2,0.0,0.0,769.4
2025-08-22 14:00:00,21.4,18,36,17.4,0.0,0.0,608.7
2025-08-22 15:00:00,21.4,32,34,18.0,0.0,0.0,621.5
2025-08-22 16:00:00,21.0,53,33,17.4,0.0,0.0,496.3
2025-08-22 17:00:00,20.3,94,35,17.4,0.0,0.0,334.6
2025-08-22 18:00:00,18.9,85,40,17.7,0.0,0.0,125.1
2025-08-22 19:00:00,18.3,82,41,15.8,0.0,0.0,49.0
2025-08-22 20:00:00,17.6,59,46,13.5,0.0,0.0,0.0
2025-08-22 21:00:00,16.9,86,49,10.6,0.0,0.0,0.0
2025-08-22 22:00:00,16.7,62,51,9.5,0.0,0.0,0.0
2025-08-22 23:00:00,16.2,37,53,8.0,0.0,0.0,0.0
2025-08-23 00:00:00,15.5,77,56,9.5,0.0,0.0,0.0
2025-08-23 01:00:00,15.0,12,57,11.1,0.0,0.0,0.0
2025-08-23 02:00:00,14.5,81,56,11.4,0.0,0.0,0.0
2025-08-23 03:00:00,14.5,100,53,9.2,0.0,0.0,0.0
2025-08-23 04:00:00,14.1,76,54,8.2,0.0,0.0,0.0
2025-08-23 05:00:00,13.1,100,58,8.0,0.0,0.0,0.0
2025-08-23 06:00:00,12.8,90,61,9.4,0.0,0.0,12.9
2025-08-23 07:00:00,12.9,47,62,7.7,0.0,0.0,104.5
2025-08-23 08:00:00,14.1,100,59,8.5,0.0,0.0,236.0
2025-08-23 09:00:00,15.3,100,51,10.8,0.0,0.0,334.7
2025-08-23 10:00:00,16.0,97,46,13.3,0.0,0.0,356.3
2025-08-23 11:00:00,17.0,86,41,15.7,0.0,0.0,400.2
2025-08-23 12:00:00,17.6,91,39,17.1,0.0,0.0,434.3
2025-08-23 13:00:00,16.9,100,42,18.0,0.0,0.0,269.8
2025-08-23 14:00:00,16.8,67,44,16.9,0.0,0.0,346.2
2025-08-23 15:00:00,17.4,61,40,18.8,0.0,0.0,308.2
2025-08-23 16:00:00,17.2,51,41,18.1,0.0,0.0,313.9
2025-08-23 17:00:00,17.2,61,39,15.7,0.0,0.0,249.6
2025-08-23 18:00:00,17.2,26,38,16.4,0.0,0.0,192.3
2025-08-23 19:00:00,17.0,69,38,17.6,0.0,0.0,71.8
2025-08-23 20:00:00,12.8,100,65,18.5,0.0,0.0,0.0
2025-08-23 21:00:00,11.3,99,79,12.2,1.1,0.0,0.0
2025-08-23 22:00:00,11.2,94,87,13.1,0.2,0.0,0.0
2025-08-23 23:00:00,11.1,97,79,16.8,0.1,0.0,0.0
2025-08-24 00:00:00,10.5,26,80,16.5,0.1,0.0,0.0
2025-08-24 01:00:00,9.4,64,86,16.1,0.5,0.0,0.0
2025-08-24 02:00:00,9.5,24,84,14.3,0.1,0.0,0.0
2025-08-24 03:00:00,8.1,91,92,14.4,0.0,0.0,0.0
2025-08-24 04:00:00,7.8,75,91,12.5,0.0,0.0,0.0
2025-08-24 05:00:00,7.6,8,90,11.9,0.0,0.0,0.0
2025-08-24 06:00:00,7.5,5,89,11.0,0.0,0.0,0.0
2025-08-24 07:00:00,8.2,3,85,8.6,0.0,0.0,104.5
2025-08-24 08:00:00,9.8,0,76,9.9,0.0,0.0,260.2
2025-08-24 09:00:00,11.7,3,67,11.3,0.0,0.0,425.3
2025-08-24 10:00:00,13.6,0,59,12.1,0.0,0.0,571.3
2025-08-24 11:00:00,15.6,20,49,15.6,0.0,0.0,685.6
2025-08-24 12:00:00,16.6,3,43,14.5,0.0,0.0,719.1
2025-08-24 13:00:00,17.7,0,35,14.7,0.0,0.0,766.3
2025-08-24 14:00:00,18.5,4,31,15.1,0.0,0.0,750.7
2025-08-24 15:00:00,19.1,75,28,17.0,0.0,0.0,622.7
2025-08-24 16:00:00,18.7,73,29,16.7,0.0,0.0,369.0
2025-08-24 17:00:00,18.6,33,30,16.3,0.0,0.0,295.5
2025-08-24 18:00:00,18.2,10,29,15.6,0.0,0.0,209.3
2025-08-24 19:00:00,17.5,25,33,9.8,0.0,0.0,73.7
2025-08-24 20:00:00,16.1,90,41,7.5,0.0,0.0,0.0
2025-08-24 21:00:00,15.5,58,47,9.1,0.0,0.0,0.0
2025-08-24 22:00:00,14.7,14,52,8.4,0.0,0.0,0.0
2025-08-24 23:00:00,14.1,4,55,8.9,0.0,0.0,0.0
2025-08-25 00:00:00,13.2,3,58,8.7,0.0,0.0,0.0
2025-08-25 01:00:00,12.4,29,62,8.5,0.0,0.0,0.0
2025-08-25 02:00:00,11.9,13,65,8.3,0.0,0.0,0.0
2025-08-25 03:00:00,11.1,2,70,8.1,0.0,0.0,0.0
2025-08-25 04:00:00,10.5,0,75,7.8,0.0,0.0,0.0
2025-08-25 05:00:00,10.0,1,77,8.3,0.0,0.0,0.0
2025-08-25 06:00:00,9.8,15,78,8.5,0.0,0.0,0.0
2025-08-25 07:00:00,10.8,44,73,9.0,0.0,0.0,102.7
2025-08-25 08:00:00,12.3,64,68,7.9,0.0,0.0,210.2
2025-08-25 09:00:00,13.5,51,65,10.5,0.0,0.0,319.1
2025-08-25 10:00:00,14.4,50,63,12.4,0.0,0.0,425.4
2025-08-25 11:00:00,16.3,33,52,17.0,0.2,0.0,545.3
2025-08-25 12:00:00,17.5,31,46,18.5,0.1,0.0,593.3
2025-08-25 13:00:00,18.9,74,40,18.6,0.0,0.0,676.9
2025-08-25 14:00:00,19.4,100,37,19.6,0.0,0.0,555.6
2025-08-25 15:00:00,18.9,98,40,20.2,0.0,0.0,378.7
2025-08-25 16:00:00,18.5,15,42,18.1,0.0,0.0,255.1
2025-08-25 17:00:00,19.0,53,40,17.4,0.0,0.0,298.4
2025-08-25 18:00:00,18.5,59,42,16.1,0.0,0.0,196.0
2025-08-25 19:00:00,17.3,91,49,10.7,0.0,0.0,64.2
2025-08-25 20:00:00,15.8,24,56,6.0,0.0,0.0,0.0
2025-08-25 21:00:00,14.5,8,66,4.3,0.0,0.0,0.0
2025-08-25 22:00:00,13.6,1,71,2.8,0.0,0.0,0.0
2025-08-25 23:00:00,12.9,14,73,1.8,0.0,0.0,0.0
2025-08-26 00:00:00,12.4,27,75,2.3,0.0,0.0,0.0
2025-08-26 01:00:00,11.8,8,78,1.4,0.0,0.0,0.0
2025-08-26 02:00:00,10.8,0,83,3.1,0.0,0.0,0.0
2025-08-26 03:00:00,9.5,0,85,3.5,0.0,0.0,0.0
2025-08-26 04:00:00,9.3,0,85,4.1,0.0,0.0,0.0
2025-08-26 05:00:00,9.3,0,84,4.7,0.0,0.0,0.0
2025-08-26 06:00:00,9.2,0,83,4.8,0.0,0.0,0.0
2025-08-26 07:00:00,10.6,0,77,4.3,0.0,0.0,102.8
2025-08-26 08:00:00,12.9,0,70,0.9,0.0,0.0,259.4
2025-08-26 09:00:00,15.3,0,59,2.0,0.0,0.0,424.1
2025-08-26 10:00:00,17.1,8,51,4.2,0.0,0.0,569.8
2025-08-26 11:00:00,18.6,0,46,5.8,0.0,0.0,679.6
2025-08-26 12:00:00,19.7,0,42,6.5,0.0,0.0,743.0
2025-08-26 13:00:00,20.6,0,38,8.5,0.0,0.0,760.1
2025-08-26 14:00:00,21.2,0,34,9.9,0.0,0.0,725.9
2025-08-26 15:00:00,22.3,29,33,10.4,0.0,0.0,608.8
2025-08-26 16:00:00,22.3,1,33,9.5,0.0,0.0,488.9
2025-08-26 17:00:00,22.3,1,34,8.4,0.0,0.0,380.0
2025-08-26 18:00:00,21.9,0,35,8.5,0.0,0.0,211.9
2025-08-26 19:00:00,21.0,0,38,8.1,0.0,0.0,65.9
2025-08-26 20:00:00,18.8,0,50,3.9,0.0,0.0,0.0
2025-08-26 21:00:00,17.8,0,51,6.5,0.0,0.0,0.0
2025-08-26 22:00:00,16.4,0,56,4.9,0.0,0.0,0.0
2025-08-26 23:00:00,15.8,0,59,6.0,0.0,0.0,0.0
2025-08-27 00:00:00,14.9,70,63,5.6,0.0,0.0,0.0
2025-08-27 01:00:00,14.4,100,65,5.8,0.0,0.0,0.0
2025-08-27 02:00:00,14.2,100,65,6.5,0.0,0.0,0.0
2025-08-27 03:00:00,12.7,98,71,7.6,0.0,0.0,0.0
2025-08-27 04:00:00,12.2,99,75,7.1,0.0,0.0,0.0
2025-08-27 05:00:00,11.9,100,77,6.5,0.0,0.0,0.0
2025-08-27 06:00:00,11.9,100,77,7.1,0.0,0.0,0.0
2025-08-27 07:00:00,12.7,100,75,8.1,0.0,0.0,85.9
2025-08-27 08:00:00,14.4,100,70,6.5,0.0,0.0,144.6
2025-08-27 09:00:00,17.1,95,61,4.0,0.0,0.0,276.5
2025-08-27 10:00:00,20.9,41,48,5.6,0.0,0.0,540.2
2025-08-27 11:00:00,23.4,5,40,8.4,0.0,0.0,661.7
2025-08-27 12:00:00,25.1,4,36,7.7,0.0,0.0,732.7
2025-08-27 13:00:00,26.4,0,33,8.1,0.0,0.0,746.9
2025-08-27 14:00:00,27.2,18,31,8.4,0.0,0.0,714.0
2025-08-27 15:00:00,28.0,97,27,10.4,0.0,0.0,629.2
2025-08-27 16:00:00,28.1,98,25,10.7,0.0,0.0,508.3
2025-08-27 17:00:00,27.9,74,25,11.5,0.0,0.0,347.6
2025-08-27 18:00:00,27.1,9,26,11.9,0.0,0.0,203.9
2025-08-27 19:00:00,24.7,11,38,12.5,0.0,0.0,60.4
2025-08-27 20:00:00,22.3,4,47,11.6,0.0,0.0,0.0
2025-08-27 21:00:00,21.0,0,51,9.1,0.0,0.0,0.0
2025-08-27 22:00:00,20.3,14,54,6.7,0.0,0.0,0.0
2025-08-27 23:00:00,19.7,65,57,8.3,0.0,0.0,0.0
2025-08-28 00:00:00,19.1,79,61,8.0,0.0,0.0,0.0
2025-08-28 01:00:00,18.3,80,64,7.4,0.0,0.0,0.0
2025-08-28 02:00:00,17.9,60,66,7.4,0.0,0.0,0.0
2025-08-28 03:00:00,16.3,61,72,8.0,0.0,0.0,0.0
2025-08-28 04:00:00,16.2,97,72,8.6,0.0,0.0,0.0
2025-08-28 05:00:00,16.2,17,72,9.1,0.0,0.0,0.0
2025-08-28 06:00:00,16.1,2,73,8.4,0.0,0.0,0.0
2025-08-28 07:00:00,16.9,2,70,8.1,0.0,0.0,93.6
2025-08-28 08:00:00,19.3,12,65,6.1,0.0,0.0,244.2
2025-08-28 09:00:00,22.2,54,56,5.0,0.0,0.0,406.5
2025-08-28 10:00:00,24.7,74,47,7.1,0.0,0.0,547.2
2025-08-28 11:00:00,27.1,36,37,10.0,0.0,0.0,650.2
2025-08-28 12:00:00,28.3,73,35,14.9,0.0,0.0,725.5
2025-08-28 13:00:00,29.7,47,26,21.0,0.0,0.0,740.8
2025-08-28 14:00:00,30.1,87,25,21.1,0.0,0.0,708.9
2025-08-28 15:00:00,31.1,91,22,20.7,0.0,0.0,616.6
2025-08-28 16:00:00,31.0,100,24,19.3,0.0,0.0,496.0
2025-08-28 17:00:00,30.1,100,27,21.1,0.0,0.0,342.6
2025-08-28 18:00:00,28.9,100,29,19.9,0.0,0.0,168.6
2025-08-28 19:00:00,28.0,33,30,15.5,0.0,0.0,40.7
2025-08-28 20:00:00,26.3,40,35,13.0,0.0,0.0,0.0
2025-08-28 21:00:00,24.9,24,39,12.9,0.0,0.0,0.0
2025-08-28 22:00:00,23.7,6,41,11.7,0.0,0.0,0.0
2025-08-28 23:00:00,22.7,8,42,10.5,0.0,0.0,0.0
2025-08-29 00:00:00,22.1,6,43,11.0,0.0,0.0,0.0
2025-08-29 01:00:00,21.7,2,44,11.7,0.0,0.0,0.0
2025-08-29 02:00:00,21.9,11,43,12.2,0.0,0.0,0.0
2025-08-29 03:00:00,21.5,76,45,10.5,0.0,0.0,0.0
2025-08-29 04:00:00,22.0,97,44,11.2,0.0,0.0,0.0
2025-08-29 05:00:00,22.3,57,44,11.5,0.0,0.0,0.0
2025-08-29 06:00:00,22.0,0,44,10.3,0.0,0.0,0.0
2025-08-29 07:00:00,21.9,11,46,8.4,0.0,0.0,89.9
2025-08-29 08:00:00,23.3,36,45,6.1,0.0,0.0,229.2
2025-08-29 09:00:00,24.9,77,40,6.6,0.0,0.0,290.3
2025-08-29 10:00:00,26.0,66,37,12.3,0.0,0.0,298.8
2025-08-29 11:00:00,27.3,88,35,19.6,0.0,0.0,492.6
2025-08-29 12:00:00,28.6,85,32,15.6,0.0,0.0,557.3
2025-08-29 13:00:00,30.5,33,29,26.2,0.0,0.0,698.6
2025-08-29 14:00:00,30.5,75,30,25.2,0.0,0.0,681.4
2025-08-29 15:00:00,30.4,58,30,23.1,0.0,0.0,563.4
2025-08-29 16:00:00,30.2,11,31,19.7,0.0,0.0,493.6
2025-08-29 17:00:00,29.7,54,33,17.2,0.0,0.0,348.6
2025-08-29 18:00:00,29.3,95,33,15.5,0.0,0.0,178.2
2025-08-29 19:00:00,28.4,89,36,14.3,0.0,0.0,41.3
2025-08-29 20:00:00,26.8,82,40,5.0,0.0,0.0,0.0
2025-08-29 21:00:00,25.8,100,50,0.3,0.0,0.0,0.0
2025-08-29 22:00:00,25.0,100,47,5.2,0.0,0.0,0.0
2025-08-29 23:00:00,23.9,100,50,8.0,0.1,0.0,0.0
2025-08-30 00:00:00,23.3,100,53,8.4,0.0,0.0,0.0
2025-08-30 01:00:00,22.3,100,61,14.5,0.4,0.0,0.0
2025-08-30 02:00:00,20.5,100,74,10.7,0.4,0.0,0.0
2025-08-30 03:00:00,19.1,98,81,3.4,0.0,0.0,0.0
2025-08-30 04:00:00,18.8,99,82,4.1,0.0,0.0,0.0
2025-08-30 05:00:00,18.8,44,81,5.9,0.0,0.0,0.0
2025-08-30 06:00:00,18.5,96,81,9.2,0.0,0.0,0.0
2025-08-30 07:00:00,18.7,0,79,11.7,0.0,0.0,69.6
2025-08-30 08:00:00,19.6,21,74,11.0,0.0,0.0,234.1
2025-08-30 09:00:00,20.6,14,68,14.4,0.0,0.0,388.8
2025-08-30 10:00:00,22.2,64,61,19.8,0.0,0.0,521.2
2025-08-30 11:00:00,23.0,100,57,17.2,0.0,0.0,514.0
2025-08-30 12:00:00,23.7,96,54,15.7,0.0,0.0,470.6
2025-08-30 13:00:00,24.9,40,50,13.0,0.0,0.0,551.2
2025-08-30 14:00:00,26.0,72,45,12.8,0.0,0.0,591.7
2025-08-30 15:00:00,25.7,90,44,10.7,0.0,0.0,570.6
2025-08-30 16:00:00,25.8,100,42,9.3,0.0,0.0,465.1
2025-08-30 17:00:00,25.7,50,41,6.7,0.0,0.0,255.4
2025-08-30 18:00:00,24.7,100,44,9.9,0.0,0.0,180.2
2025-08-30 19:00:00,22.7,100,55,10.6,0.0,0.0,31.2
2025-08-30 20:00:00,22.0,100,57,11.6,0.0,0.0,0.0
2025-08-30 21:00:00,21.0,100,60,9.8,0.1,0.0,0.0
2025-08-30 22:00:00,19.6,100,70,12.1,1.2,0.0,0.0
2025-08-30 23:00:00,17.9,100,91,10.2,2.1,0.0,0.0
2025-08-31 00:00:00,17.6,100,94,6.2,1.9,0.0,0.0
2025-08-31 01:00:00,17.7,100,94,4.6,1.2,0.0,0.0
2025-08-31 02:00:00,17.6,100,95,3.0,1.2,0.0,0.0
2025-08-31 03:00:00,16.8,100,95,5.9,0.4,0.0,0.0
2025-08-31 04:00:00,16.6,100,97,5.1,0.3,0.0,0.0
2025-08-31 05:00:00,16.5,100,97,8.2,0.7,0.0,0.0
2025-08-31 06:00:00,16.4,100,95,8.8,0.1,0.0,0.0
2025-08-31 07:00:00,16.4,100,94,9.2,0.0,0.0,14.7
2025-08-31 08:00:00,16.7,100,94,10.2,0.5,0.0,50.8
2025-08-31 09:00:00,16.7,99,95,9.5,0.7,0.0,73.4
2025-08-31 10:00:00,17.5,100,90,10.8,0.1,0.0,163.5
2025-08-31 11:00:00,18.4,100,82,11.7,0.0,0.0,246.4
2025-08-31 12:00:00,18.9,100,77,9.9,0.1,0.0,203.3
2025-08-31 13:00:00,20.5,100,69,12.2,0.0,0.0,397.8
2025-08-31 14:00:00,21.3,100,66,12.1,0.1,0.0,431.9
2025-08-31 15:00:00,21.7,100,59,10.7,0.0,0.0,319.9
2025-08-31 16:00:00,21.8,98,61,9.4,0.0,0.0,207.5
2025-08-31 17:00:00,21.4,74,64,10.5,0.0,0.0,203.1
2025-08-31 18:00:00,21.1,12,67,8.5,0.0,0.0,117.9
2025-08-31 19:00:00,20.0,16,74,4.8,0.0,0.0,36.2
2025-08-31 20:00:00,18.6,20,80,4.0,0.0,0.0,0.0
2025-08-31 21:00:00,18.0,5,82,4.2,0.0,0.0,0.0
2025-08-31 22:00:00,17.3,19,85,3.8,0.0,0.0,0.0
2025-08-31 23:00:00,17.0,2,86,4.1,0.0,0.0,0.0
2025-09-01 00:00:00,16.5,2,87,4.2,0.0,0.0,0.0
2025-09-01 01:00:00,16.2,0,88,4.4,0.0,0.0,0.0
2025-09-01 02:00:00,16.0,2,88,4.3,0.0,0.0,0.0
2025-09-01 03:00:00,15.5,5,90,4.6,0.0,0.0,0.0
2025-09-01 04:00:00,15.4,26,91,5.7,0.0,0.0,0.0
2025-09-01 05:00:00,15.3,48,92,5.2,0.0,0.0,0.0
2025-09-01 06:00:00,15.3,2,92,5.3,0.0,0.0,0.0
2025-09-01 07:00:00,15.7,0,92,7.5,0.0,0.0,77.6
2025-09-01 08:00:00,17.0,7,89,6.5,0.0,0.0,220.0
2025-09-01 09:00:00,18.9,0,85,6.5,0.0,0.0,376.9
2025-09-01 10:00:00,20.9,25,75,8.8,0.0,0.0,523.1
2025-09-01 11:00:00,22.2,39,68,8.7,0.0,0.0,553.8
2025-09-01 12:00:00,23.4,36,62,7.1,0.0,0.0,586.3
2025-09-01 13:00:00,24.2,4,60,6.2,0.0,0.0,673.3
2025-09-01 14:00:00,24.8,7,59,6.2,0.0,0.0,658.3
2025-09-01 15:00:00,25.4,15,56,8.0,0.0,0.0,580.2
2025-09-01 16:00:00,25.3,30,56,6.7,0.0,0.0,439.7
2025-09-01 17:00:00,25.0,48,58,5.5,0.1,0.0,286.3
2025-09-01 18:00:00,24.2,18,65,4.1,0.0,0.0,117.9
2025-09-01 19:00:00,23.0,5,71,6.5,0.0,0.0,35.3
2025-09-01 20:00:00,21.6,7,77,9.2,0.0,0.0,0.0
2025-09-01 21:00:00,20.6,2,82,9.2,0.0,0.0,0.0
2025-09-01 22:00:00,19.8,2,86,8.7,0.0,0.0,0.0
2025-09-01 23:00:00,19.2,0,88,9.0,0.0,0.0,0.0
2025-09-02 00:00:00,18.8,0,90,8.4,0.0,0.0,0.0
2025-09-02 01:00:00,18.3,0,92,6.5,0.0,0.0,0.0
2025-09-02 02:00:00,17.7,3,94,4.4,0.0,0.0,0.0
2025-09-02 03:00:00,16.7,7,95,3.8,0.0,0.0,0.0
2025-09-02 04:00:00,16.5,0,95,4.5,0.0,0.0,0.0
2025-09-02 05:00:00,16.4,0,94,6.1,0.0,0.0,0.0
2025-09-02 06:00:00,16.3,2,94,7.2,0.0,0.0,0.0
2025-09-02 07:00:00,16.6,24,94,9.0,0.0,0.0,81.9
2025-09-02 08:00:00,18.1,35,91,7.8,0.0,0.0,221.0
2025-09-02 09:00:00,20.7,21,83,7.1,0.0,0.0,369.2
2025-09-02 10:00:00,22.8,30,68,8.6,0.0,0.0,453.3
2025-09-02 11:00:00,24.3,23,57,11.3,0.1,0.0,567.9
2025-09-02 12:00:00,25.4,65,53,16.1,0.0,0.0,657.6
2025-09-02 13:00:00,25.9,62,49,16.5,0.0,0.0,620.1
2025-09-02 14:00:00,26.2,98,46,16.7,0.0,0.0,484.1
2025-09-02 15:00:00,26.3,35,50,12.4,0.2,0.0,553.5
2025-09-02 16:00:00,24.6,65,62,12.2,1.1,0.0,459.8
2025-09-02 17:00:00,25.1,77,57,8.4,0.0,0.0,282.2
2025-09-02 18:00:00,23.9,96,64,10.7,0.0,0.0,161.3
2025-09-02 19:00:00,21.0,95,79,8.5,0.0,0.0,28.5
2025-09-02 20:00:00,20.0,63,85,3.8,0.0,0.0,0.0
2025-09-02 21:00:00,19.3,99,88,6.4,0.0,0.0,0.0
2025-09-02 22:00:00,19.0,100,90,5.5,0.0,0.0,0.0
2025-09-02 23:00:00,18.6,100,92,5.2,0.0,0.0,0.0
2025-09-03 00:00:00,18.3,99,92,5.1,0.0,0.0,0.0
2025-09-03 01:00:00,17.9,97,93,5.6,0.0,0.0,0.0
2025-09-03 02:00:00,17.5,100,95,4.2,0.1,0.0,0.0
2025-09-03 03:00:00,16.8,100,96,8.3,0.6,0.0,0.0
2025-09-03 04:00:00,16.5,100,98,5.9,1.8,0.0,0.0
2025-09-03 05:00:00,16.1,100,98,7.7,2.9,0.0,0.0
2025-09-03 06:00:00,16.0,100,98,3.4,3.0,0.0,0.0
2025-09-03 07:00:00,16.1,100,97,0.6,2.2,0.0,9.1
2025-09-03 08:00:00,16.2,100,96,2.6,1.2,0.0,42.0
2025-09-03 09:00:00,17.1,99,89,3.1,0.2,0.0,211.6
2025-09-03 10:00:00,18.3,74,80,5.5,0.0,0.0,385.6
2025-09-03 11:00:00,19.9,66,70,5.9,0.0,0.0,561.6
2025-09-03 12:00:00,20.9,53,66,5.0,0.0,0.0,577.1
2025-09-03 13:00:00,21.8,94,62,3.7,0.0,0.0,616.0
2025-09-03 14:00:00,22.1,100,60,3.5,0.0,0.0,492.7
2025-09-03 15:00:00,21.5,94,60,3.8,0.0,0.0,281.7
2025-09-03 16:00:00,21.8,2,58,2.1,0.0,0.0,285.8
2025-09-03 17:00:00,22.1,4,57,1.1,0.0,0.0,286.5
2025-09-03 18:00:00,21.9,5,59,2.5,0.0,0.0,158.6
2025-09-03 19:00:00,20.1,3,73,4.2,0.0,0.0,29.8
2025-09-03 20:00:00,18.9,0,77,4.7,0.0,0.0,0.0
2025-09-03 21:00:00,18.5,0,77,4.0,0.0,0.0,0.0
2025-09-03 22:00:00,18.3,0,77,5.9,0.0,0.0,0.0
2025-09-03 23:00:00,17.5,0,81,6.2,0.0,0.0,0.0
2025-09-04 00:00:00,16.8,0,87,4.8,0.0,0.0,0.0
2025-09-04 01:00:00,16.6,0,89,6.7,0.0,0.0,0.0
2025-09-04 02:00:00,16.4,0,91,6.2,0.0,0.0,0.0
2025-09-04 03:00:00,15.6,0,91,5.8,0.0,0.0,0.0
2025-09-04 04:00:00,15.2,0,92,6.3,0.0,0.0,0.0
2025-09-04 05:00:00,15.1,0,93,7.1,0.0,0.0,0.0
2025-09-04 06:00:00,14.7,0,94,4.7,0.0,0.0,0.0
2025-09-04 07:00:00,15.3,0,93,5.4,0.0,0.0,75.0
2025-09-04 08:00:00,16.9,0,90,4.9,0.0,0.0,220.3
2025-09-04 09:00:00,18.7,4,86,5.1,0.0,0.0,379.9
2025-09-04 10:00:00,20.5,1,81,4.3,0.0,0.0,515.2
2025-09-04 11:00:00,22.1,0,76,3.7,0.0,0.0,625.9
2025-09-04 12:00:00,23.5,0,71,1.3,0.0,0.0,692.8
2025-09-04 13:00:00,24.6,0,62,1.3,0.0,0.0,698.1
2025-09-04 14:00:00,25.3,0,58,0.7,0.0,0.0,668.3
2025-09-04 15:00:00,26.1,7,54,0.0,0.0,0.0,578.1
2025-09-04 16:00:00,26.2,3,53,0.7,0.0,0.0,457.8
2025-09-04 17:00:00,26.1,3,53,3.4,0.0,0.0,313.4
2025-09-04 18:00:00,25.3,13,59,5.3,0.0,0.0,160.4
2025-09-04 19:00:00,22.8,6,71,8.2,0.0,0.0,26.9
2025-09-04 20:00:00,20.8,2,82,5.7,0.0,0.0,0.0
2025-09-04 21:00:00,20.1,2,85,6.1,0.0,0.0,0.0
2025-09-04 22:00:00,19.7,7,87,6.4,0.0,0.0,0.0
2025-09-04 23:00:00,19.3,1,88,7.1,0.0,0.0,0.0
2025-09-05 00:00:00,18.9,0,89,7.5,0.0,0.0,0.0
2025-09-05 01:00:00,18.6,1,90,7.9,0.0,0.0,0.0
2025-09-05 02:00:00,18.3,0,91,6.9,0.0,0.0,0.0
2025-09-05 03:00:00,18.1,24,92,6.6,0.0,0.0,0.0
2025-09-05 04:00:00,17.8,0,92,6.5,0.0,0.0,0.0
2025-09-05 05:00:00,17.5,0,93,7.1,0.0,0.0,0.0
2025-09-05 06:00:00,17.4,2,92,7.1,0.0,0.0,0.0
2025-09-05 07:00:00,17.9,16,90,8.0,0.0,0.0,69.9
2025-09-05 08:00:00,19.8,4,83,5.5,0.0,0.0,203.6
2025-09-05 09:00:00,22.0,3,79,5.0,0.0,0.0,363.8
2025-09-05 10:00:00,24.3,6,70,5.9,0.0,0.0,505.6
2025-09-05 11:00:00,25.6,3,63,7.6,0.0,0.0,614.3
2025-09-05 12:00:00,26.9,27,58,8.4,0.0,0.0,651.5
2025-09-05 13:00:00,24.4,90,67,12.5,4.2,0.0,630.9
2025-09-05 14:00:00,21.7,100,79,3.4,6.2,0.0,342.8
2025-09-05 15:00:00,25.7,44,56,10.3,0.0,0.0,294.5
2025-09-05 16:00:00,25.7,30,54,6.9,0.4,0.0,417.8
2025-09-05 17:00:00,25.1,37,56,9.7,0.1,0.0,259.1
2025-09-05 18:00:00,23.6,31,65,8.0,0.0,0.0,140.4
2025-09-05 19:00:00,22.1,27,71,9.3,0.0,0.0,21.0
2025-09-05 20:00:00,20.8,23,75,9.7,0.0,0.0,0.0
2025-09-05 21:00:00,19.8,28,79,10.6,0.0,0.0,0.0
2025-09-05 22:00:00,19.0,15,83,8.9,0.0,0.0,0.0
2025-09-05 23:00:00,18.2,26,86,9.0,0.0,0.0,0.0
2025-09-06 00:00:00,17.8,75,88,7.3,0.0,0.0,0.0
2025-09-06 01:00:00,17.7,31,88,7.5,0.0,0.0,0.0
2025-09-06 02:00:00,17.3,72,90,6.9,0.0,0.0,0.0
2025-09-06 03:00:00,16.7,98,91,3.5,1.4,0.0,0.0
2025-09-06 04:00:00,16.4,100,94,3.5,0.1,0.0,0.0
2025-09-06 05:00:00,16.3,90,95,7.0,0.0,0.0,0.0
2025-09-06 06:00:00,15.9,100,95,7.8,0.0,0.0,0.0
2025-09-06 07:00:00,15.9,100,95,7.7,0.0,0.0,24.9
2025-09-06 08:00:00,16.1,100,93,9.3,0.0,0.0,54.9
2025-09-06 09:00:00,16.3,100,92,10.4,0.2,0.0,90.8
2025-09-06 10:00:00,16.8,100,89,12.8,0.2,0.0,155.2
2025-09-06 11:00:00,16.8,100,88,13.6,0.1,0.0,150.7
2025-09-06 12:00:00,17.0,100,85,15.1,0.1,0.0,179.7
2025-09-06 13:00:00,16.9,100,84,17.0,0.0,0.0,137.2
2025-09-06 14:00:00,17.7,80,79,16.1,0.0,0.0,232.0
2025-09-06 15:00:00,18.3,72,72,13.4,0.1,0.0,255.8
2025-09-06 16:00:00,18.9,33,69,13.3,0.0,0.0,353.6
2025-09-06 17:00:00,18.8,34,68,11.8,0.0,0.0,273.4
2025-09-06 18:00:00,18.1,14,69,11.1,0.0,0.0,134.2
2025-09-06 19:00:00,16.9,7,74,9.2,0.0,0.0,19.6
2025-09-06 20:00:00,15.7,3,80,7.6,0.0,0.0,0.0
2025-09-06 21:00:00,14.9,0,83,7.8,0.0,0.0,0.0
2025-09-06 22:00:00,14.2,5,86,8.3,0.0,0.0,0.0
2025-09-06 23:00:00,13.6,1,89,7.1,0.0,0.0,0.0
2025-09-07 00:00:00,13.1,0,91,5.8,0.0,0.0,0.0
2025-09-07 01:00:00,12.7,0,93,5.0,0.0,0.0,0.0
2025-09-07 02:00:00,12.1,0,95,3.7,0.0,0.0,0.0
2025-09-07 03:00:00,11.8,10,96,4.7,0.0,0.0,0.0
2025-09-07 04:00:00,11.8,100,96,4.3,0.0,0.0,0.0
2025-09-07 05:00:00,12.3,100,96,3.4,0.0,0.0,0.0
2025-09-07 06:00:00,12.6,100,97,3.3,0.0,0.0,0.0
2025-09-07 07:00:00,13.0,100,94,4.9,0.0,0.0,25.6
2025-09-07 08:00:00,13.3,100,92,4.9,0.0,0.0,59.4
2025-09-07 09:00:00,13.9,100,89,4.3,0.1,0.0,130.5
2025-09-07 10:00:00,14.7,100,84,5.5,0.1,0.0,176.6
2025-09-07 11:00:00,15.8,100,78,5.1,0.2,0.0,239.5
2025-09-07 12:00:00,16.6,100,74,5.5,0.1,0.0,253.0
2025-09-07 13:00:00,17.6,100,70,5.4,0.1,0.0,342.4
2025-09-07 14:00:00,18.5,87,65,5.0,0.0,0.0,370.6
2025-09-07 15:00:00,18.2,100,65,6.0,0.0,0.0,294.0
2025-09-07 16:00:00,18.2,98,65,5.8,0.0,0.0,206.5
2025-09-07 17:00:00,18.3,8,63,5.8,0.0,0.0,171.2
2025-09-07 18:00:00,18.2,19,65,6.3,0.0,0.0,130.2
2025-09-07 19:00:00,16.9,25,72,6.3,0.0,0.0,15.5
2025-09-07 20:00:00,16.0,2,77,7.6,0.0,0.0,0.0
2025-09-07 21:00:00,15.3,0,81,8.3,0.0,0.0,0.0
2025-09-07 22:00:00,14.9,0,84,8.3,0.0,0.0,0.0
2025-09-07 23:00:00,14.4,1,86,7.6,0.0,0.0,0.0
2025-09-08 00:00:00,14.0,8,89,8.0,0.0,0.0,0.0
2025-09-08 01:00:00,13.8,8,90,8.3,0.0,0.0,0.0
2025-09-08 02:00:00,13.7,26,91,8.9,0.0,0.0,0.0
2025-09-08 03:00:00,13.7,100,91,9.8,0.0,0.0,0.0
2025-09-08 04:00:00,14.3,9,91,9.0,0.0,0.0,0.0
2025-09-08 05:00:00,14.1,33,94,6.5,0.0,0.0,0.0
2025-09-08 06:00:00,13.8,15,95,3.8,0.0,0.0,0.0
2025-09-08 07:00:00,14.3,14,96,4.3,0.0,0.0,60.9
2025-09-08 08:00:00,15.5,33,92,7.1,0.0,0.0,199.9
2025-09-08 09:00:00,16.7,49,86,7.1,0.0,0.0,333.3
2025-09-08 10:00:00,18.0,25,82,0.0,0.0,0.0,400.4
2025-09-08 11:00:00,19.9,59,72,4.8,0.0,0.0,553.9
2025-09-08 12:00:00,21.0,77,67,4.0,0.0,0.0,553.5
2025-09-08 13:00:00,21.7,69,64,3.8,0.0,0.0,529.5
2025-09-08 14:00:00,20.4,83,69,8.2,0.1,0.0,491.7
2025-09-08 15:00:00,21.5,68,70,6.0,0.1,0.0,470.7
2025-09-08 16:00:00,20.2,66,75,6.9,1.2,0.0,342.8
2025-09-08 17:00:00,17.6,94,86,7.3,3.2,0.0,205.5
2025-09-08 18:00:00,17.2,65,87,11.7,0.0,0.0,58.9
2025-09-08 19:00:00,16.5,36,93,6.1,0.0,0.0,11.6
2025-09-08 20:00:00,15.9,91,95,3.8,0.0,0.0,0.0
2025-09-08 21:00:00,15.6,97,97,6.9,0.0,0.0,0.0
2025-09-08 22:00:00,15.6,100,96,7.5,0.0,0.0,0.0
2025-09-08 23:00:00,15.7,100,96,10.1,0.0,0.0,0.0
2025-09-09 00:00:00,15.5,99,97,7.2,0.0,0.0,0.0
2025-09-09 01:00:00,15.2,100,97,6.2,0.0,0.0,0.0
2025-09-09 02:00:00,15.3,97,97,4.1,0.0,0.0,0.0
2025-09-09 03:00:00,15.0,98,93,8.3,0.1,0.0,0.0
2025-09-09 04:00:00,14.8,74,95,7.7,0.5,0.0,0.0
2025-09-09 05:00:00,13.7,26,96,4.0,0.4,0.0,0.0
2025-09-09 06:00:00,13.6,15,97,6.5,0.0,0.0,0.0
2025-09-09 07:00:00,13.7,49,95,8.0,0.0,0.0,54.8
2025-09-09 08:00:00,14.7,100,93,8.1,0.0,0.0,192.6
2025-09-09 09:00:00,15.9,100,89,7.7,0.1,0.0,271.5
2025-09-09 10:00:00,16.8,100,83,6.4,0.1,0.0,270.9
2025-09-09 11:00:00,17.9,100,76,5.4,0.2,0.0,315.6
2025-09-09 12:00:00,18.5,100,73,5.0,0.1,0.0,325.3
2025-09-09 13:00:00,19.3,92,70,5.0,0.0,0.0,324.2
2025-09-09 14:00:00,20.4,95,64,5.4,0.0,0.0,446.0
2025-09-09 15:00:00,21.8,15,61,7.7,0.0,0.0,473.1
2025-09-09 16:00:00,22.0,31,59,7.9,0.0,0.0,402.1
2025-09-09 17:00:00,21.8,18,60,7.7,0.0,0.0,249.4
2025-09-09 18:00:00,21.0,13,67,6.3,0.0,0.0,120.1
2025-09-09 19:00:00,19.4,11,76,9.1,0.0,0.0,8.2
2025-09-09 20:00:00,18.3,7,82,9.9,0.0,0.0,0.0
2025-09-09 21:00:00,17.4,3,86,8.8,0.0,0.0,0.0
2025-09-09 22:00:00,16.7,67,89,8.3,0.0,0.0,0.0
2025-09-09 23:00:00,16.4,71,90,9.0,0.0,0.0,0.0
2025-09-10 00:00:00,15.9,2,91,9.9,0.0,0.0,0.0
2025-09-10 01:00:00,15.5,100,92,9.0,0.0,0.0,0.0
2025-09-10 02:00:00,15.2,100,92,8.0,0.0,0.0,0.0
2025-09-10 03:00:00,14.7,100,93,8.4,0.0,0.0,0.0
2025-09-10 04:00:00,14.5,29,93,7.1,0.0,0.0,0.0
2025-09-10 05:00:00,14.2,11,94,6.6,0.0,0.0,0.0
2025-09-10 06:00:00,13.9,4,95,7.0,0.0,0.0,0.0
2025-09-10 07:00:00,13.9,28,95,7.8,0.0,0.0,59.5
2025-09-10 08:00:00,15.2,75,92,5.6,0.0,0.0,185.3
2025-09-10 09:00:00,17.2,100,86,4.6,0.0,0.0,344.2
2025-09-10 10:00:00,19.1,11,77,5.3,0.0,0.0,443.6
2025-09-10 11:00:00,21.2,43,67,4.4,0.0,0.0,601.4
2025-09-10 12:00:00,22.7,99,59,5.1,0.0,0.0,653.7
2025-09-10 13:00:00,22.9,34,55,7.9,0.0,0.0,471.2
2025-09-10 14:00:00,23.8,94,51,9.2,0.0,0.0,617.3
2025-09-10 15:00:00,24.2,100,46,11.9,0.0,0.0,541.9
2025-09-10 16:00:00,23.9,100,48,13.1,0.0,0.0,377.4
2025-09-10 17:00:00,23.0,100,55,13.7,0.0,0.0,182.7
2025-09-10 18:00:00,21.9,100,62,15.3,0.0,0.0,70.7
2025-09-10 19:00:00,21.0,100,64,13.3,0.0,0.0,2.8
2025-09-10 20:00:00,20.5,100,64,13.4,0.0,0.0,0.0
2025-09-10 21:00:00,19.5,100,68,10.6,0.0,0.0,0.0
2025-09-10 22:00:00,18.3,100,76,7.6,0.3,0.0,0.0
2025-09-10 23:00:00,17.4,100,81,11.8,0.8,0.0,0.0
2025-09-11 00:00:00,16.3,100,93,13.7,1.2,0.0,0.0
2025-09-11 01:00:00,16.5,100,95,13.8,1.2,0.0,0.0
2025-09-11 02:00:00,16.6,100,95,16.7,3.0,0.0,0.0
2025-09-11 03:00:00,16.7,100,96,17.1,1.7,0.0,0.0
2025-09-11 04:00:00,16.7,100,96,13.7,2.4,0.0,0.0
2025-09-11 05:00:00,16.9,100,96,14.1,0.7,0.0,0.0
2025-09-11 06:00:00,16.9,100,97,12.3,3.2,0.0,0.0
2025-09-11 07:00:00,16.9,100,97,12.2,0.7,0.0,8.8
2025-09-11 08:00:00,17.2,100,96,15.6,0.4,0.0,19.8
2025-09-11 09:00:00,16.7,100,93,16.0,0.1,0.0,76.0
2025-09-11 10:00:00,17.3,100,84,15.1,0.0,0.0,224.2
2025-09-11 11:00:00,18.6,95,74,12.6,0.0,0.0,399.3
2025-09-11 12:00:00,19.6,98,66,10.8,0.0,0.0,517.4
2025-09-11 13:00:00,20.3,90,62,9.2,0.0,0.0,526.2
2025-09-11 14:00:00,21.0,58,58,8.7,0.0,0.0,486.2
2025-09-11 15:00:00,20.6,100,62,8.4,0.0,0.0,392.1
2025-09-11 16:00:00,20.6,91,63,7.8,0.0,0.0,256.0
2025-09-11 17:00:00,20.4,72,66,8.1,0.0,0.0,217.4
2025-09-11 18:00:00,19.6,18,73,4.0,0.0,0.0,102.5
2025-09-11 19:00:00,18.2,9,80,1.5,0.0,0.0,1.8
2025-09-11 20:00:00,17.3,1,83,4.2,0.0,0.0,0.0
2025-09-11 21:00:00,17.0,1,84,7.0,0.0,0.0,0.0
2025-09-11 22:00:00,16.3,0,86,6.9,0.0,0.0,0.0
2025-09-11 23:00:00,16.1,0,81,7.3,0.0,0.0,0.0
2025-09-12 00:00:00,15.9,0,79,8.6,0.0,0.0,0.0
2025-09-12 01:00:00,15.6,0,80,9.3,0.0,0.0,0.0
2025-09-12 02:00:00,15.1,0,82,8.6,0.0,0.0,0.0
2025-09-12 03:00:00,14.0,0,87,5.4,0.0,0.0,0.0
2025-09-12 04:00:00,13.5,3,89,5.2,0.0,0.0,0.0
2025-09-12 05:00:00,13.1,1,90,4.7,0.0,0.0,0.0
2025-09-12 06:00:00,12.6,2,91,3.6,0.0,0.0,0.0
2025-09-12 07:00:00,13.0,6,92,2.9,0.0,0.0,54.9
2025-09-12 08:00:00,14.7,0,88,2.4,0.0,0.0,180.5
2025-09-12 09:00:00,17.0,19,81,1.5,0.0,0.0,344.3
2025-09-12 10:00:00,18.9,74,69,0.8,0.0,0.0,464.6
2025-09-12 11:00:00,19.8,97,63,2.2,0.0,0.0,505.4
2025-09-12 12:00:00,20.1,85,62,3.2,0.0,0.0,372.9
2025-09-12 13:00:00,20.3,97,63,5.3,0.0,0.0,293.0
2025-09-12 14:00:00,19.6,100,66,8.0,0.0,0.0,224.6
2025-09-12 15:00:00,21.1,48,55,5.7,0.0,0.0,524.2
2025-09-12 16:00:00,21.2,7,56,4.4,0.0,0.0,378.0
2025-09-12 17:00:00,21.0,10,58,3.8,0.0,0.0,269.7
2025-09-12 18:00:00,20.4,24,67,2.1,0.0,0.0,118.7
2025-09-12 19:00:00,18.4,63,77,4.8,0.0,0.0,0.0
2025-09-12 20:00:00,17.8,45,79,5.0,0.0,0.0,0.0
2025-09-12 21:00:00,17.0,63,82,7.4,0.0,0.0,0.0
2025-09-12 22:00:00,15.9,39,88,8.3,0.0,0.0,0.0
2025-09-12 23:00:00,15.3,35,90,5.8,0.0,0.0,0.0
2025-09-13 00:00:00,14.7,49,93,4.9,0.0,0.0,0.0
2025-09-13 01:00:00,14.0,62,95,3.8,0.0,0.0,0.0
2025-09-13 02:00:00,13.4,89,96,3.2,0.0,0.0,0.0
2025-09-13 03:00:00,13.1,97,97,2.6,0.0,0.0,0.0
2025-09-13 04:00:00,12.9,100,98,3.5,0.0,0.0,0.0
2025-09-13 05:00:00,13.1,100,98,3.8,0.0,0.0,0.0
2025-09-13 06:00:00,12.8,100,99,2.6,0.0,0.0,0.0
2025-09-13 07:00:00,13.5,100,100,6.2,0.0,0.0,31.7
2025-09-13 08:00:00,14.4,100,97,6.0,0.0,0.0,103.0
2025-09-13 09:00:00,16.0,100,91,5.2,0.0,0.0,204.6
2025-09-13 10:00:00,17.4,98,87,2.9,0.0,0.0,303.2
2025-09-13 11:00:00,18.8,91,81,3.9,0.0,0.0,434.9
2025-09-13 12:00:00,19.4,100,81,3.4,0.7,0.0,342.9
2025-09-13 13:00:00,18.9,100,84,2.2,0.1,0.0,142.0
2025-09-13 14:00:00,19.3,71,83,3.1,0.0,0.0,211.0
2025-09-13 15:00:00,21.3,100,74,5.0,0.0,0.0,485.5
2025-09-13 16:00:00,18.8,100,82,11.2,2.0,0.0,283.5
2025-09-13 17:00:00,17.6,100,91,5.4,0.6,0.0,43.2
2025-09-13 18:00:00,17.6,77,90,5.6,0.0,0.0,70.2
2025-09-13 19:00:00,16.7,67,94,4.6,0.0,0.0,0.0
2025-09-13 20:00:00,16.6,82,95,5.4,0.0,0.0,0.0
2025-09-13 21:00:00,16.2,96,95,4.8,0.0,0.0,0.0
2025-09-13 22:00:00,15.5,90,95,4.0,0.0,0.0,0.0
2025-09-13 23:00:00,15.3,100,96,2.2,0.0,0.0,0.0
2025-09-14 00:00:00,15.1,100,97,0.9,0.0,0.0,0.0
2025-09-14 01:00:00,14.8,100,98,2.0,0.0,0.0,0.0
2025-09-14 02:00:00,15.2,100,98,4.4,0.7,0.0,0.0
2025-09-14 03:00:00,15.4,100,95,5.3,1.1,0.0,0.0
2025-09-14 04:00:00,15.2,100,97,5.9,0.4,0.0,0.0
2025-09-14 05:00:00,15.0,100,97,5.6,0.4,0.0,0.0
2025-09-14 06:00:00,14.9,100,97,4.7,0.7,0.0,0.0
2025-09-14 07:00:00,14.6,100,97,4.9,0.8,0.0,13.2
2025-09-14 08:00:00,14.8,100,96,7.1,2.2,0.0,30.2
2025-09-14 09:00:00,15.0,100,97,4.6,1.7,0.0,29.1
2025-09-14 10:00:00,15.4,100,98,6.5,2.6,0.0,59.6
2025-09-14 11:00:00,16.0,100,98,6.3,2.2,0.0,97.5
2025-09-14 12:00:00,16.3,100,97,6.4,1.7,0.0,95.0
2025-09-14 13:00:00,16.5,100,95,7.4,0.7,0.0,136.0
2025-09-14 14:00:00,16.5,100,94,8.1,1.0,0.0,153.8
2025-09-14 15:00:00,15.9,100,92,10.0,1.2,0.0,87.5
2025-09-14 16:00:00,16.4,100,90,10.8,0.1,0.0,188.4
2025-09-14 17:00:00,17.0,67,79,12.5,0.0,0.0,183.3
2025-09-14 18:00:00,16.7,94,81,8.3,0.0,0.0,86.2
2025-09-14 19:00:00,15.8,100,85,7.0,0.0,0.0,0.0
2025-09-14 20:00:00,14.3,99,90,10.9,0.8,0.0,0.0
2025-09-14 21:00:00,13.5,92,96,11.9,1.9,0.0,0.0
2025-09-14 22:00:00,13.4,33,97,10.8,0.1,0.0,0.0
2025-09-14 23:00:00,13.0,23,96,11.4,0.0,0.0,0.0
2025-09-15 00:00:00,12.5,23,96,9.6,0.0,0.0,0.0
2025-09-15 01:00:00,12.2,74,96,9.4,0.0,0.0,0.0
2025-09-15 02:00:00,12.0,63,95,9.9,0.1,0.0,0.0
2025-09-15 03:00:00,11.7,41,98,8.8,0.0,0.0,0.0
2025-09-15 04:00:00,11.5,15,97,8.5,0.0,0.0,0.0
2025-09-15 05:00:00,11.2,87,97,8.4,0.0,0.0,0.0
2025-09-15 06:00:00,10.7,35,98,7.2,0.0,0.0,0.0
2025-09-15 07:00:00,10.8,11,98,9.7,0.0,0.0,44.8
2025-09-15 08:00:00,12.0,3,94,8.7,0.0,0.0,176.9
2025-09-15 09:00:00,13.5,39,88,10.4,0.0,0.0,337.9
2025-09-15 10:00:00,15.1,2,77,11.0,0.0,0.0,396.0
2025-09-15 11:00:00,17.2,22,64,11.6,0.0,0.0,586.3
2025-09-15 12:00:00,18.9,58,59,11.9,0.0,0.0,640.5
2025-09-15 13:00:00,20.1,97,57,13.4,0.0,0.0,611.7
2025-09-15 14:00:00,20.9,97,56,15.4,0.0,0.0,557.8
2025-09-15 15:00:00,20.5,32,60,18.2,0.0,0.0,470.7
2025-09-15 16:00:00,21.2,50,60,21.1,0.0,0.0,385.8
2025-09-15 17:00:00,20.9,48,65,17.1,0.0,0.0,196.4
2025-09-15 18:00:00,19.5,95,72,14.9,0.0,0.0,83.0
2025-09-15 19:00:00,18.7,100,77,16.0,0.0,0.0,0.0
2025-09-15 20:00:00,18.4,93,79,16.6,0.0,0.0,0.0
2025-09-15 21:00:00,17.9,99,83,11.4,0.2,0.0,0.0
2025-09-15 22:00:00,17.9,23,82,13.0,0.0,0.0,0.0
2025-09-15 23:00:00,17.8,2,82,14.0,0.0,0.0,0.0
2025-09-16 00:00:00,17.6,3,84,15.3,0.0,0.0,0.0
2025-09-16 01:00:00,17.4,4,87,14.8,0.0,0.0,0.0
2025-09-16 02:00:00,17.1,100,89,12.2,0.0,0.0,0.0
2025-09-16 03:00:00,16.4,96,89,13.4,1.7,0.0,0.0
2025-09-16 04:00:00,15.8,100,93,13.5,0.4,0.0,0.0
2025-09-16 05:00:00,15.7,100,96,14.3,3.7,0.0,0.0
2025-09-16 06:00:00,15.9,100,95,17.9,0.3,0.0,0.0
2025-09-16 07:00:00,15.8,100,95,15.1,0.4,0.0,21.6
2025-09-16 08:00:00,16.0,100,95,13.8,0.1,0.0,39.4
2025-09-16 09:00:00,16.1,100,90,14.0,0.1,0.0,76.7
2025-09-16 10:00:00,16.1,100,85,13.7,0.1,0.0,122.7
2025-09-16 11:00:00,17.6,100,66,14.2,0.0,0.0,404.3
2025-09-16 12:00:00,17.9,100,61,18.4,0.2,0.0,461.8
2025-09-16 13:00:00,18.0,100,60,16.3,0.2,0.0,318.8
2025-09-16 14:00:00,18.6,100,52,18.7,0.0,0.0,441.6
2025-09-16 15:00:00,17.5,90,54,16.1,0.0,0.0,327.1
2025-09-16 16:00:00,17.8,38,52,16.5,0.0,0.0,395.7
2025-09-16 17:00:00,17.4,99,53,15.8,0.0,0.0,252.7
2025-09-16 18:00:00,16.5,100,60,11.2,0.0,0.0,83.5
2025-09-16 19:00:00,15.2,100,66,10.3,0.0,0.0,0.0
2025-09-16 20:00:00,14.4,100,70,9.4,0.0,0.0,0.0
2025-09-16 21:00:00,13.9,100,73,8.8,0.0,0.0,0.0
2025-09-16 22:00:00,13.5,99,74,8.8,0.0,0.0,0.0
2025-09-16 23:00:00,13.0,59,76,8.3,0.0,0.0,0.0
2025-09-17 00:00:00,12.3,50,77,8.6,0.0,0.0,0.0
2025-09-17 01:00:00,11.9,18,77,10.2,0.0,0.0,0.0
2025-09-17 02:00:00,11.4,30,78,9.1,0.0,0.0,0.0
2025-09-17 03:00:00,10.8,12,79,9.9,0.0,0.0,0.0
2025-09-17 04:00:00,10.6,16,79,10.1,0.0,0.0,0.0
2025-09-17 05:00:00,10.2,35,82,9.9,0.0,0.0,0.0
2025-09-17 06:00:00,9.9,53,83,10.6,0.0,0.0,0.0
2025-09-17 07:00:00,10.2,82,83,11.6,0.0,0.0,34.0
2025-09-17 08:00:00,11.2,100,83,13.3,0.1,0.0,117.8
2025-09-17 09:00:00,10.8,78,87,14.6,0.3,0.0,40.3
2025-09-17 10:00:00,12.1,35,85,15.1,0.1,0.0,202.9
2025-09-17 11:00:00,14.1,52,79,13.9,0.1,0.0,455.9
2025-09-17 12:00:00,15.2,100,71,16.4,0.1,0.0,527.9
2025-09-17 13:00:00,14.4,70,72,15.2,0.7,0.0,194.8
2025-09-17 14:00:00,14.9,31,72,14.2,0.5,0.0,404.7
2025-09-17 15:00:00,16.1,18,60,19.3,0.1,0.0,428.0
2025-09-17 16:00:00,15.9,60,59,18.3,0.0,0.0,360.6
2025-09-17 17:00:00,14.6,14,69,13.5,0.0,0.0,181.9
2025-09-17 18:00:00,14.3,16,73,10.7,0.0,0.0,90.8
2025-09-17 19:00:00,13.4,8,76,8.8,0.0,0.0,0.0
2025-09-17 20:00:00,12.8,10,79,9.0,0.0,0.0,0.0
2025-09-17 21:00:00,12.4,1,81,8.7,0.0,0.0,0.0
2025-09-17 22:00:00,11.9,1,83,8.8,0.0,0.0,0.0
2025-09-17 23:00:00,11.6,10,83,9.1,0.0,0.0,0.0
2025-09-18 00:00:00,11.2,6,84,9.1,0.0,0.0,0.0
2025-09-18 01:00:00,10.9,2,85,8.7,0.0,0.0,0.0
2025-09-18 02:00:00,10.5,1,86,8.5,0.0,0.0,0.0
2025-09-18 03:00:00,9.7,53,88,8.2,0.0,0.0,0.0
2025-09-18 04:00:00,9.4,15,87,8.1,0.0,0.0,0.0
2025-09-18 05:00:00,9.1,7,88,8.1,0.0,0.0,0.0
2025-09-18 06:00:00,9.0,4,88,8.3,0.0,0.0,0.0
2025-09-18 07:00:00,9.3,24,87,9.0,0.0,0.0,39.6
2025-09-18 08:00:00,10.8,16,85,10.6,0.0,0.0,164.7
2025-09-18 09:00:00,12.9,6,79,7.7,0.0,0.0,316.9
2025-09-18 10:00:00,14.8,27,71,10.6,0.0,0.0,461.4
2025-09-18 11:00:00,16.1,48,64,12.8,0.0,0.0,518.3
2025-09-18 12:00:00,17.3,12,59,14.2,0.0,0.0,561.0
2025-09-18 13:00:00,18.2,57,58,13.9,0.0,0.0,595.4
2025-09-18 14:00:00,18.6,100,60,14.9,0.0,0.0,447.0
2025-09-18 15:00:00,18.3,100,64,15.3,0.0,0.0,396.1
2025-09-18 16:00:00,18.1,100,66,14.3,0.0,0.0,232.7
2025-09-18 17:00:00,17.7,100,71,12.0,0.0,0.0,105.3
2025-09-18 18:00:00,17.1,26,76,10.1,0.0,0.0,37.9
2025-09-18 19:00:00,16.1,26,81,9.0,0.0,0.0,0.0
2025-09-18 20:00:00,15.5,73,85,9.7,0.0,0.0,0.0
2025-09-18 21:00:00,15.7,100,84,10.3,0.0,0.0,0.0
2025-09-18 22:00:00,16.0,29,83,10.5,0.0,0.0,0.0
2025-09-18 23:00:00,15.3,19,86,11.5,0.0,0.0,0.0
2025-09-19 00:00:00,15.1,69,87,11.6,0.0,0.0,0.0
2025-09-19 01:00:00,15.5,98,86,11.2,0.0,0.0,0.0
2025-09-19 02:00:00,15.7,26,84,12.0,0.0,0.0,0.0
2025-09-19 03:00:00,15.2,70,86,10.4,0.0,0.0,0.0
2025-09-19 04:00:00,15.0,48,86,10.5,0.0,0.0,0.0
2025-09-19 05:00:00,14.9,27,87,8.5,0.0,0.0,0.0
2025-09-19 06:00:00,14.6,62,89,8.3,0.0,0.0,0.0
2025-09-19 07:00:00,14.7,0,89,8.2,0.0,0.0,29.2
2025-09-19 08:00:00,15.7,9,87,9.1,0.0,0.0,152.6
2025-09-19 09:00:00,17.6,7,82,7.7,0.0,0.0,299.2
2025-09-19 10:00:00,19.3,10,76,8.4,0.0,0.0,437.0
2025-09-19 11:00:00,20.6,7,71,9.9,0.0,0.0,532.5
2025-09-19 12:00:00,21.5,99,67,14.4,0.0,0.0,567.2
2025-09-19 13:00:00,21.8,32,65,12.8,0.0,0.0,346.6
2025-09-19 14:00:00,22.8,26,60,13.2,0.0,0.0,525.8
2025-09-19 15:00:00,23.0,46,59,13.0,0.0,0.0,444.8
2025-09-19 16:00:00,22.9,6,60,10.2,0.0,0.0,323.3
2025-09-19 17:00:00,22.5,13,63,7.5,0.0,0.0,229.5
2025-09-19 18:00:00,21.2,18,72,5.1,0.0,0.0,85.6
2025-09-19 19:00:00,19.3,10,77,3.4,0.0,0.0,0.0
2025-09-19 20:00:00,18.7,12,78,1.8,0.0,0.0,0.0
2025-09-19 21:00:00,17.6,0,82,2.1,0.0,0.0,0.0
2025-09-19 22:00:00,16.6,6,85,3.1,0.0,0.0,0.0
2025-09-19 23:00:00,16.0,1,88,4.4,0.0,0.0,0.0
2025-09-20 00:00:00,16.0,0,89,4.9,0.0,0.0,0.0
2025-09-20 01:00:00,15.9,0,91,5.9,0.0,0.0,0.0
2025-09-20 02:00:00,16.0,0,90,6.8,0.0,0.0,0.0
2025-09-20 03:00:00,15.3,0,90,7.2,0.0,0.0,0.0
2025-09-20 04:00:00,15.1,0,88,8.1,0.0,0.0,0.0
2025-09-20 05:00:00,14.5,0,90,9.1,0.0,0.0,0.0
2025-09-20 06:00:00,14.0,0,92,9.3,0.0,0.0,0.0
2025-09-20 07:00:00,13.8,0,92,9.7,0.0,0.0,35.2
2025-09-20 08:00:00,15.4,0,87,9.6,0.0,0.0,161.5
2025-09-20 09:00:00,17.8,0,82,8.0,0.0,0.0,318.4
2025-09-20 10:00:00,20.4,0,74,6.1,0.0,0.0,460.0
2025-09-20 11:00:00,23.0,0,65,6.7,0.0,0.0,566.0
2025-09-20 12:00:00,24.9,0,55,9.1,0.0,0.0,626.2
2025-09-20 13:00:00,26.1,0,51,10.6,0.0,0.0,636.1
2025-09-20 14:00:00,26.6,0,52,11.8,0.0,0.0,595.0
2025-09-20 15:00:00,27.2,0,51,12.3,0.0,0.0,507.3
2025-09-20 16:00:00,26.9,0,52,11.2,0.0,0.0,382.2
2025-09-20 17:00:00,25.9,0,56,10.8,0.0,0.0,233.9
2025-09-20 18:00:00,24.2,2,60,11.6,0.0,0.0,83.8
2025-09-20 19:00:00,22.1,41,64,12.7,0.0,0.0,0.0
2025-09-20 20:00:00,20.9,3,67,12.2,0.0,0.0,0.0
2025-09-20 21:00:00,19.9,25,69,10.6,0.0,0.0,0.0
2025-09-20 22:00:00,19.3,98,67,10.3,0.0,0.0,0.0
2025-09-20 23:00:00,19.3,76,65,10.6,0.0,0.0,0.0
2025-09-21 00:00:00,19.0,0,65,11.2,0.0,0.0,0.0
2025-09-21 01:00:00,18.5,0,67,11.2,0.0,0.0,0.0
2025-09-21 02:00:00,18.2,0,68,11.5,0.0,0.0,0.0
2025-09-21 03:00:00,18.5,0,66,11.5,0.0,0.0,0.0
2025-09-21 04:00:00,18.1,0,67,9.5,0.0,0.0,0.0
2025-09-21 05:00:00,17.4,0,69,7.5,0.0,0.0,0.0
2025-09-21 06:00:00,17.1,0,70,6.9,0.0,0.0,0.0
2025-09-21 07:00:00,17.1,0,70,6.5,0.0,0.0,32.6
2025-09-21 08:00:00,18.6,0,67,7.1,0.0,0.0,161.5
2025-09-21 09:00:00,20.6,0,67,7.3,0.0,0.0,317.9
2025-09-21 10:00:00,22.6,0,60,5.5,0.0,0.0,458.2
2025-09-21 11:00:00,24.2,0,53,9.9,0.0,0.0,563.0
2025-09-21 12:00:00,25.3,0,50,12.5,0.0,0.0,623.1
2025-09-21 13:00:00,26.0,2,49,15.6,0.0,0.0,631.9
2025-09-21 14:00:00,26.4,0,47,16.4,0.0,0.0,588.9
2025-09-21 15:00:00,27.2,2,43,15.3,0.0,0.0,502.2
2025-09-21 16:00:00,26.6,47,46,13.5,0.0,0.0,377.9
2025-09-21 17:00:00,25.6,52,50,12.4,0.0,0.0,227.3
2025-09-21 18:00:00,23.8,0,54,10.8,0.0,0.0,78.4
2025-09-21 19:00:00,21.9,38,59,10.0,0.0,0.0,0.0
2025-09-21 20:00:00,20.7,39,65,6.9,0.0,0.0,0.0
2025-09-21 21:00:00,19.7,79,69,4.4,0.0,0.0,0.0
2025-09-21 22:00:00,18.9,67,71,2.7,0.0,0.0,0.0
2025-09-21 23:00:00,17.8,53,76,4.5,0.0,0.0,0.0
2025-09-22 00:00:00,17.2,20,79,6.1,0.0,0.0,0.0
2025-09-22 01:00:00,16.8,23,78,6.4,0.0,0.0,0.0
2025-09-22 02:00:00,16.6,0,76,8.1,0.0,0.0,0.0
2025-09-22 03:00:00,16.5,0,73,8.2,0.0,0.0,0.0
2025-09-22 04:00:00,16.1,0,74,7.5,0.0,0.0,0.0
2025-09-22 05:00:00,15.8,0,75,8.9,0.0,0.0,0.0
2025-09-22 06:00:00,15.1,0,79,5.7,0.0,0.0,0.0
2025-09-22 07:00:00,14.6,0,82,5.8,0.0,0.0,29.7
2025-09-22 08:00:00,15.4,0,84,3.7,0.0,0.0,153.8
2025-09-22 09:00:00,16.8,1,81,5.6,0.0,0.0,310.1
2025-09-22 10:00:00,18.2,1,78,6.5,0.0,0.0,450.7
2025-09-22 11:00:00,19.6,2,75,8.0,0.0,0.0,556.7
2025-09-22 12:00:00,20.7,12,70,7.5,0.0,0.0,613.8
2025-09-22 13:00:00,21.5,21,65,8.3,0.0,0.0,598.9
2025-09-22 14:00:00,21.9,6,64,8.3,0.0,0.0,564.5
2025-09-22 15:00:00,22.1,1,64,10.2,0.0,0.0,483.2
2025-09-22 16:00:00,21.9,5,63,9.3,0.0,0.0,362.3
2025-09-22 17:00:00,21.9,11,63,6.5,0.0,0.0,212.8
2025-09-22 18:00:00,19.6,33,75,12.5,0.0,0.0,68.6
2025-09-22 19:00:00,16.8,16,82,13.7,0.0,0.0,0.0
2025-09-22 20:00:00,15.2,21,82,13.0,0.0,0.0,0.0
2025-09-22 21:00:00,14.4,100,82,11.0,0.0,0.0,0.0
2025-09-22 22:00:00,13.8,100,82,10.1,0.0,0.0,0.0
2025-09-22 23:00:00,13.3,100,82,9.9,0.0,0.0,0.0
2025-09-23 00:00:00,13.2,100,81,10.9,0.0,0.0,0.0
2025-09-23 01:00:00,12.7,100,82,11.7,0.0,0.0,0.0
2025-09-23 02:00:00,12.1,100,84,11.5,0.0,0.0,0.0
2025-09-23 03:00:00,11.0,100,85,10.5,0.1,0.0,0.0
2025-09-23 04:00:00,11.1,100,85,10.2,0.0,0.0,0.0
2025-09-23 05:00:00,11.0,100,86,10.9,0.2,0.0,0.0
2025-09-23 06:00:00,11.1,100,88,10.7,0.3,0.0,0.0
2025-09-23 07:00:00,10.9,100,92,11.4,0.2,0.0,5.3
2025-09-23 08:00:00,10.9,100,92,11.6,0.2,0.0,26.4
2025-09-23 09:00:00,10.8,100,92,9.6,0.3,0.0,38.4
2025-09-23 10:00:00,10.7,100,89,11.4,0.2,0.0,88.4
2025-09-23 11:00:00,10.9,100,83,10.4,0.1,0.0,97.8
2025-09-23 12:00:00,11.3,100,79,9.4,0.0,0.0,115.7
2025-09-23 13:00:00,12.0,100,74,10.4,0.3,0.0,172.6
2025-09-23 14:00:00,12.3,100,71,10.3,0.0,0.0,145.4
2025-09-23 15:00:00,11.9,100,73,10.5,0.0,0.0,91.4
2025-09-23 16:00:00,11.9,100,72,10.3,0.0,0.0,65.2
2025-09-23 17:00:00,11.9,100,73,10.0,0.0,0.0,44.4
2025-09-23 18:00:00,11.9,100,73,9.7,0.0,0.0,11.4
2025-09-23 19:00:00,11.9,100,72,9.0,0.0,0.0,0.0
2025-09-23 20:00:00,11.8,100,74,8.4,0.0,0.0,0.0
2025-09-23 21:00:00,11.6,100,75,8.7,0.0,0.0,0.0
2025-09-23 22:00:00,11.2,100,78,8.8,0.5,0.0,0.0
2025-09-23 23:00:00,10.9,100,82,10.1,0.1,0.0,0.0
2025-09-24 00:00:00,10.7,100,83,10.2,0.1,0.0,0.0
2025-09-24 01:00:00,10.6,100,84,11.6,0.1,0.0,0.0
2025-09-24 02:00:00,10.6,100,84,12.6,0.0,0.0,0.0
2025-09-24 03:00:00,10.2,100,88,12.9,0.0,0.0,0.0
2025-09-24 04:00:00,10.2,100,88,13.2,0.0,0.0,0.0
2025-09-24 05:00:00,10.3,100,87,13.6,0.0,0.0,0.0
2025-09-24 06:00:00,10.3,100,87,14.6,0.0,0.0,0.0
2025-09-24 07:00:00,10.3,100,87,15.1,0.0,0.0,5.7
2025-09-24 08:00:00,10.4,100,87,15.7,0.1,0.0,23.6
2025-09-24 09:00:00,10.6,100,87,16.5,0.2,0.0,46.0
2025-09-24 10:00:00,10.7,100,88,16.1,0.2,0.0,77.2
2025-09-24 11:00:00,10.8,100,86,16.3,0.1,0.0,100.0
2025-09-24 12:00:00,11.7,100,79,21.0,0.0,0.0,201.5
2025-09-24 13:00:00,12.7,100,72,19.4,0.0,0.0,309.3
2025-09-24 14:00:00,13.2,92,67,21.0,0.0,0.0,284.8
2025-09-24 15:00:00,13.7,100,61,24.6,0.0,0.0,313.5
2025-09-24 16:00:00,13.1,100,64,21.9,0.0,0.0,126.6
2025-09-24 17:00:00,12.9,100,67,18.8,0.0,0.0,122.3
2025-09-24 18:00:00,12.1,100,71,17.0,0.0,0.0,36.8
2025-09-24 19:00:00,11.2,100,73,16.3,0.0,0.0,0.0
2025-09-24 20:00:00,10.7,100,74,16.7,0.0,0.0,0.0
2025-09-24 21:00:00,10.3,92,75,16.8,0.0,0.0,0.0
2025-09-24 22:00:00,9.9,100,76,16.9,0.0,0.0,0.0
2025-09-24 23:00:00,9.6,89,77,16.9,0.0,0.0,0.0
2025-09-25 00:00:00,9.3,87,79,17.0,0.0,0.0,0.0
2025-09-25 01:00:00,9.1,89,80,18.3,0.0,0.0,0.0
2025-09-25 02:00:00,9.0,94,79,19.5,0.0,0.0,0.0
2025-09-25 03:00:00,8.5,29,80,19.6,0.0,0.0,0.0
2025-09-25 04:00:00,8.3,3,78,20.9,0.0,0.0,0.0
2025-09-25 05:00:00,8.0,24,75,20.9,0.0,0.0,0.0
2025-09-25 06:00:00,7.8,24,75,20.9,0.0,0.0,0.0
2025-09-25 07:00:00,7.6,56,72,20.6,0.0,0.0,24.4
2025-09-25 08:00:00,8.1,93,68,20.7,0.0,0.0,139.7
2025-09-25 09:00:00,8.8,98,67,19.9,0.0,0.0,275.2
2025-09-25 10:00:00,9.8,99,65,20.9,0.0,0.0,357.9
2025-09-25 11:00:00,11.3,98,62,22.1,0.0,0.0,478.9
2025-09-25 12:00:00,12.2,100,59,22.0,0.0,0.0,443.4
2025-09-25 13:00:00,12.8,100,59,22.5,0.0,0.0,479.8
2025-09-25 14:00:00,13.2,100,57,22.8,0.0,0.0,329.9
2025-09-25 15:00:00,13.9,100,56,23.8,0.0,0.0,303.9
2025-09-25 16:00:00,13.3,100,59,18.7,0.0,0.0,105.6
2025-09-25 17:00:00,12.8,100,58,17.8,0.0,0.0,36.2
2025-09-25 18:00:00,11.9,100,62,16.6,0.2,0.0,9.2
2025-09-25 19:00:00,10.1,100,75,17.5,1.2,0.0,0.0
2025-09-25 20:00:00,9.7,100,77,16.7,0.4,0.0,0.0
2025-09-25 21:00:00,9.9,100,72,17.5,0.0,0.0,0.0
2025-09-25 22:00:00,9.7,100,72,16.5,0.0,0.0,0.0
2025-09-25 23:00:00,9.3,100,74,16.1,0.2,0.0,0.0
2025-09-26 00:00:00,8.8,100,79,16.9,0.3,0.0,0.0
2025-09-26 01:00:00,8.5,100,81,17.1,0.4,0.0,0.0
2025-09-26 02:00:00,8.1,100,84,17.5,0.8,0.0,0.0
2025-09-26 03:00:00,9.4,88,64,15.5,0.0,0.0,0.0
2025-09-26 04:00:00,9.0,8,67,14.9,0.0,0.0,0.0
2025-09-26 05:00:00,8.1,33,70,15.7,0.0,0.0,0.0
2025-09-26 06:00:00,7.8,87,72,15.1,0.0,0.0,0.0
2025-09-26 07:00:00,7.6,23,73,15.3,0.0,0.0,19.8
2025-09-26 08:00:00,8.2,14,72,14.4,0.0,0.0,128.6
2025-09-26 09:00:00,9.2,31,68,15.4,0.0,0.0,279.7
2025-09-26 10:00:00,10.5,26,66,14.6,0.0,0.0,411.7
2025-09-26 11:00:00,12.1,63,63,14.4,0.0,0.0,509.3
2025-09-26 12:00:00,13.5,94,62,14.0,0.0,0.0,562.3
2025-09-26 13:00:00,14.3,100,62,14.0,0.0,0.0,523.6
2025-09-26 14:00:00,14.2,100,64,14.2,0.4,0.0,413.3
2025-09-26 15:00:00,14.0,100,62,14.3,0.0,0.0,310.9
2025-09-26 16:00:00,14.2,100,63,13.9,0.0,0.0,219.3
2025-09-26 17:00:00,13.8,100,66,13.5,0.0,0.0,90.3
2025-09-26 18:00:00,13.0,99,69,13.9,0.0,0.0,28.9
2025-09-26 19:00:00,12.2,100,70,14.4,0.0,0.0,0.0
2025-09-26 20:00:00,11.6,96,70,14.5,0.0,0.0,0.0
2025-09-26 21:00:00,11.3,88,70,14.6,0.0,0.0,0.0
2025-09-26 22:00:00,10.9,6,68,14.6,0.0,0.0,0.0
2025-09-26 23:00:00,10.5,34,67,14.3,0.0,0.0,0.0
2025-09-27 00:00:00,10.1,43,67,13.2,0.0,0.0,0.0
2025-09-27 01:00:00,9.8,55,69,12.5,0.0,0.0,0.0
2025-09-27 02:00:00,9.4,56,71,11.1,0.0,0.0,0.0
2025-09-27 03:00:00,8.6,6,74,9.9,0.0,0.0,0.0
2025-09-27 04:00:00,8.1,4,77,9.6,0.0,0.0,0.0
2025-09-27 05:00:00,7.6,11,80,9.0,0.0,0.0,0.0
2025-09-27 06:00:00,7.3,18,82,9.4,0.0,0.0,0.0
2025-09-27 07:00:00,7.0,22,83,10.0,0.0,0.0,21.7
2025-09-27 08:00:00,7.8,0,80,8.8,0.0,0.0,130.2
2025-09-27 09:00:00,9.3,0,76,8.3,0.0,0.0,294.3
2025-09-27 10:00:00,11.3,0,73,6.9,0.0,0.0,433.8
2025-09-27 11:00:00,13.2,0,70,6.9,0.0,0.0,540.7
2025-09-27 12:00:00,14.9,2,66,5.9,0.0,0.0,593.4
2025-09-27 13:00:00,16.3,12,63,5.7,0.0,0.0,601.2
2025-09-27 14:00:00,17.2,21,60,6.2,0.0,0.0,551.4
2025-09-27 15:00:00,17.5,100,57,5.2,0.0,0.0,314.3
2025-09-27 16:00:00,17.4,100,59,6.5,0.0,0.0,213.6
2025-09-27 17:00:00,16.7,100,64,5.5,0.0,0.0,95.0
2025-09-27 18:00:00,15.7,100,68,8.2,0.0,0.0,25.8
2025-09-27 19:00:00,14.4,100,67,10.9,0.0,0.0,0.0
2025-09-27 20:00:00,13.0,100,68,10.0,0.0,0.0,0.0
2025-09-27 21:00:00,11.8,100,72,8.7,0.0,0.0,0.0
2025-09-27 22:00:00,11.1,100,74,8.4,0.0,0.0,0.0
2025-09-27 23:00:00,10.4,100,74,8.4,0.0,0.0,0.0
2025-09-28 00:00:00,9.9,99,75,8.7,0.0,0.0,0.0
2025-09-28 01:00:00,9.4,99,76,7.8,0.0,0.0,0.0
2025-09-28 02:00:00,8.8,73,79,6.8,0.0,0.0,0.0
2025-09-28 03:00:00,7.8,41,81,6.3,0.0,0.0,0.0
2025-09-28 04:00:00,7.3,23,82,7.2,0.0,0.0,0.0
2025-09-28 05:00:00,6.8,1,83,7.2,0.0,0.0,0.0
2025-09-28 06:00:00,6.3,0,84,7.0,0.0,0.0,0.0
2025-09-28 07:00:00,6.0,5,85,7.0,0.0,0.0,15.9
2025-09-28 08:00:00,7.0,22,84,6.6,0.0,0.0,133.5
2025-09-28 09:00:00,8.8,4,78,3.9,0.0,0.0,287.7
2025-09-28 10:00:00,11.0,0,71,3.9,0.0,0.0,429.7
2025-09-28 11:00:00,13.3,29,64,4.8,0.0,0.0,535.6
2025-09-28 12:00:00,14.7,44,54,7.6,0.0,0.0,585.2
2025-09-28 13:00:00,15.2,46,49,9.4,0.0,0.0,579.2
2025-09-28 14:00:00,15.3,18,48,10.5,0.0,0.0,545.4
2025-09-28 15:00:00,15.2,45,48,11.1,0.0,0.0,433.2
2025-09-28 16:00:00,14.9,100,47,12.3,0.0,0.0,287.0
2025-09-28 17:00:00,13.8,74,56,12.9,0.0,0.0,101.9
2025-09-28 18:00:00,12.7,100,61,12.3,0.0,0.0,25.0
2025-09-28 19:00:00,11.8,100,67,10.6,0.0,0.0,0.0
2025-09-28 20:00:00,11.4,12,71,10.0,0.0,0.0,0.0
2025-09-28 21:00:00,10.0,17,78,9.0,0.0,0.0,0.0
2025-09-28 22:00:00,9.3,7,82,8.7,0.0,0.0,0.0
2025-09-28 23:00:00,8.6,12,86,8.3,0.0,0.0,0.0
2025-09-29 00:00:00,8.1,2,89,8.4,0.0,0.0,0.0
2025-09-29 01:00:00,7.7,1,92,8.9,0.0,0.0,0.0
2025-09-29 02:00:00,7.2,4,93,8.5,0.0,0.0,0.0
2025-09-29 03:00:00,7.7,22,96,7.1,0.0,0.0,0.0
2025-09-29 04:00:00,7.4,100,98,8.4,0.0,0.0,0.0
2025-09-29 05:00:00,7.4,90,95,11.3,0.8,0.0,0.0
2025-09-29 06:00:00,7.5,84,96,9.2,0.2,0.0,0.0
2025-09-29 07:00:00,7.3,100,97,10.0,0.0,0.0,8.9
2025-09-29 08:00:00,7.9,100,94,13.6,0.0,0.0,53.5
2025-09-29 09:00:00,8.3,100,89,13.0,0.0,0.0,110.9
2025-09-29 10:00:00,8.9,100,83,12.8,0.0,0.0,187.2
2025-09-29 11:00:00,10.0,54,74,10.1,0.1,0.0,265.2
2025-09-29 12:00:00,11.3,100,68,10.6,0.1,0.0,504.6
2025-09-29 13:00:00,10.5,79,70,12.5,1.5,0.0,290.0
2025-09-29 14:00:00,11.1,87,67,12.1,0.1,0.0,295.5
2025-09-29 15:00:00,9.1,64,80,11.3,1.4,0.0,170.5
2025-09-29 16:00:00,10.6,53,67,13.6,0.1,0.0,195.4
2025-09-29 17:00:00,10.4,72,68,12.9,0.1,0.0,129.7
2025-09-29 18:00:00,9.8,100,70,10.3,0.0,0.0,30.0
2025-09-29 19:00:00,9.3,100,74,9.4,0.0,0.0,0.0
2025-09-29 20:00:00,9.0,100,74,10.3,0.0,0.0,0.0
2025-09-29 21:00:00,8.3,98,76,9.2,0.0,0.0,0.0
2025-09-29 22:00:00,7.6,36,80,8.9,0.0,0.0,0.0
2025-09-29 23:00:00,6.5,20,86,7.2,0.0,0.0,0.0
2025-09-30 00:00:00,6.1,63,89,7.2,0.0,0.0,0.0
2025-09-30 01:00:00,6.1,82,91,7.4,0.0,0.0,0.0
2025-09-30 02:00:00,5.9,38,93,7.3,0.0,0.0,0.0
2025-09-30 03:00:00,5.9,100,95,6.3,0.0,0.0,0.0
2025-09-30 04:00:00,6.3,100,94,5.8,0.0,0.0,0.0
2025-09-30 05:00:00,6.4,48,93,6.0,0.0,0.0,0.0
2025-09-30 06:00:00,5.9,80,94,6.7,0.0,0.0,0.0
2025-09-30 07:00:00,5.8,93,94,7.1,0.0,0.0,10.0
2025-09-30 08:00:00,6.4,100,93,8.3,0.0,0.0,93.3
2025-09-30 09:00:00,7.3,100,88,8.8,0.0,0.0,173.2
2025-09-30 10:00:00,8.3,93,84,7.4,0.1,0.0,209.1
2025-09-30 11:00:00,9.2,95,81,6.5,0.2,0.0,214.7
2025-09-30 12:00:00,10.9,100,69,6.4,0.0,0.0,314.4
2025-09-30 13:00:00,10.2,59,73,8.4,0.7,0.0,163.4
2025-09-30 14:00:00,9.8,100,79,10.3,1.8,0.0,289.6
2025-09-30 15:00:00,9.1,80,88,10.7,1.2,0.0,96.1
2025-09-30 16:00:00,9.5,71,87,11.5,0.1,0.0,198.4
2025-09-30 17:00:00,9.7,98,87,8.5,0.1,0.0,129.5
2025-09-30 18:00:00,8.6,100,88,14.0,1.2,0.0,14.2
2025-09-30 19:00:00,8.2,99,92,10.9,0.2,0.0,0.0
2025-09-30 20:00:00,7.8,100,93,9.1,0.4,0.0,0.0
2025-09-30 21:00:00,7.6,83,95,9.6,0.6,0.0,0.0
2025-09-30 22:00:00,7.4,18,96,11.0,0.1,0.0,0.0
2025-09-30 23:00:00,6.4,34,97,10.8,0.0,0.0,0.0
2025-10-01 00:00:00,6.2,100,97,11.0,0.0,0.0,0.0
2025-10-01 01:00:00,6.7,100,97,10.8,0.0,0.0,0.0
2025-10-01 02:00:00,7.2,75,95,10.7,0.0,0.0,0.0
2025-10-01 03:00:00,7.0,100,96,10.0,0.0,0.0,0.0
2025-10-01 04:00:00,7.3,100,94,13.0,0.1,0.0,0.0
2025-10-01 05:00:00,7.1,100,94,13.9,0.1,0.0,0.0
2025-10-01 06:00:00,7.2,99,93,12.9,0.0,0.0,0.0
2025-10-01 07:00:00,6.7,100,93,12.8,0.1,0.0,11.5
2025-10-01 08:00:00,7.2,100,92,14.9,0.1,0.0,25.9
2025-10-01 09:00:00,7.7,100,89,14.9,0.2,0.0,93.9
2025-10-01 10:00:00,8.0,100,89,13.7,0.2,0.0,105.3
2025-10-01 11:00:00,8.7,100,81,15.9,0.1,0.0,161.9
2025-10-01 12:00:00,9.5,100,75,16.8,0.1,0.0,223.4
2025-10-01 13:00:00,9.0,98,78,15.0,0.3,0.0,171.3
2025-10-01 14:00:00,9.8,100,69,16.1,0.1,0.0,277.9
2025-10-01 15:00:00,10.1,100,66,18.2,0.1,0.0,226.8
2025-10-01 16:00:00,10.4,95,64,15.9,0.0,0.0,166.3
2025-10-01 17:00:00,10.4,99,63,13.8,0.0,0.0,110.1
2025-10-01 18:00:00,9.7,97,66,11.7,0.0,0.0,22.3
2025-10-01 19:00:00,9.0,100,69,10.1,0.0,0.0,0.0
2025-10-01 20:00:00,7.7,99,80,9.0,0.0,0.0,0.0
2025-10-01 21:00:00,7.7,45,83,9.6,0.0,0.0,0.0
2025-10-01 22:00:00,7.2,20,85,9.1,0.0,0.0,0.0
2025-10-01 23:00:00,6.4,6,87,7.8,0.0,0.0,0.0
2025-10-02 00:00:00,5.6,13,89,7.6,0.0,0.0,0.0
2025-10-02 01:00:00,5.0,6,90,7.3,0.0,0.0,0.0
2025-10-02 02:00:00,5.5,9,89,7.8,0.0,0.0,0.0
2025-10-02 03:00:00,5.1,11,90,7.5,0.0,0.0,0.0
2025-10-02 04:00:00,4.6,5,90,7.7,0.0,0.0,0.0
2025-10-02 05:00:00,3.8,2,92,8.1,0.0,0.0,0.0
2025-10-02 06:00:00,3.1,2,92,7.5,0.0,0.0,0.0
2025-10-02 07:00:00,2.6,2,91,7.9,0.0,0.0,13.6
2025-10-02 08:00:00,2.9,5,91,7.8,0.0,0.0,121.0
2025-10-02 09:00:00,4.3,8,85,6.7,0.0,0.0,273.7
2025-10-02 10:00:00,6.5,3,76,7.0,0.0,0.0,417.0
2025-10-02 11:00:00,8.2,36,60,11.0,0.0,0.0,520.5
2025-10-02 12:00:00,9.0,84,50,11.6,0.0,0.0,523.3
2025-10-02 13:00:00,9.3,64,50,10.7,0.0,0.0,432.2
2025-10-02 14:00:00,9.1,75,52,10.2,0.0,0.0,421.4
2025-10-02 15:00:00,9.7,39,49,9.8,0.0,0.0,340.7
2025-10-02 16:00:00,9.9,72,47,9.0,0.0,0.0,261.1
2025-10-02 17:00:00,9.6,13,48,7.7,0.0,0.0,144.4
2025-10-02 18:00:00,8.2,2,57,8.0,0.0,0.0,26.7
2025-10-02 19:00:00,7.0,0,61,9.1,0.0,0.0,0.0
2025-10-02 20:00:00,6.0,0,69,7.6,0.0,0.0,0.0
2025-10-02 21:00:00,5.1,0,73,8.0,0.0,0.0,0.0
2025-10-02 22:00:00,4.6,0,77,8.5,0.0,0.0,0.0
2025-10-02 23:00:00,4.1,0,80,7.5,0.0,0.0,0.0
2025-10-03 00:00:00,3.6,0,83,6.5,0.0,0.0,0.0
2025-10-03 01:00:00,3.1,0,85,5.6,0.0,0.0,0.0
2025-10-03 02:00:00,2.1,0,86,6.5,0.0,0.0,0.0
2025-10-03 03:00:00,1.5,0,87,5.6,0.0,0.0,0.0
2025-10-03 04:00:00,0.8,0,88,4.2,0.0,0.0,0.0
2025-10-03 05:00:00,0.8,0,88,2.2,0.0,0.0,0.0
2025-10-03 06:00:00,0.2,0,90,3.3,0.0,0.0,0.0
2025-10-03 07:00:00,0.1,0,90,4.0,0.0,0.0,0.0
2025-10-03 08:00:00,1.1,0,87,4.8,0.0,0.0,117.9
2025-10-03 09:00:00,3.0,0,83,1.1,0.0,0.0,273.3
2025-10-03 10:00:00,5.4,0,77,2.3,0.0,0.0,411.8
2025-10-03 11:00:00,7.8,0,69,4.8,0.0,0.0,514.3
2025-10-03 12:00:00,9.3,30,54,9.5,0.0,0.0,563.7
2025-10-03 13:00:00,10.0,9,48,8.7,0.0,0.0,534.7
2025-10-03 14:00:00,10.9,61,44,9.4,0.0,0.0,520.7
2025-10-03 15:00:00,10.9,39,45,10.2,0.0,0.0,411.3
2025-10-03 16:00:00,10.4,34,46,10.1,0.0,0.0,271.3
2025-10-03 17:00:00,9.8,5,51,9.2,0.0,0.0,154.8
2025-10-03 18:00:00,8.1,7,62,6.4,0.0,0.0,22.4
2025-10-03 19:00:00,6.9,33,68,6.0,0.0,0.0,0.0
2025-10-03 20:00:00,6.3,59,70,7.5,0.0,0.0,0.0
2025-10-03 21:00:00,5.5,98,74,6.2,0.0,0.0,0.0
2025-10-03 22:00:00,5.3,80,77,6.8,0.0,0.0,0.0
2025-10-03 23:00:00,5.2,60,80,8.5,0.0,0.0,0.0
2025-10-04 00:00:00,5.1,95,82,7.6,0.0,0.0,0.0
2025-10-04 01:00:00,5.1,73,83,8.1,0.0,0.0,0.0
2025-10-04 02:00:00,4.8,27,84,7.1,0.0,0.0,0.0
2025-10-04 03:00:00,4.2,11,85,7.2,0.0,0.0,0.0
2025-10-04 04:00:00,3.7,0,85,7.2,0.0,0.0,0.0
2025-10-04 05:00:00,3.2,0,86,8.5,0.0,0.0,0.0
2025-10-04 06:00:00,2.7,0,88,7.1,0.0,0.0,0.0
2025-10-04 07:00:00,2.3,8,90,6.9,0.0,0.0,0.0
2025-10-04 08:00:00,3.1,100,92,8.9,0.0,0.0,112.9
2025-10-04 09:00:00,4.7,57,85,12.9,0.0,0.0,239.7
2025-10-04 10:00:00,6.1,73,79,12.2,0.0,0.0,336.5
2025-10-04 11:00:00,7.7,64,73,9.4,0.0,0.0,422.6
2025-10-04 12:00:00,9.1,16,68,9.3,0.0,0.0,549.3
2025-10-04 13:00:00,10.4,5,62,10.0,0.0,0.0,584.3
2025-10-04 14:00:00,10.9,27,60,11.1,0.0,0.0,538.5
2025-10-04 15:00:00,11.8,66,59,11.0,0.0,0.0,444.5
2025-10-04 16:00:00,12.2,88,61,10.4,0.0,0.0,309.4
2025-10-04 17:00:00,12.1,100,65,8.9,0.0,0.0,146.2
2025-10-04 18:00:00,11.2,100,67,8.6,0.0,0.0,13.8
2025-10-04 19:00:00,11.5,100,56,14.3,0.0,0.0,0.0
2025-10-04 20:00:00,9.8,100,61,15.0,0.4,0.0,0.0
2025-10-04 21:00:00,9.5,100,63,14.2,0.0,0.0,0.0
2025-10-04 22:00:00,9.5,100,64,14.5,0.1,0.0,0.0
2025-10-04 23:00:00,8.1,100,83,16.3,1.3,0.0,0.0
2025-10-05 00:00:00,8.1,100,88,23.9,1.2,0.0,0.0
2025-10-05 01:00:00,8.6,100,86,23.7,0.4,0.0,0.0
2025-10-05 02:00:00,8.0,99,92,17.8,0.1,0.0,0.0
2025-10-05 03:00:00,8.0,100,92,15.3,0.0,0.0,0.0
2025-10-05 04:00:00,8.0,100,93,13.1,0.1,0.0,0.0
2025-10-05 05:00:00,8.0,93,93,12.5,0.0,0.0,0.0
2025-10-05 06:00:00,7.6,21,94,10.2,0.0,0.0,0.0
2025-10-05 07:00:00,6.9,48,95,11.5,0.0,0.0,0.0
2025-10-05 08:00:00,7.5,22,93,9.9,0.0,0.0,98.6
2025-10-05 09:00:00,8.8,52,87,9.8,0.0,0.0,217.5
2025-10-05 10:00:00,10.4,100,73,12.8,0.0,0.0,337.0
2025-10-05 11:00:00,11.4,100,66,13.9,0.0,0.0,412.1
2025-10-05 12:00:00,12.0,84,64,15.8,0.0,0.0,329.0
2025-10-05 13:00:00,12.0,98,63,14.5,0.0,0.0,239.8
2025-10-05 14:00:00,12.3,100,63,13.3,0.1,0.0,369.0
2025-10-05 15:00:00,12.9,100,58,11.9,0.1,0.0,339.3
2025-10-05 16:00:00,12.4,100,63,11.6,0.1,0.0,230.1
2025-10-05 17:00:00,11.8,93,66,11.7,0.3,0.0,115.6
2025-10-05 18:00:00,10.5,70,77,4.5,0.0,0.0,9.7
2025-10-05 19:00:00,9.8,27,76,8.5,0.0,0.0,0.0
2025-10-05 20:00:00,9.1,20,84,9.4,0.0,0.0,0.0
2025-10-05 21:00:00,8.6,25,85,10.7,0.0,0.0,0.0
2025-10-05 22:00:00,8.1,43,88,9.6,0.2,0.0,0.0
2025-10-05 23:00:00,7.5,22,91,9.1,0.0,0.0,0.0
2025-10-06 00:00:00,7.0,15,92,9.8,0.0,0.0,0.0
2025-10-06 01:00:00,6.7,1,92,9.9,0.0,0.0,0.0
2025-10-06 02:00:00,7.3,9,90,8.6,0.0,0.0,0.0
2025-10-06 03:00:00,6.9,13,92,7.5,0.0,0.0,0.0
2025-10-06 04:00:00,6.6,20,93,8.4,0.0,0.0,0.0
2025-10-06 05:00:00,6.3,50,95,8.4,0.0,0.0,0.0
2025-10-06 06:00:00,6.0,100,95,7.8,0.5,0.0,0.0
2025-10-06 07:00:00,6.5,95,96,8.9,0.2,0.0,0.0
2025-10-06 08:00:00,7.2,92,95,9.3,0.0,0.0,49.5
2025-10-06 09:00:00,8.7,100,92,8.1,0.0,0.0,189.9
2025-10-06 10:00:00,9.0,100,89,10.3,0.3,0.0,112.9
2025-10-06 11:00:00,8.9,100,92,11.3,0.4,0.0,66.0
2025-10-06 12:00:00,9.7,100,90,10.9,0.2,0.0,123.1
2025-10-06 13:00:00,9.9,100,91,10.3,0.1,0.0,103.5
2025-10-06 14:00:00,10.2,100,88,11.7,0.3,0.0,115.6
2025-10-06 15:00:00,10.2,100,89,11.6,0.1,0.0,109.0
2025-10-06 16:00:00,10.9,100,83,12.6,0.0,0.0,168.1
2025-10-06 17:00:00,9.9,100,93,13.6,1.3,0.0,34.6
2025-10-06 18:00:00,9.3,100,94,11.0,1.2,0.0,1.0
2025-10-06 19:00:00,9.1,100,96,10.1,0.2,0.0,0.0
2025-10-06 20:00:00,9.2,100,94,11.9,0.3,0.0,0.0
2025-10-06 21:00:00,9.1,100,96,11.2,0.8,0.0,0.0
2025-10-06 22:00:00,9.1,100,96,14.0,0.4,0.0,0.0
2025-10-06 23:00:00,9.1,100,96,14.9,0.2,0.0,0.0
2025-10-07 00:00:00,8.9,100,96,13.6,0.1,0.0,0.0
2025-10-07 01:00:00,9.0,100,96,13.0,0.5,0.0,0.0
2025-10-07 02:00:00,9.0,100,96,12.8,0.2,0.0,0.0
2025-10-07 03:00:00,9.1,100,96,12.5,0.0,0.0,0.0
2025-10-07 04:00:00,9.0,100,96,11.3,0.0,0.0,0.0
2025-10-07 05:00:00,9.1,100,96,11.7,0.1,0.0,0.0
2025-10-07 06:00:00,9.0,100,97,12.0,0.1,0.0,0.0
2025-10-07 07:00:00,9.1,100,97,11.6,0.1,0.0,0.0
2025-10-07 08:00:00,9.5,100,97,13.9,0.2,0.0,11.7
2025-10-07 09:00:00,9.6,100,96,12.4,0.2,0.0,28.5
2025-10-07 10:00:00,9.8,100,96,13.3,0.2,0.0,51.9
2025-10-07 11:00:00,10.1,100,95,10.6,0.2,0.0,65.0
2025-10-07 12:00:00,10.1,100,95,10.2,0.1,0.0,69.3
2025-10-07 13:00:00,10.4,100,95,10.6,0.1,0.0,71.6
2025-10-07 14:00:00,11.6,100,90,9.9,0.1,0.0,97.4
2025-10-07 15:00:00,12.1,88,85,10.9,1.0,0.0,133.3
2025-10-07 16:00:00,11.3,89,90,13.3,0.5,0.0,112.3
2025-10-07 17:00:00,11.1,86,90,13.3,0.2,0.0,63.6
2025-10-07 18:00:00,10.5,28,94,10.4,0.1,0.0,3.6
2025-10-07 19:00:00,9.8,92,95,9.9,0.1,0.0,0.0
2025-10-07 20:00:00,9.7,35,96,10.8,0.1,0.0,0.0
2025-10-07 21:00:00,9.3,34,97,9.5,0.0,0.0,0.0
2025-10-07 22:00:00,8.8,52,98,9.2,0.0,0.0,0.0
2025-10-07 23:00:00,8.5,52,98,7.7,0.0,0.0,0.0
2025-10-08 00:00:00,8.1,95,99,6.8,0.0,0.0,0.0
2025-10-08 01:00:00,8.2,100,99,6.0,0.0,0.0,0.0
2025-10-08 02:00:00,8.9,94,98,5.8,0.0,0.0,0.0
2025-10-08 03:00:00,9.1,100,99,4.7,0.0,0.0,0.0
2025-10-08 04:00:00,8.9,100,100,4.6,0.0,0.0,0.0
2025-10-08 05:00:00,8.6,100,100,4.4,0.0,0.0,0.0
2025-10-08 06:00:00,8.5,100,99,4.1,0.0,0.0,0.0
2025-10-08 07:00:00,8.2,100,99,4.0,0.0,0.0,0.0
2025-10-08 08:00:00,8.2,100,99,3.8,0.0,0.0,38.0
2025-10-08 09:00:00,8.4,100,98,2.7,0.0,0.0,100.3
2025-10-08 10:00:00,9.0,100,95,1.6,0.0,0.0,175.6
2025-10-08 11:00:00,10.3,100,88,0.9,0.0,0.0,263.3
2025-10-08 12:00:00,11.6,91,80,1.8,0.0,0.0,360.2
2025-10-08 13:00:00,12.9,99,71,1.7,0.0,0.0,435.6
2025-10-08 14:00:00,12.3,100,70,1.8,0.0,0.0,314.8
2025-10-08 15:00:00,12.5,100,69,1.5,0.0,0.0,144.0
2025-10-08 16:00:00,12.5,99,68,1.9,0.0,0.0,101.9
2025-10-08 17:00:00,12.4,100,70,2.5,0.0,0.0,84.4
2025-10-08 18:00:00,11.7,100,80,2.3,0.0,0.0,0.9
2025-10-08 19:00:00,11.3,100,81,0.4,0.0,0.0,0.0
2025-10-08 20:00:00,10.7,100,85,2.6,0.0,0.0,0.0
2025-10-08 21:00:00,10.7,100,86,3.8,0.0,0.0,0.0
2025-10-08 22:00:00,10.4,100,87,5.1,0.0,0.0,0.0
2025-10-08 23:00:00,10.2,100,87,5.2,0.1,0.0,0.0
2025-10-09 00:00:00,10.0,100,87,5.9,0.4,0.0,0.0
2025-10-09 01:00:00,9.7,100,91,5.3,0.5,0.0,0.0
2025-10-09 02:00:00,9.6,100,96,4.7,0.3,0.0,0.0
2025-10-09 03:00:00,9.5,100,96,5.8,0.2,0.0,0.0
2025-10-09 04:00:00,9.4,100,97,5.7,0.2,0.0,0.0
2025-10-09 05:00:00,9.5,100,97,4.5,0.1,0.0,0.0
2025-10-09 06:00:00,9.6,100,96,5.1,0.1,0.0,0.0
2025-10-09 07:00:00,9.6,100,97,5.6,0.0,0.0,0.0
2025-10-09 08:00:00,9.9,100,98,6.1,0.0,0.0,20.6
2025-10-09 09:00:00,10.6,100,98,10.2,0.0,0.0,72.0
2025-10-09 10:00:00,11.1,100,97,11.0,0.2,0.0,61.3
2025-10-09 11:00:00,11.8,100,94,12.4,0.1,0.0,81.3
2025-10-09 12:00:00,12.3,100,89,12.7,0.1,0.0,117.0
2025-10-09 13:00:00,12.8,95,87,10.1,0.0,0.0,112.3
2025-10-09 14:00:00,13.6,76,81,10.5,0.0,0.0,260.3
2025-10-09 15:00:00,14.2,82,76,11.0,0.1,0.0,240.6
2025-10-09 16:00:00,13.9,96,78,8.4,0.1,0.0,119.0
2025-10-09 17:00:00,13.8,95,79,8.2,0.0,0.0,84.8
2025-10-09 18:00:00,12.3,87,88,7.5,0.0,0.0,0.0
2025-10-09 19:00:00,11.9,68,91,8.9,0.2,0.0,0.0
2025-10-09 20:00:00,11.2,51,95,8.7,0.2,0.0,0.0
2025-10-09 21:00:00,11.0,31,96,9.9,0.0,0.0,0.0
2025-10-09 22:00:00,10.5,100,98,12.2,0.0,0.0,0.0
2025-10-09 23:00:00,10.7,60,95,15.4,0.0,0.0,0.0
2025-10-10 00:00:00,9.7,9,94,12.3,0.0,0.0,0.0
2025-10-10 01:00:00,8.7,100,94,11.1,0.0,0.0,0.0
2025-10-10 02:00:00,8.8,100,90,12.2,0.0,0.0,0.0
2025-10-10 03:00:00,8.9,100,89,10.8,0.0,0.0,0.0
2025-10-10 04:00:00,9.1,100,91,11.4,0.0,0.0,0.0
2025-10-10 05:00:00,9.4,100,90,12.5,0.0,0.0,0.0
2025-10-10 06:00:00,9.5,100,90,12.8,0.0,0.0,0.0
2025-10-10 07:00:00,9.7,100,89,13.8,0.1,0.0,0.0
2025-10-10 08:00:00,9.9,100,88,14.4,0.2,0.0,23.3
2025-10-10 09:00:00,10.1,100,88,15.9,0.3,0.0,38.1
2025-10-10 10:00:00,10.2,100,90,16.2,0.3,0.0,40.6
2025-10-10 11:00:00,10.6,100,90,16.6,0.1,0.0,60.7
2025-10-10 12:00:00,10.9,100,90,20.9,0.3,0.0,67.3
2025-10-10 13:00:00,11.7,100,83,19.1,0.1,0.0,181.9
2025-10-10 14:00:00,11.6,98,88,15.9,0.0,0.0,149.6
2025-10-10 15:00:00,12.5,76,80,21.1,0.0,0.0,231.2
2025-10-10 16:00:00,12.7,44,74,18.9,0.2,0.0,169.2
2025-10-10 17:00:00,12.0,100,77,17.0,0.1,0.0,93.9
2025-10-10 18:00:00,11.2,96,80,16.2,0.1,0.0,0.0
2025-10-10 19:00:00,10.7,100,81,14.7,0.0,0.0,0.0
2025-10-10 20:00:00,10.6,100,87,16.3,0.0,0.0,0.0
2025-10-10 21:00:00,10.5,100,88,17.4,0.2,0.0,0.0
2025-10-10 22:00:00,10.4,100,91,13.6,0.1,0.0,0.0
2025-10-10 23:00:00,10.4,100,92,16.4,0.3,0.0,0.0
2025-10-11 00:00:00,10.4,100,93,13.8,0.5,0.0,0.0
2025-10-11 01:00:00,10.4,100,95,17.3,0.7,0.0,0.0
2025-10-11 02:00:00,10.7,100,96,16.8,0.1,0.0,0.0
2025-10-11 03:00:00,11.0,100,96,17.8,0.0,0.0,0.0
2025-10-11 04:00:00,11.0,100,95,17.6,0.0,0.0,0.0
2025-10-11 05:00:00,11.0,100,94,15.8,0.1,0.0,0.0
2025-10-11 06:00:00,10.9,100,95,16.0,0.2,0.0,0.0
2025-10-11 07:00:00,11.0,100,95,13.8,0.1,0.0,0.0
2025-10-11 08:00:00,11.1,100,97,12.5,0.2,0.0,8.7
2025-10-11 09:00:00,11.3,100,96,15.1,0.2,0.0,29.1
2025-10-11 10:00:00,11.5,100,95,16.2,0.3,0.0,42.9
2025-10-11 11:00:00,11.9,100,94,16.0,0.2,0.0,76.0
2025-10-11 12:00:00,12.4,100,93,18.8,0.5,0.0,116.0
2025-10-11 13:00:00,13.0,98,87,20.2,0.2,0.0,183.8
2025-10-11 14:00:00,12.8,100,84,21.5,0.2,0.0,288.5
2025-10-11 15:00:00,12.5,100,85,22.1,0.2,0.0,142.5
2025-10-11 16:00:00,12.8,100,84,20.5,0.1,0.0,147.1
2025-10-11 17:00:00,12.4,100,89,15.0,0.2,0.0,42.0
2025-10-11 18:00:00,12.1,99,90,14.6,0.1,0.0,0.0
2025-10-11 19:00:00,11.9,100,89,13.6,0.1,0.0,0.0
2025-10-11 20:00:00,11.7,100,91,14.3,0.1,0.0,0.0
2025-10-11 21:00:00,11.7,100,90,14.4,0.0,0.0,0.0
2025-10-11 22:00:00,11.6,100,89,13.1,0.0,0.0,0.0
2025-10-11 23:00:00,11.5,100,89,13.2,0.1,0.0,0.0
2025-10-12 00:00:00,11.4,100,91,11.4,0.3,0.0,0.0
2025-10-12 01:00:00,11.0,100,95,8.2,0.3,0.0,0.0
2025-10-12 02:00:00,11.2,100,88,13.3,0.1,0.0,0.0
2025-10-12 03:00:00,10.8,100,85,13.5,0.0,0.0,0.0
2025-10-12 04:00:00,10.9,100,82,13.4,0.0,0.0,0.0
2025-10-12 05:00:00,11.0,100,81,10.2,0.0,0.0,0.0
2025-10-12 06:00:00,10.6,100,86,9.8,0.0,0.0,0.0
2025-10-12 07:00:00,10.4,100,91,10.3,0.1,0.0,0.0
2025-10-12 08:00:00,10.5,98,93,11.2,0.0,0.0,29.2
2025-10-12 09:00:00,10.8,95,90,12.6,0.0,0.0,75.6
2025-10-12 10:00:00,11.3,100,83,15.0,0.0,0.0,162.8
2025-10-12 11:00:00,11.5,100,82,17.8,0.0,0.0,152.1
2025-10-12 12:00:00,12.1,100,80,19.0,0.0,0.0,201.9
2025-10-12 13:00:00,12.9,100,74,18.4,0.0,0.0,241.4
2025-10-12 14:00:00,12.2,100,76,19.8,0.0,0.0,233.1
2025-10-12 15:00:00,12.2,100,76,16.5,0.0,0.0,126.1
2025-10-12 16:00:00,12.4,100,76,18.1,0.0,0.0,100.5
2025-10-12 17:00:00,12.1,100,79,13.6,0.0,0.0,29.6
2025-10-12 18:00:00,11.9,100,79,13.0,0.0,0.0,0.0
2025-10-12 19:00:00,11.6,100,79,14.4,0.0,0.0,0.0
2025-10-12 20:00:00,11.1,100,84,13.8,0.0,0.0,0.0
2025-10-12 21:00:00,10.6,100,86,13.0,0.1,0.0,0.0
2025-10-12 22:00:00,10.4,100,88,12.6,0.0,0.0,0.0
2025-10-12 23:00:00,10.4,100,90,11.9,0.0,0.0,0.0
2025-10-13 00:00:00,10.4,100,91,11.0,0.0,0.0,0.0
2025-10-13 01:00:00,10.3,100,94,11.0,0.0,0.0,0.0
2025-10-13 02:00:00,9.9,100,97,9.7,0.4,0.0,0.0
2025-10-13 03:00:00,9.8,100,96,9.9,0.3,0.0,0.0
2025-10-13 04:00:00,9.2,100,94,9.5,0.0,0.0,0.0
2025-10-13 05:00:00,8.9,100,94,8.6,0.0,0.0,0.0
2025-10-13 06:00:00,8.1,44,91,9.7,0.0,0.0,0.0
2025-10-13 07:00:00,6.1,45,95,6.9,0.0,0.0,0.0
2025-10-13 08:00:00,5.8,6,94,6.2,0.0,0.0,85.6
2025-10-13 09:00:00,6.7,3,90,3.7,0.0,0.0,226.7
2025-10-13 10:00:00,8.1,92,82,2.7,0.0,0.0,358.7
2025-10-13 11:00:00,9.5,78,72,1.3,0.0,0.0,458.7
2025-10-13 12:00:00,10.4,79,63,1.7,0.0,0.0,513.7
2025-10-13 13:00:00,11.0,94,59,3.8,0.0,0.0,514.5
2025-10-13 14:00:00,11.5,95,58,6.3,0.0,0.0,454.4
2025-10-13 15:00:00,11.7,38,55,8.6,0.0,0.0,374.0
2025-10-13 16:00:00,11.5,55,53,11.2,0.0,0.0,246.2
2025-10-13 17:00:00,10.8,40,58,7.0,0.0,0.0,99.9
2025-10-13 18:00:00,9.1,48,68,5.1,0.0,0.0,0.0
2025-10-13 19:00:00,8.4,88,73,5.2,0.0,0.0,0.0
2025-10-13 20:00:00,7.6,99,78,4.7,0.0,0.0,0.0
2025-10-13 21:00:00,7.3,100,80,6.2,0.0,0.0,0.0
2025-10-13 22:00:00,7.0,88,82,8.0,0.0,0.0,0.0
2025-10-13 23:00:00,6.6,98,86,7.0,0.0,0.0,0.0
2025-10-14 00:00:00,5.8,100,90,6.6,0.0,0.0,0.0
2025-10-14 01:00:00,5.2,99,92,5.3,0.0,0.0,0.0
2025-10-14 02:00:00,4.9,93,93,6.5,0.0,0.0,0.0
2025-10-14 03:00:00,4.8,100,92,7.7,0.0,0.0,0.0
2025-10-14 04:00:00,5.3,99,92,8.7,0.0,0.0,0.0
2025-10-14 05:00:00,4.9,100,94,9.4,0.0,0.0,0.0
2025-10-14 06:00:00,5.2,100,94,8.8,0.0,0.0,0.0
2025-10-14 07:00:00,5.3,100,94,8.3,0.0,0.0,0.0
2025-10-14 08:00:00,5.4,100,94,8.8,0.0,0.0,23.9
2025-10-14 09:00:00,5.7,100,94,7.2,0.1,0.0,25.5
2025-10-14 10:00:00,6.4,100,91,8.3,0.0,0.0,81.7
2025-10-14 11:00:00,7.0,100,88,6.5,0.1,0.0,101.2
2025-10-14 12:00:00,7.3,100,86,7.2,0.1,0.0,94.3
2025-10-14 13:00:00,7.6,100,83,7.9,0.3,0.0,87.4
2025-10-14 14:00:00,8.0,100,88,8.6,0.4,0.0,69.4
2025-10-14 15:00:00,8.2,100,91,7.6,0.8,0.0,71.8
2025-10-14 16:00:00,8.3,100,92,8.5,0.3,0.0,68.7
2025-10-14 17:00:00,8.0,100,94,7.6,0.2,0.0,17.3
2025-10-14 18:00:00,7.7,100,95,7.1,0.2,0.0,0.0
2025-10-14 19:00:00,7.5,100,96,6.8,0.2,0.0,0.0
2025-10-14 20:00:00,7.5,100,95,8.1,0.2,0.0,0.0
2025-10-14 21:00:00,7.5,100,95,5.9,0.1,0.0,0.0
2025-10-14 22:00:00,7.5,100,95,4.6,0.0,0.0,0.0
2025-10-14 23:00:00,7.6,100,96,4.1,0.0,0.0,0.0
2025-10-15 00:00:00,7.6,100,96,3.8,0.0,0.0,0.0
2025-10-15 01:00:00,7.5,100,98,3.3,0.0,0.0,0.0
2025-10-15 02:00:00,7.2,100,98,1.4,0.0,0.0,0.0
2025-10-15 03:00:00,7.2,100,99,2.2,0.0,0.0,0.0
2025-10-15 04:00:00,7.2,100,99,1.5,0.0,0.0,0.0
2025-10-15 05:00:00,7.1,100,99,0.6,0.0,0.0,0.0
2025-10-15 06:00:00,7.0,92,99,1.9,0.0,0.0,0.0
2025-10-15 07:00:00,6.7,100,99,4.4,0.0,0.0,0.0
2025-10-15 08:00:00,7.4,100,98,4.1,0.0,0.0,22.2
2025-10-15 09:00:00,8.1,99,94,4.2,0.1,0.0,52.6
2025-10-15 10:00:00,9.1,99,86,7.3,0.2,0.0,243.1
2025-10-15 11:00:00,9.8,50,80,8.1,0.0,0.0,292.8
2025-10-15 12:00:00,10.8,16,69,7.5,0.0,0.0,383.4
2025-10-15 13:00:00,11.1,38,61,8.3,0.0,0.0,410.1
2025-10-15 14:00:00,10.5,100,61,7.7,0.0,0.0,351.3
2025-10-15 15:00:00,10.4,100,64,7.9,0.0,0.0,118.3
2025-10-15 16:00:00,10.3,100,66,6.4,0.0,0.0,95.3
2025-10-15 17:00:00,10.0,100,69,4.4,0.0,0.0,61.0
2025-10-15 18:00:00,8.9,86,76,4.3,0.0,0.0,0.0
2025-10-15 19:00:00,8.3,83,79,6.0,0.0,0.0,0.0
2025-10-15 20:00:00,7.6,5,82,6.3,0.0,0.0,0.0
2025-10-15 21:00:00,7.1,19,85,5.3,0.0,0.0,0.0
2025-10-15 22:00:00,6.4,14,87,3.2,0.0,0.0,0.0
2025-10-15 23:00:00,6.0,13,89,2.1,0.0,0.0,0.0
2025-10-16 00:00:00,5.3,1,92,1.9,0.0,0.0,0.0
2025-10-16 01:00:00,4.9,0,92,1.3,0.0,0.0,0.0
2025-10-16 02:00:00,4.5,0,93,2.6,0.0,0.0,0.0
2025-10-16 03:00:00,4.1,3,94,3.7,0.0,0.0,0.0
2025-10-16 04:00:00,4.1,5,94,4.8,0.0,0.0,0.0
2025-10-16 05:00:00,3.9,5,94,4.7,0.0,0.0,0.0
2025-10-16 06:00:00,3.3,10,94,4.1,0.0,0.0,0.0
2025-10-16 07:00:00,3.5,12,94,5.8,0.0,0.0,0.0
2025-10-16 08:00:00,4.3,88,96,7.7,0.0,0.0,66.5
2025-10-16 09:00:00,5.7,87,95,7.4,0.0,0.0,149.2
2025-10-16 10:00:00,7.2,92,95,4.5,0.0,0.0,275.2
2025-10-16 11:00:00,9.9,2,79,6.5,0.0,0.0,371.5
2025-10-16 12:00:00,11.9,0,66,7.3,0.0,0.0,488.1
2025-10-16 13:00:00,12.8,8,55,9.0,0.0,0.0,490.4
2025-10-16 14:00:00,13.2,52,53,9.9,0.0,0.0,434.5
2025-10-16 15:00:00,12.7,100,55,8.9,0.0,0.0,179.0
2025-10-16 16:00:00,12.4,100,60,8.1,0.0,0.0,93.3
2025-10-16 17:00:00,11.8,100,64,6.9,0.0,0.0,27.8
2025-10-16 18:00:00,11.0,100,69,6.6,0.0,0.0,0.0
2025-10-16 19:00:00,10.6,100,69,9.6,0.0,0.0,0.0
2025-10-16 20:00:00,10.5,100,74,8.4,0.0,0.0,0.0
2025-10-16 21:00:00,10.2,100,78,7.7,0.0,0.0,0.0
2025-10-16 22:00:00,9.8,100,82,7.1,0.0,0.0,0.0
2025-10-16 23:00:00,9.0,100,85,8.0,0.0,0.0,0.0
2025-10-17 00:00:00,8.4,100,87,7.7,0.0,0.0,0.0
2025-10-17 01:00:00,8.6,100,86,7.6,0.1,0.0,0.0
2025-10-17 02:00:00,9.2,82,86,9.1,0.2,0.0,0.0
2025-10-17 03:00:00,8.7,15,88,9.2,0.0,0.0,0.0
2025-10-17 04:00:00,8.3,29,88,9.6,0.0,0.0,0.0
2025-10-17 05:00:00,7.9,55,89,8.0,0.0,0.0,0.0
2025-10-17 06:00:00,7.5,93,90,7.0,0.0,0.0,0.0
2025-10-17 07:00:00,7.4,70,90,7.9,0.0,0.0,0.0
2025-10-17 08:00:00,7.7,15,91,8.4,0.0,0.0,50.4
2025-10-17 09:00:00,8.9,85,88,8.1,0.0,0.0,182.8
2025-10-17 10:00:00,10.3,63,82,8.1,0.0,0.0,255.8
2025-10-17 11:00:00,11.1,74,78,10.4,0.1,0.0,268.2
2025-10-17 12:00:00,11.5,40,75,11.4,0.1,0.0,265.4
2025-10-17 13:00:00,12.3,60,69,12.0,0.0,0.0,312.6
2025-10-17 14:00:00,11.9,100,72,10.8,0.0,0.0,231.3
2025-10-17 15:00:00,11.1,100,80,9.1,0.2,0.0,104.5
2025-10-17 16:00:00,11.1,97,80,10.3,0.1,0.0,92.1
2025-10-17 17:00:00,10.3,100,87,10.7,0.5,0.0,28.5
2025-10-17 18:00:00,9.6,98,93,9.3,0.3,0.0,0.0
2025-10-17 19:00:00,9.3,32,95,8.5,0.0,0.0,0.0
2025-10-17 20:00:00,9.1,55,97,7.8,0.0,0.0,0.0
2025-10-17 21:00:00,8.7,100,97,8.2,0.0,0.0,0.0
2025-10-17 22:00:00,9.1,45,95,8.4,0.0,0.0,0.0
2025-10-17 23:00:00,7.9,41,93,9.8,0.1,0.0,0.0
2025-10-18 00:00:00,7.3,99,93,12.6,0.6,0.0,0.0
2025-10-18 01:00:00,7.5,26,97,10.8,0.1,0.0,0.0
2025-10-18 02:00:00,7.4,70,95,12.1,0.0,0.0,0.0
2025-10-18 03:00:00,7.2,100,96,14.8,0.8,0.0,0.0
2025-10-18 04:00:00,7.5,41,91,14.7,0.0,0.0,0.0
2025-10-18 05:00:00,6.7,79,94,12.1,0.0,0.0,0.0
2025-10-18 06:00:00,7.1,38,90,18.0,0.0,0.0,0.0
2025-10-18 07:00:00,6.4,45,90,18.7,0.1,0.0,0.0
2025-10-18 08:00:00,6.0,71,87,18.7,0.0,0.0,52.3
2025-10-18 09:00:00,5.9,84,89,17.3,0.5,0.0,140.0
2025-10-18 10:00:00,6.1,35,83,21.9,0.1,0.0,209.3
2025-10-18 11:00:00,7.1,21,71,21.7,0.0,0.0,379.7
2025-10-18 12:00:00,7.9,16,61,21.4,0.0,0.0,447.9
2025-10-18 13:00:00,8.4,100,55,26.0,0.0,0.0,435.6
2025-10-18 14:00:00,8.0,84,63,23.1,0.0,0.0,135.5
2025-10-18 15:00:00,7.9,73,64,22.4,0.1,0.0,173.0
2025-10-18 16:00:00,7.6,74,68,20.2,0.1,0.0,123.1
2025-10-18 17:00:00,7.2,50,72,17.9,0.0,0.0,35.7
2025-10-18 18:00:00,7.0,35,72,16.5,0.0,0.0,0.0
2025-10-18 19:00:00,6.6,100,73,16.0,0.0,0.0,0.0
2025-10-18 20:00:00,6.7,100,74,16.7,0.0,0.0,0.0
2025-10-18 21:00:00,6.6,100,76,14.7,0.0,0.0,0.0
2025-10-18 22:00:00,6.5,100,78,12.9,0.0,0.0,0.0
2025-10-18 23:00:00,6.2,100,81,12.0,0.0,0.0,0.0
2025-10-19 00:00:00,6.0,100,83,11.4,0.0,0.0,0.0
2025-10-19 01:00:00,6.0,100,84,10.8,0.0,0.0,0.0
2025-10-19 02:00:00,5.6,100,88,10.4,0.0,0.0,0.0
2025-10-19 03:00:00,5.8,100,89,10.0,0.0,0.0,0.0
2025-10-19 04:00:00,5.8,100,88,8.7,0.0,0.0,0.0
2025-10-19 05:00:00,5.8,100,88,7.8,0.0,0.0,0.0
2025-10-19 06:00:00,5.7,100,86,6.2,0.0,0.0,0.0
2025-10-19 07:00:00,5.5,100,87,4.7,0.0,0.0,0.0
2025-10-19 08:00:00,5.4,100,89,4.2,0.0,0.0,28.6
2025-10-19 09:00:00,5.5,100,87,4.9,0.0,0.0,53.9
2025-10-19 10:00:00,6.0,100,83,4.8,0.0,0.0,120.2
2025-10-19 11:00:00,6.4,94,78,2.9,0.0,0.0,167.1
2025-10-19 12:00:00,7.5,66,71,2.2,0.0,0.0,364.0
2025-10-19 13:00:00,8.2,66,64,1.9,0.0,0.0,382.9
2025-10-19 14:00:00,8.7,73,63,2.1,0.0,0.0,347.4
2025-10-19 15:00:00,8.9,81,61,1.4,0.0,0.0,244.0
2025-10-19 16:00:00,8.8,26,59,2.2,0.0,0.0,170.6
2025-10-19 17:00:00,8.1,0,71,1.1,0.0,0.0,72.8
2025-10-19 18:00:00,6.4,0,70,1.0,0.0,0.0,0.0
2025-10-19 19:00:00,5.7,0,73,2.7,0.0,0.0,0.0
2025-10-19 20:00:00,4.6,0,79,4.9,0.0,0.0,0.0
2025-10-19 21:00:00,4.3,1,77,6.6,0.0,0.0,0.0
2025-10-19 22:00:00,3.8,0,78,8.7,0.0,0.0,0.0
2025-10-19 23:00:00,3.5,0,80,10.2,0.0,0.0,0.0
2025-10-20 00:00:00,3.4,0,81,10.9,0.0,0.0,0.0
2025-10-20 01:00:00,3.2,0,83,10.9,0.0,0.0,0.0
2025-10-20 02:00:00,2.3,0,85,10.9,0.0,0.0,0.0
2025-10-20 03:00:00,1.8,0,87,9.6,0.0,0.0,0.0
2025-10-20 04:00:00,1.5,0,88,9.1,0.0,0.0,0.0
2025-10-20 05:00:00,1.1,0,89,9.0,0.0,0.0,0.0
2025-10-20 06:00:00,0.9,0,90,9.2,0.0,0.0,0.0
2025-10-20 07:00:00,0.7,0,90,9.3,0.0,0.0,0.0
2025-10-20 08:00:00,0.9,35,93,10.9,0.0,0.0,59.7
2025-10-20 09:00:00,2.2,9,89,8.5,0.0,0.0,183.7
2025-10-20 10:00:00,4.3,11,84,7.2,0.0,0.0,321.1
2025-10-20 11:00:00,6.6,0,77,6.4,0.0,0.0,421.9
2025-10-20 12:00:00,8.8,0,68,7.0,0.0,0.0,481.3
2025-10-20 13:00:00,10.4,0,55,8.1,0.0,0.0,485.0
2025-10-20 14:00:00,11.7,0,48,9.2,0.0,0.0,437.0
2025-10-20 15:00:00,11.9,0,47,9.8,0.0,0.0,343.1
2025-10-20 16:00:00,11.6,0,50,8.9,0.0,0.0,216.1
2025-10-20 17:00:00,10.0,0,59,8.7,0.0,0.0,75.1
2025-10-20 18:00:00,7.9,0,70,9.7,0.0,0.0,0.0
2025-10-20 19:00:00,7.0,0,76,8.8,0.0,0.0,0.0
2025-10-20 20:00:00,6.5,0,80,8.1,0.0,0.0,0.0
2025-10-20 21:00:00,6.1,0,82,8.7,0.0,0.0,0.0
2025-10-20 22:00:00,5.4,0,85,8.1,0.0,0.0,0.0
2025-10-20 23:00:00,4.6,0,87,6.9,0.0,0.0,0.0
2025-10-21 00:00:00,4.2,0,88,7.3,0.0,0.0,0.0
2025-10-21 01:00:00,3.6,1,90,8.3,0.0,0.0,0.0
2025-10-21 02:00:00,3.0,19,90,10.2,0.0,0.0,0.0
2025-10-21 03:00:00,2.7,45,84,10.8,0.0,0.0,0.0
2025-10-21 04:00:00,2.8,100,78,11.1,0.0,0.0,0.0
2025-10-21 05:00:00,2.9,96,76,11.6,0.0,0.0,0.0
2025-10-21 06:00:00,3.2,100,75,11.5,0.0,0.0,0.0
2025-10-21 07:00:00,4.0,100,72,10.8,0.0,0.0,0.0
2025-10-21 08:00:00,4.4,100,74,10.4,0.0,0.0,21.8
2025-10-21 09:00:00,5.3,100,72,9.0,0.0,0.0,78.5
2025-10-21 10:00:00,6.7,100,68,9.6,0.0,0.0,125.4
2025-10-21 11:00:00,7.7,100,67,9.0,0.0,0.0,98.4
2025-10-21 12:00:00,9.5,100,65,7.6,0.0,0.0,195.1
2025-10-21 13:00:00,11.2,100,65,8.6,0.0,0.0,214.2
2025-10-21 14:00:00,13.2,100,61,15.8,0.0,0.0,322.3
2025-10-21 15:00:00,13.2,97,63,13.0,0.0,0.0,246.7
2025-10-21 16:00:00,13.1,98,66,10.8,0.0,0.0,184.9
2025-10-21 17:00:00,11.8,100,73,9.1,0.0,0.0,59.4
2025-10-21 18:00:00,10.3,98,80,9.0,0.0,0.0,0.0
2025-10-21 19:00:00,9.4,97,83,10.4,0.0,0.0,0.0
2025-10-21 20:00:00,9.4,82,82,11.1,0.0,0.0,0.0
2025-10-21 21:00:00,8.8,84,84,10.4,0.0,0.0,0.0
2025-10-21 22:00:00,8.4,98,86,9.8,0.0,0.0,0.0
2025-10-21 23:00:00,8.3,95,87,9.7,0.0,0.0,0.0
2025-10-22 00:00:00,8.4,88,86,9.7,0.0,0.0,0.0
2025-10-22 01:00:00,8.7,86,86,8.9,0.0,0.0,0.0
2025-10-22 02:00:00,8.5,99,85,6.4,0.0,0.0,0.0
2025-10-22 03:00:00,9.1,100,84,8.8,0.0,0.0,0.0
2025-10-22 04:00:00,9.7,100,84,10.2,0.0,0.0,0.0
2025-10-22 05:00:00,10.2,100,84,10.1,0.0,0.0,0.0
2025-10-22 06:00:00,10.4,66,83,7.2,0.0,0.0,0.0
2025-10-22 07:00:00,9.0,79,87,5.5,0.0,0.0,0.0
2025-10-22 08:00:00,9.4,91,85,8.0,0.0,0.0,48.9
2025-10-22 09:00:00,10.6,91,83,8.7,0.0,0.0,149.7
2025-10-22 10:00:00,12.1,45,79,8.7,0.0,0.0,278.7
2025-10-22 11:00:00,13.6,42,72,8.4,0.0,0.0,356.9
2025-10-22 12:00:00,15.1,66,67,6.5,0.0,0.0,405.8
2025-10-22 13:00:00,16.3,96,61,12.4,0.0,0.0,387.6
2025-10-22 14:00:00,16.8,62,60,12.5,0.0,0.0,348.5
2025-10-22 15:00:00,16.9,88,59,13.1,0.0,0.0,270.2
2025-10-22 16:00:00,16.1,98,62,11.2,0.0,0.0,141.4
2025-10-22 17:00:00,15.1,97,64,11.3,0.0,0.0,50.2
2025-10-22 18:00:00,13.8,100,68,11.4,0.0,0.0,0.0
2025-10-22 19:00:00,13.8,100,67,11.7,0.0,0.0,0.0
2025-10-22 20:00:00,13.3,100,76,8.9,0.5,0.0,0.0
2025-10-22 21:00:00,12.2,100,83,9.4,0.3,0.0,0.0
2025-10-22 22:00:00,11.7,74,88,11.8,0.3,0.0,0.0
2025-10-22 23:00:00,11.3,100,90,11.1,0.2,0.0,0.0
2025-10-23 00:00:00,11.5,100,90,10.4,0.0,0.0,0.0
2025-10-23 01:00:00,11.8,100,88,10.6,0.0,0.0,0.0
2025-10-23 02:00:00,11.7,97,88,9.6,0.0,0.0,0.0
2025-10-23 03:00:00,11.0,87,88,9.0,0.0,0.0,0.0
2025-10-23 04:00:00,10.7,89,87,9.0,0.0,0.0,0.0
2025-10-23 05:00:00,10.3,60,87,9.4,0.0,0.0,0.0
2025-10-23 06:00:00,10.3,74,87,8.3,0.0,0.0,0.0
2025-10-23 07:00:00,10.0,99,88,9.4,0.0,0.0,0.0
2025-10-23 08:00:00,10.6,94,85,10.4,0.0,0.0,44.4
2025-10-23 09:00:00,12.3,46,81,11.6,0.0,0.0,160.9
2025-10-23 10:00:00,14.5,2,72,12.3,0.0,0.0,288.9
2025-10-23 11:00:00,16.0,9,68,12.5,0.0,0.0,382.5
2025-10-23 12:00:00,17.0,6,66,11.7,0.0,0.0,429.8
2025-10-23 13:00:00,18.0,23,63,14.8,0.0,0.0,437.1
2025-10-23 14:00:00,18.5,95,63,15.4,0.0,0.0,375.6
2025-10-23 15:00:00,17.9,88,67,12.5,0.0,0.0,266.1
2025-10-23 16:00:00,18.0,66,67,11.5,0.0,0.0,160.3
2025-10-23 17:00:00,17.3,69,68,14.0,0.0,0.0,45.1
2025-10-23 18:00:00,16.0,100,73,11.7,0.0,0.0,0.0
2025-10-23 19:00:00,15.7,100,75,10.0,0.0,0.0,0.0
2025-10-23 20:00:00,14.6,100,83,8.5,1.3,0.0,0.0
2025-10-23 21:00:00,14.2,100,90,10.3,0.1,0.0,0.0
2025-10-23 22:00:00,13.4,100,94,4.2,0.5,0.0,0.0
2025-10-23 23:00:00,13.2,100,96,7.9,0.5,0.0,0.0
2025-10-24 00:00:00,13.4,100,95,11.7,0.2,0.0,0.0
2025-10-24 01:00:00,12.3,100,98,15.7,0.8,0.0,0.0
2025-10-24 02:00:00,10.1,100,96,17.8,0.4,0.0,0.0
2025-10-24 03:00:00,9.5,100,95,15.7,1.0,0.0,0.0
2025-10-24 04:00:00,9.1,100,95,14.6,1.8,0.0,0.0
2025-10-24 05:00:00,9.1,100,95,13.2,1.6,0.0,0.0
2025-10-24 06:00:00,9.0,100,95,12.3,1.4,0.0,0.0
2025-10-24 07:00:00,8.8,100,96,10.2,1.2,0.0,0.0
2025-10-24 08:00:00,8.8,100,96,10.1,1.5,0.0,3.6
2025-10-24 09:00:00,8.8,100,97,11.5,1.5,0.0,11.5
2025-10-24 10:00:00,9.0,100,96,15.4,1.3,0.0,29.8
2025-10-24 11:00:00,9.2,100,89,19.4,1.8,0.0,36.2
2025-10-24 12:00:00,8.8,100,94,19.1,1.1,0.0,50.9
2025-10-24 13:00:00,8.7,100,92,20.0,0.9,0.0,53.5
2025-10-24 14:00:00,8.8,100,92,18.4,0.3,0.0,113.2
2025-10-24 15:00:00,9.7,100,89,13.4,0.2,0.0,115.6
2025-10-24 16:00:00,9.9,99,89,13.6,0.1,0.0,107.1
2025-10-24 17:00:00,9.2,99,76,17.2,0.1,0.0,36.6
2025-10-24 18:00:00,8.1,73,76,16.1,0.3,0.0,0.0
2025-10-24 19:00:00,7.3,48,84,14.5,0.6,0.0,0.0
2025-10-24 20:00:00,7.0,63,81,15.4,0.0,0.0,0.0
2025-10-24 21:00:00,6.8,98,79,15.0,0.0,0.0,0.0
2025-10-24 22:00:00,6.6,70,79,15.1,0.0,0.0,0.0
2025-10-24 23:00:00,5.6,14,83,13.9,0.0,0.0,0.0
2025-10-25 00:00:00,5.5,4,85,13.6,0.0,0.0,0.0
2025-10-25 01:00:00,5.1,0,85,13.2,0.0,0.0,0.0
2025-10-25 02:00:00,5.2,5,86,13.8,0.0,0.0,0.0
2025-10-25 03:00:00,5.0,5,84,13.8,0.0,0.0,0.0
2025-10-25 04:00:00,4.7,2,83,13.6,0.0,0.0,0.0
2025-10-25 05:00:00,4.5,0,82,14.4,0.0,0.0,0.0
2025-10-25 06:00:00,4.3,1,81,15.2,0.0,0.0,0.0
2025-10-25 07:00:00,4.3,16,80,16.2,0.0,0.0,0.0
2025-10-25 08:00:00,4.8,43,80,16.7,0.0,0.0,41.7
2025-10-25 09:00:00,5.7,76,78,14.0,0.0,0.0,144.8
2025-10-25 10:00:00,6.9,72,74,15.8,0.0,0.0,270.0
2025-10-25 11:00:00,8.2,12,67,17.8,0.0,0.0,375.5
2025-10-25 12:00:00,9.6,13,61,19.0,0.0,0.0,435.2
2025-10-25 13:00:00,10.5,16,57,20.3,0.0,0.0,438.9
2025-10-25 14:00:00,11.1,87,56,21.8,0.0,0.0,397.7
2025-10-25 15:00:00,10.5,77,58,25.2,0.0,0.0,229.0
2025-10-25 16:00:00,9.9,76,65,18.4,0.0,0.0,101.9
2025-10-25 17:00:00,9.3,27,68,14.7,0.0,0.0,36.8
2025-10-25 18:00:00,8.3,92,72,14.4,0.0,0.0,0.0
2025-10-25 19:00:00,8.3,74,71,16.7,0.0,0.0,0.0
2025-10-25 20:00:00,8.9,62,74,17.2,0.0,0.0,0.0
2025-10-25 21:00:00,8.1,9,77,18.4,0.0,0.0,0.0
2025-10-25 22:00:00,7.7,2,83,17.7,0.0,0.0,0.0
2025-10-25 23:00:00,7.5,3,86,17.0,0.0,0.0,0.0
2025-10-26 00:00:00,7.4,6,86,17.7,0.0,0.0,0.0
2025-10-26 01:00:00,7.0,30,86,16.9,0.0,0.0,0.0
2025-10-26 02:00:00,6.8,33,86,16.8,0.0,0.0,0.0
2025-10-26 03:00:00,6.7,44,87,15.7,0.0,0.0,0.0
2025-10-26 04:00:00,6.6,100,88,15.3,0.0,0.0,0.0
2025-10-26 05:00:00,7.0,100,86,15.7,0.0,0.0,0.0
2025-10-26 06:00:00,7.1,100,86,14.4,0.0,0.0,0.0
2025-10-26 07:00:00,7.1,68,86,13.5,0.0,0.0,0.0
2025-10-26 08:00:00,6.6,98,89,12.6,0.0,0.0,32.0
2025-10-26 09:00:00,7.5,99,86,13.0,0.0,0.0,76.0
2025-10-26 10:00:00,8.9,44,80,12.7,0.1,0.0,195.2
2025-10-26 11:00:00,10.0,30,76,14.8,0.0,0.0,323.1
2025-10-26 12:00:00,10.7,23,71,14.5,0.0,0.0,403.2
2025-10-26 13:00:00,11.3,38,69,17.1,0.0,0.0,402.2
2025-10-26 14:00:00,11.0,89,69,20.5,0.0,0.0,352.2
2025-10-26 15:00:00,10.4,43,72,23.0,0.3,0.0,234.7
2025-10-26 16:00:00,9.4,64,78,23.1,0.1,0.0,112.9
2025-10-26 17:00:00,9.4,9,79,18.6,0.1,0.0,30.2
2025-10-26 18:00:00,8.2,30,77,17.8,0.2,0.0,0.0
2025-10-26 19:00:00,7.7,87,68,17.5,0.0,0.0,0.0
2025-10-26 20:00:00,7.4,98,62,19.7,0.0,0.0,0.0
2025-10-26 21:00:00,6.6,100,70,18.5,0.2,0.0,0.0
2025-10-26 22:00:00,6.1,100,77,19.0,0.2,0.0,0.0
2025-10-26 23:00:00,6.1,93,76,17.4,0.0,0.0,0.0
2025-10-27 00:00:00,6.2,100,74,16.8,0.0,0.0,0.0
2025-10-27 01:00:00,6.6,98,71,16.8,0.0,0.0,0.0
2025-10-27 02:00:00,6.4,94,71,15.5,0.0,0.0,0.0
2025-10-27 03:00:00,5.9,100,73,16.1,0.0,0.0,0.0
2025-10-27 04:00:00,6.1,100,72,16.9,0.0,0.0,0.0
2025-10-27 05:00:00,5.8,100,71,16.7,0.0,0.0,0.0
2025-10-27 06:00:00,5.3,99,70,16.8,0.0,0.0,0.0
2025-10-27 07:00:00,4.6,100,70,16.5,0.0,0.0,0.0
2025-10-27 08:00:00,4.4,76,70,16.0,0.0,0.0,29.7
2025-10-27 09:00:00,5.3,55,70,19.3,0.0,0.0,141.7
2025-10-27 10:00:00,6.3,27,68,19.0,0.0,0.0,259.4
2025-10-27 11:00:00,7.0,99,66,21.3,0.0,0.0,326.8
2025-10-27 12:00:00,7.2,72,66,19.1,0.0,0.0,140.3
2025-10-27 13:00:00,8.6,100,61,25.0,0.0,0.0,314.0
2025-10-27 14:00:00,8.2,100,69,27.3,0.1,0.0,219.2
2025-10-27 15:00:00,7.1,100,80,22.4,0.4,0.0,46.5
2025-10-27 16:00:00,6.4,100,87,26.0,0.5,0.0,25.4
2025-10-27 17:00:00,6.0,100,90,23.8,0.5,0.0,8.6
2025-10-27 18:00:00,5.9,100,90,22.2,0.2,0.0,0.0
2025-10-27 19:00:00,5.6,89,91,19.5,0.0,0.0,0.0
2025-10-27 20:00:00,6.0,88,92,20.7,0.0,0.0,0.0
2025-10-27 21:00:00,6.0,98,91,19.9,0.0,0.0,0.0
2025-10-27 22:00:00,6.0,99,89,20.3,0.0,0.0,0.0
2025-10-27 23:00:00,5.8,95,88,18.7,0.0,0.0,0.0
2025-10-28 00:00:00,6.0,100,85,18.4,0.0,0.0,0.0
2025-10-28 01:00:00,6.0,100,81,16.6,0.0,0.0,0.0
2025-10-28 02:00:00,5.4,92,93,17.2,0.0,0.0,0.0
2025-10-28 03:00:00,5.5,91,92,18.8,0.8,0.0,0.0
2025-10-28 04:00:00,5.6,77,95,17.6,0.1,0.0,0.0
2025-10-28 05:00:00,5.0,67,94,16.7,0.3,0.0,0.0
2025-10-28 06:00:00,5.1,100,94,16.7,0.1,0.0,0.0
2025-10-28 07:00:00,5.7,100,90,19.8,0.1,0.0,0.0
2025-10-28 08:00:00,5.3,90,91,18.6,0.1,0.0,4.5
2025-10-28 09:00:00,6.5,94,87,18.4,0.0,0.0,101.4
2025-10-28 10:00:00,7.7,38,77,18.5,0.0,0.0,195.1
2025-10-28 11:00:00,8.7,33,66,23.6,0.1,0.0,280.9
2025-10-28 12:00:00,9.3,40,61,24.1,0.0,0.0,360.8
2025-10-28 13:00:00,9.7,38,58,22.1,0.1,0.0,341.6
2025-10-28 14:00:00,9.3,94,67,19.7,0.0,0.0,307.4
2025-10-28 15:00:00,10.0,100,60,20.9,0.0,0.0,211.1
2025-10-28 16:00:00,8.8,100,67,18.8,0.0,0.0,84.9
2025-10-28 17:00:00,7.9,100,78,19.1,0.6,0.0,9.9
2025-10-28 18:00:00,7.2,100,87,20.0,0.8,0.0,0.0
2025-10-28 19:00:00,7.1,100,90,23.1,0.5,0.0,0.0
2025-10-28 20:00:00,7.5,100,91,23.5,0.1,0.0,0.0
2025-10-28 21:00:00,8.2,100,91,21.5,0.1,0.0,0.0
2025-10-28 22:00:00,8.5,100,91,22.2,1.0,0.0,0.0
2025-10-28 23:00:00,8.8,92,90,23.7,0.3,0.0,0.0
2025-10-29 00:00:00,8.9,100,88,21.3,0.3,0.0,0.0
2025-10-29 01:00:00,8.6,100,93,17.8,0.7,0.0,0.0
2025-10-29 02:00:00,8.5,68,94,16.8,0.1,0.0,0.0
2025-10-29 03:00:00,7.9,20,93,16.7,0.0,0.0,0.0
2025-10-29 04:00:00,7.4,17,94,14.7,0.0,0.0,0.0
2025-10-29 05:00:00,7.3,3,94,14.8,0.0,0.0,0.0
2025-10-29 06:00:00,6.9,12,94,13.7,0.0,0.0,0.0
2025-10-29 07:00:00,6.6,4,95,13.2,0.0,0.0,0.0
2025-10-29 08:00:00,6.9,5,95,13.0,0.0,0.0,29.0
2025-10-29 09:00:00,8.0,1,92,12.6,0.0,0.0,141.6
2025-10-29 10:00:00,9.6,1,88,11.0,0.0,0.0,269.3
2025-10-29 11:00:00,11.1,99,81,11.9,0.0,0.0,365.0
2025-10-29 12:00:00,12.4,4,64,13.8,0.0,0.0,407.7
2025-10-29 13:00:00,13.2,38,57,14.0,0.0,0.0,417.8
2025-10-29 14:00:00,13.0,95,62,14.9,0.0,0.0,363.5
2025-10-29 15:00:00,13.6,80,58,15.3,0.0,0.0,208.9
2025-10-29 16:00:00,13.2,83,63,10.9,0.0,0.0,125.4
2025-10-29 17:00:00,12.2,2,68,8.6,0.0,0.0,28.2
2025-10-29 18:00:00,10.3,1,75,5.9,0.0,0.0,0.0
2025-10-29 19:00:00,10.0,0,75,7.2,0.0,0.0,0.0
2025-10-29 20:00:00,9.1,93,79,9.1,0.0,0.0,0.0
2025-10-29 21:00:00,8.9,80,79,9.4,0.0,0.0,0.0
2025-10-29 22:00:00,8.7,14,78,8.9,0.0,0.0,0.0
2025-10-29 23:00:00,8.2,99,79,9.1,0.0,0.0,0.0
2025-10-30 00:00:00,8.1,100,79,10.3,0.0,0.0,0.0
2025-10-30 01:00:00,8.1,100,81,10.6,0.0,0.0,0.0
2025-10-30 02:00:00,8.0,100,82,9.4,0.0,0.0,0.0
2025-10-30 03:00:00,8.2,100,83,10.6,0.0,0.0,0.0
2025-10-30 04:00:00,8.5,99,82,11.1,0.0,0.0,0.0
2025-10-30 05:00:00,8.4,100,83,10.9,0.0,0.0,0.0
2025-10-30 06:00:00,8.3,100,83,11.0,0.0,0.0,0.0
2025-10-30 07:00:00,8.8,99,83,12.3,0.0,0.0,0.0
2025-10-30 08:00:00,9.3,95,82,13.6,0.0,0.0,20.8
2025-10-30 09:00:00,11.3,87,76,17.2,0.0,0.0,131.1
2025-10-30 10:00:00,12.9,93,68,19.0,0.0,0.0,250.7
2025-10-30 11:00:00,13.9,100,67,14.7,0.0,0.0,266.0
2025-10-30 12:00:00,14.6,100,68,13.8,0.0,0.0,216.4
2025-10-30 13:00:00,14.2,100,62,17.9,0.0,0.0,53.5
2025-10-30 14:00:00,14.4,100,67,24.0,0.1,0.0,31.9
2025-10-30 15:00:00,13.8,19,71,22.7,0.0,0.0,41.9
2025-10-30 16:00:00,13.8,27,71,21.9,0.0,0.0,124.7
2025-10-30 17:00:00,12.4,34,68,23.6,0.1,0.0,25.4
2025-10-30 18:00:00,11.0,0,63,18.6,0.0,0.0,0.0
2025-10-30 19:00:00,9.6,0,66,14.5,0.0,0.0,0.0
2025-10-30 20:00:00,9.0,1,73,13.0,0.0,0.0,0.0
2025-10-30 21:00:00,8.2,0,71,15.0,0.0,0.0,0.0
2025-10-30 22:00:00,8.3,17,66,15.1,0.0,0.0,0.0
2025-10-30 23:00:00,7.3,0,74,12.6,0.0,0.0,0.0
2025-10-31 00:00:00,6.6,0,79,12.1,0.0,0.0,0.0
2025-10-31 01:00:00,6.4,0,77,12.3,0.0,0.0,0.0
2025-10-31 02:00:00,6.3,41,75,12.3,0.0,0.0,0.0
2025-10-31 03:00:00,5.4,100,78,10.8,0.0,0.0,0.0
2025-10-31 04:00:00,5.2,100,78,11.3,0.0,0.0,0.0
2025-10-31 05:00:00,5.0,93,79,10.9,0.0,0.0,0.0
2025-10-31 06:00:00,4.7,95,80,10.4,0.0,0.0,0.0
2025-10-31 07:00:00,4.5,23,81,9.4,0.0,0.0,0.0
2025-10-31 08:00:00,3.9,0,82,8.9,0.0,0.0,28.0
2025-10-31 09:00:00,4.7,0,81,8.9,0.0,0.0,137.2
2025-10-31 10:00:00,6.5,0,78,6.0,0.0,0.0,263.6
2025-10-31 11:00:00,8.6,47,72,5.6,0.0,0.0,359.2
2025-10-31 12:00:00,10.1,61,61,6.8,0.0,0.0,409.1
2025-10-31 13:00:00,10.9,59,58,4.7,0.0,0.0,408.8
2025-10-31 14:00:00,11.4,88,58,3.6,0.0,0.0,360.2
2025-10-31 15:00:00,11.6,53,58,2.7,0.0,0.0,270.8
2025-10-31 16:00:00,11.3,93,61,1.8,0.0,0.0,151.0
2025-10-31 17:00:00,9.7,100,68,0.2,0.0,0.0,27.0
2025-10-31 18:00:00,8.2,100,71,0.4,0.0,0.0,0.0
2025-10-31 19:00:00,7.2,100,77,2.6,0.0,0.0,0.0
2025-10-31 20:00:00,6.7,100,79,6.1,0.0,0.0,0.0
2025-10-31 21:00:00,6.4,100,79,7.0,0.0,0.0,0.0
2025-10-31 22:00:00,6.0,100,80,7.3,0.0,0.0,0.0
2025-10-31 23:00:00,5.7,100,80,7.5,0.0,0.0,0.0
2025-11-01 00:00:00,5.7,100,80,7.9,0.0,0.0,0.0
2025-11-01 01:00:00,5.6,100,80,8.1,0.0,0.0,0.0
2025-11-01 02:00:00,5.0,100,81,7.5,0.0,0.0,0.0
2025-11-01 03:00:00,4.3,100,83,8.5,0.0,0.0,0.0
2025-11-01 04:00:00,4.5,100,83,9.7,0.0,0.0,0.0
2025-11-01 05:00:00,5.1,100,82,10.6,0.0,0.0,0.0
2025-11-01 06:00:00,5.5,100,81,8.9,0.0,0.0,0.0
2025-11-01 07:00:00,5.6,100,82,9.0,0.0,0.0,0.0
2025-11-01 08:00:00,5.3,81,82,8.8,0.0,0.0,18.3
2025-11-01 09:00:00,6.0,56,83,8.8,0.0,0.0,112.4
2025-11-01 10:00:00,7.9,2,81,10.0,0.0,0.0,237.6
2025-11-01 11:00:00,10.4,1,76,5.9,0.0,0.0,339.7
2025-11-01 12:00:00,13.0,0,71,5.5,0.0,0.0,392.6
2025-11-01 13:00:00,15.0,0,68,5.3,0.0,0.0,393.9
2025-11-01 14:00:00,16.5,79,67,6.1,0.0,0.0,347.7
2025-11-01 15:00:00,16.9,98,68,5.7,0.0,0.0,257.2
2025-11-01 16:00:00,16.2,82,74,5.6,0.0,0.0,138.8
2025-11-01 17:00:00,14.4,95,80,8.0,0.0,0.0,23.0
2025-11-01 18:00:00,13.7,100,80,9.3,0.0,0.0,0.0
2025-11-01 19:00:00,13.5,100,78,8.6,0.0,0.0,0.0
2025-11-01 20:00:00,13.6,100,75,10.3,0.0,0.0,0.0
2025-11-01 21:00:00,13.1,100,76,9.7,0.0,0.0,0.0
2025-11-01 22:00:00,12.6,100,77,9.4,0.0,0.0,0.0
2025-11-01 23:00:00,12.5,100,77,10.1,0.0,0.0,0.0
2025-11-02 00:00:00,12.9,100,76,10.9,0.0,0.0,0.0
2025-11-02 01:00:00,12.5,100,78,9.7,0.0,0.0,0.0
2025-11-02 02:00:00,12.7,100,78,8.7,0.0,0.0,0.0
2025-11-02 03:00:00,12.9,100,79,7.8,0.0,0.0,0.0
2025-11-02 04:00:00,13.0,100,80,7.8,0.0,0.0,0.0
2025-11-02 05:00:00,13.0,100,82,7.0,0.0,0.0,0.0
2025-11-02 06:00:00,12.3,100,86,7.4,0.0,0.0,0.0
2025-11-02 07:00:00,12.0,80,88,7.6,0.0,0.0,0.0
2025-11-02 08:00:00,11.5,22,88,9.3,0.0,0.0,20.0
2025-11-02 09:00:00,12.3,55,86,10.7,0.0,0.0,115.5
2025-11-02 10:00:00,13.5,99,83,8.5,0.0,0.0,229.8
2025-11-02 11:00:00,14.4,100,80,9.0,0.0,0.0,294.7
2025-11-02 12:00:00,15.0,100,78,9.6,0.0,0.0,297.9
2025-11-02 13:00:00,15.7,100,75,9.8,0.0,0.0,292.9
2025-11-02 14:00:00,15.7,100,76,8.8,0.0,0.0,158.3
2025-11-02 15:00:00,15.5,100,77,8.2,0.0,0.0,177.8
2025-11-02 16:00:00,15.0,100,80,5.6,0.0,0.0,95.7
2025-11-02 17:00:00,13.6,100,88,3.1,0.0,0.0,12.2
2025-11-02 18:00:00,12.8,100,88,1.7,0.4,0.0,0.0
2025-11-02 19:00:00,12.5,100,89,1.5,0.7,0.0,0.0
2025-11-02 20:00:00,12.5,100,91,1.3,0.1,0.0,0.0
2025-11-02 21:00:00,12.2,100,95,3.9,0.2,0.0,0.0
2025-11-02 22:00:00,12.1,100,97,5.2,0.2,0.0,0.0
2025-11-02 23:00:00,11.8,100,98,2.5,0.0,0.0,0.0
2025-11-03 00:00:00,11.6,100,98,3.4,0.0,0.0,0.0
2025-11-03 01:00:00,11.4,100,99,3.6,0.0,0.0,0.0
2025-11-03 02:00:00,11.6,100,97,5.2,0.0,0.0,0.0
2025-11-03 03:00:00,11.4,100,99,3.9,0.5,0.0,0.0
2025-11-03 04:00:00,11.2,100,99,5.6,1.2,0.0,0.0
2025-11-03 05:00:00,10.6,100,99,13.9,1.5,0.0,0.0
2025-11-03 06:00:00,10.0,100,97,13.6,1.0,0.0,0.0
2025-11-03 07:00:00,9.7,100,98,15.6,1.0,0.0,0.0
2025-11-03 08:00:00,9.4,100,96,16.4,1.0,0.0,0.0
2025-11-03 09:00:00,9.4,100,95,17.1,0.2,0.0,17.6
2025-11-03 10:00:00,9.2,100,93,15.0,0.1,0.0,30.7
2025-11-03 11:00:00,9.3,100,91,14.5,0.2,0.0,63.2
2025-11-03 12:00:00,8.9,100,97,13.9,0.9,0.0,47.9
2025-11-03 13:00:00,9.0,100,95,14.0,1.1,0.0,47.5
2025-11-03 14:00:00,8.8,100,94,11.0,0.6,0.0,51.5
2025-11-03 15:00:00,8.9,100,96,11.3,0.9,0.0,32.0
2025-11-03 16:00:00,8.8,100,93,12.5,0.8,0.0,16.9
2025-11-03 17:00:00,8.9,100,93,12.0,0.9,0.0,3.9
2025-11-03 18:00:00,8.6,100,96,14.6,0.7,0.0,0.0
2025-11-03 19:00:00,8.5,100,97,15.6,0.6,0.0,0.0
2025-11-03 20:00:00,8.4,100,96,15.1,0.1,0.0,0.0
2025-11-03 21:00:00,8.3,99,94,15.8,0.0,0.0,0.0
2025-11-03 22:00:00,7.7,27,94,14.0,0.0,0.0,0.0
2025-11-03 23:00:00,6.8,5,93,11.2,0.0,0.0,0.0
2025-11-04 00:00:00,6.0,6,93,8.8,0.0,0.0,0.0
2025-11-04 01:00:00,5.4,4,93,7.4,0.0,0.0,0.0
2025-11-04 02:00:00,5.1,0,95,7.4,0.0,0.0,0.0
2025-11-04 03:00:00,4.5,0,96,6.2,0.0,0.0,0.0
2025-11-04 04:00:00,4.1,0,96,5.8,0.0,0.0,0.0
2025-11-04 05:00:00,3.8,0,95,6.0,0.0,0.0,0.0
2025-11-04 06:00:00,3.7,0,95,5.9,0.0,0.0,0.0
2025-11-04 07:00:00,3.5,0,95,6.1,0.0,0.0,0.0
2025-11-04 08:00:00,3.6,0,95,7.5,0.0,0.0,16.4
2025-11-04 09:00:00,4.7,0,94,8.6,0.0,0.0,114.0
2025-11-04 10:00:00,6.7,2,88,6.6,0.0,0.0,232.5
2025-11-04 11:00:00,8.4,5,82,6.6,0.0,0.0,324.3
2025-11-04 12:00:00,9.7,1,73,6.4,0.0,0.0,369.1
2025-11-04 13:00:00,10.7,2,65,6.3,0.0,0.0,377.0
2025-11-04 14:00:00,11.3,0,63,4.9,0.0,0.0,331.1
2025-11-04 15:00:00,11.4,1,61,3.8,0.0,0.0,244.4
2025-11-04 16:00:00,11.1,2,67,2.2,0.0,0.0,130.3
2025-11-04 17:00:00,9.5,5,72,2.4,0.0,0.0,14.7
2025-11-04 18:00:00,8.0,0,78,4.0,0.0,0.0,0.0
2025-11-04 19:00:00,7.0,3,84,4.2,0.0,0.0,0.0
2025-11-04 20:00:00,6.8,0,85,5.5,0.0,0.0,0.0
2025-11-04 21:00:00,6.5,0,86,5.8,0.0,0.0,0.0
2025-11-04 22:00:00,6.1,0,87,6.4,0.0,0.0,0.0
2025-11-04 23:00:00,5.6,1,88,6.2,0.0,0.0,0.0
2025-11-05 00:00:00,5.2,41,89,6.7,0.0,0.0,0.0
2025-11-05 01:00:00,4.8,2,90,7.7,0.0,0.0,0.0
2025-11-05 02:00:00,4.1,0,92,7.4,0.0,0.0,0.0
2025-11-05 03:00:00,3.8,1,91,7.6,0.0,0.0,0.0
2025-11-05 04:00:00,3.5,15,90,7.3,0.0,0.0,0.0
2025-11-05 05:00:00,3.2,48,91,7.5,0.0,0.0,0.0
2025-11-05 06:00:00,3.0,62,91,7.8,0.0,0.0,0.0
2025-11-05 07:00:00,2.7,36,91,7.4,0.0,0.0,0.0
2025-11-05 08:00:00,2.2,99,92,8.0,0.0,0.0,18.6
2025-11-05 09:00:00,2.8,98,92,7.1,0.0,0.0,109.2
2025-11-05 10:00:00,4.9,98,88,6.7,0.0,0.0,218.5
2025-11-05 11:00:00,7.2,79,83,3.7,0.0,0.0,312.5
2025-11-05 12:00:00,9.6,95,74,3.4,0.0,0.0,369.3
2025-11-05 13:00:00,11.3,84,67,4.2,0.0,0.0,365.1
2025-11-05 14:00:00,12.8,99,60,5.0,0.0,0.0,323.3
2025-11-05 15:00:00,12.8,100,59,3.8,0.0,0.0,207.7
2025-11-05 16:00:00,11.9,89,69,3.2,0.0,0.0,102.5
2025-11-05 17:00:00,9.8,9,75,4.8,0.0,0.0,10.3
2025-11-05 18:00:00,8.5,9,78,5.6,0.0,0.0,0.0
2025-11-05 19:00:00,7.7,25,79,5.6,0.0,0.0,0.0
2025-11-05 20:00:00,7.5,30,78,8.4,0.0,0.0,0.0
2025-11-05 21:00:00,6.8,6,81,7.7,0.0,0.0,0.0
2025-11-05 22:00:00,6.4,0,83,7.6,0.0,0.0,0.0
2025-11-05 23:00:00,6.1,7,85,7.4,0.0,0.0,0.0
2025-11-06 00:00:00,5.6,0,87,6.3,0.0,0.0,0.0
2025-11-06 01:00:00,4.9,0,90,5.6,0.0,0.0,0.0
2025-11-06 02:00:00,3.9,0,94,5.2,0.0,0.0,0.0
2025-11-06 03:00:00,2.9,0,96,4.0,0.0,0.0,0.0
2025-11-06 04:00:00,2.3,0,98,2.5,0.0,0.0,0.0
2025-11-06 05:00:00,2.1,9,98,1.2,0.0,0.0,0.0
2025-11-06 06:00:00,1.6,22,99,2.8,0.0,0.0,0.0
2025-11-06 07:00:00,1.6,41,98,4.0,0.0,0.0,0.0
2025-11-06 08:00:00,1.1,41,98,4.6,0.0,0.0,10.7
2025-11-06 09:00:00,1.8,59,98,5.3,0.0,0.0,101.0
2025-11-06 10:00:00,4.0,63,96,5.7,0.0,0.0,209.4
2025-11-06 11:00:00,6.7,11,90,3.8,0.0,0.0,314.0
2025-11-06 12:00:00,9.1,7,82,3.1,0.0,0.0,369.5
2025-11-06 13:00:00,10.9,0,74,2.8,0.0,0.0,373.9
2025-11-06 14:00:00,12.5,0,68,2.1,0.0,0.0,328.7
2025-11-06 15:00:00,12.8,0,69,3.2,0.0,0.0,240.9
2025-11-06 16:00:00,12.0,0,78,2.7,0.0,0.0,124.9
2025-11-06 17:00:00,9.7,0,81,3.8,0.0,0.0,9.6
2025-11-06 18:00:00,9.1,0,81,7.6,0.0,0.0,0.0
2025-11-06 19:00:00,7.9,2,84,7.3,0.0,0.0,0.0
2025-11-06 20:00:00,7.2,1,85,6.8,0.0,0.0,0.0
2025-11-06 21:00:00,7.0,1,86,6.4,0.0,0.0,0.0
2025-11-06 22:00:00,6.6,0,88,6.6,0.0,0.0,0.0
2025-11-06 23:00:00,5.8,0,91,5.3,0.0,0.0,0.0
2025-11-07 00:00:00,4.9,0,93,4.2,0.0,0.0,0.0
2025-11-07 01:00:00,4.3,0,94,3.2,0.0,0.0,0.0
2025-11-07 02:00:00,3.8,0,92,4.0,0.0,0.0,0.0
2025-11-07 03:00:00,3.6,0,89,4.0,0.0,0.0,0.0
2025-11-07 04:00:00,3.9,0,85,5.5,0.0,0.0,0.0
2025-11-07 05:00:00,4.1,2,85,8.6,0.0,0.0,0.0
2025-11-07 06:00:00,3.7,13,88,9.3,0.0,0.0,0.0
2025-11-07 07:00:00,3.3,26,90,9.3,0.0,0.0,0.0
2025-11-07 08:00:00,2.7,28,91,10.0,0.0,0.0,12.6
2025-11-07 09:00:00,3.4,36,90,10.0,0.0,0.0,102.8
2025-11-07 10:00:00,5.3,5,88,9.4,0.0,0.0,220.2
2025-11-07 11:00:00,7.3,5,83,5.3,0.0,0.0,315.6
2025-11-07 12:00:00,9.5,0,73,4.6,0.0,0.0,368.6
2025-11-07 13:00:00,11.1,0,66,4.3,0.0,0.0,370.9
2025-11-07 14:00:00,12.7,0,62,4.4,0.0,0.0,324.7
2025-11-07 15:00:00,12.9,0,62,5.0,0.0,0.0,237.8
2025-11-07 16:00:00,12.0,0,69,5.2,0.0,0.0,121.8
2025-11-07 17:00:00,10.0,0,75,5.8,0.0,0.0,7.1
2025-11-07 18:00:00,9.2,0,76,8.2,0.0,0.0,0.0
2025-11-07 19:00:00,8.0,0,82,8.6,0.0,0.0,0.0
2025-11-07 20:00:00,6.9,0,87,9.0,0.0,0.0,0.0
2025-11-07 21:00:00,6.3,0,88,7.8,0.0,0.0,0.0
2025-11-07 22:00:00,6.0,0,88,6.9,0.0,0.0,0.0
2025-11-07 23:00:00,5.7,0,88,6.8,0.0,0.0,0.0
2025-11-08 00:00:00,5.4,0,88,5.7,0.0,0.0,0.0
2025-11-08 01:00:00,4.8,0,90,5.2,0.0,0.0,0.0
2025-11-08 02:00:00,4.4,0,90,5.2,0.0,0.0,0.0
2025-11-08 03:00:00,3.4,0,92,4.5,0.0,0.0,0.0
2025-11-08 04:00:00,3.1,0,93,4.6,0.0,0.0,0.0
2025-11-08 05:00:00,2.7,0,94,4.4,0.0,0.0,0.0
2025-11-08 06:00:00,2.1,0,96,3.8,0.0,0.0,0.0
2025-11-08 07:00:00,2.1,3,96,4.2,0.0,0.0,0.0
2025-11-08 08:00:00,1.7,61,98,6.3,0.0,0.0,15.4
2025-11-08 09:00:00,2.1,100,99,6.1,0.0,0.0,82.2
2025-11-08 10:00:00,3.5,100,98,4.4,0.0,0.0,158.6
2025-11-08 11:00:00,5.5,100,92,3.4,0.0,0.0,260.2
2025-11-08 12:00:00,6.2,100,89,4.0,0.0,0.0,160.9
2025-11-08 13:00:00,6.4,100,86,5.2,0.0,0.0,66.3
2025-11-08 14:00:00,6.6,99,85,4.6,0.1,0.0,119.4
2025-11-08 15:00:00,7.3,9,82,5.0,0.0,0.0,138.8
2025-11-08 16:00:00,7.5,39,82,6.9,0.0,0.0,111.7
2025-11-08 17:00:00,6.2,41,87,6.2,0.0,0.0,4.1
2025-11-08 18:00:00,5.3,23,91,8.5,0.0,0.0,0.0
2025-11-08 19:00:00,4.6,22,95,7.9,0.0,0.0,0.0
2025-11-08 20:00:00,4.9,63,97,6.9,0.0,0.0,0.0
2025-11-08 21:00:00,4.7,81,99,6.3,0.0,0.0,0.0
2025-11-08 22:00:00,4.1,89,100,4.6,0.0,0.0,0.0
2025-11-08 23:00:00,3.9,100,100,4.1,0.0,0.0,0.0
2025-11-09 00:00:00,4.6,100,100,3.3,0.0,0.0,0.0
2025-11-09 01:00:00,5.1,100,99,4.1,0.0,0.0,0.0
2025-11-09 02:00:00,5.3,100,100,2.9,0.0,0.0,0.0
2025-11-09 03:00:00,4.8,100,100,3.6,0.0,0.0,0.0
2025-11-09 04:00:00,4.8,100,100,2.8,0.0,0.0,0.0
2025-11-09 05:00:00,4.8,100,100,2.9,0.0,0.0,0.0
2025-11-09 06:00:00,5.1,100,99,2.7,0.1,0.0,0.0
2025-11-09 07:00:00,5.1,100,100,2.8,0.0,0.0,0.0
2025-11-09 08:00:00,5.2,100,100,4.5,0.0,0.0,0.0
2025-11-09 09:00:00,5.7,100,99,5.1,0.0,0.0,41.1
2025-11-09 10:00:00,6.8,100,96,4.6,0.0,0.0,90.3
2025-11-09 11:00:00,7.8,100,93,4.6,0.0,0.0,128.6
2025-11-09 12:00:00,8.1,100,90,5.7,0.0,0.0,122.3
2025-11-09 13:00:00,8.1,100,91,4.8,0.1,0.0,82.1
2025-11-09 14:00:00,8.6,100,88,5.9,0.0,0.0,87.6
2025-11-09 15:00:00,8.7,95,86,3.6,0.0,0.0,46.2
2025-11-09 16:00:00,8.9,100,84,2.7,0.0,0.0,61.4
2025-11-09 17:00:00,8.0,100,89,10.1,0.3,0.0,0.6
2025-11-09 18:00:00,6.1,100,87,9.6,0.1,0.0,0.0
2025-11-09 19:00:00,6.0,100,85,5.4,0.0,0.0,0.0
2025-11-09 20:00:00,6.2,95,84,6.6,0.0,0.0,0.0
2025-11-09 21:00:00,5.9,100,85,6.5,0.0,0.0,0.0
2025-11-09 22:00:00,5.7,100,87,6.6,0.0,0.0,0.0
2025-11-09 23:00:00,5.8,100,88,8.3,0.0,0.0,0.0
2025-11-10 00:00:00,5.9,100,90,9.8,0.0,0.0,0.0
2025-11-10 01:00:00,5.8,100,91,9.6,0.0,0.0,0.0
2025-11-10 02:00:00,6.0,100,92,9.3,0.0,0.0,0.0
2025-11-10 03:00:00,6.0,100,93,10.3,0.0,0.0,0.0
2025-11-10 04:00:00,5.9,100,94,10.9,0.2,0.0,0.0
2025-11-10 05:00:00,5.8,100,95,11.0,0.2,0.0,0.0
2025-11-10 06:00:00,5.6,100,96,10.9,0.2,0.0,0.0
2025-11-10 07:00:00,5.5,100,96,10.8,0.3,0.0,0.0
2025-11-10 08:00:00,5.3,100,97,9.6,0.1,0.0,0.0
2025-11-10 09:00:00,5.4,100,95,9.6,0.0,0.0,25.6
2025-11-10 10:00:00,5.8,100,93,11.3,0.0,0.0,56.7
2025-11-10 11:00:00,6.1,100,92,9.0,0.0,0.0,51.5
2025-11-10 12:00:00,6.6,100,90,8.9,0.1,0.0,76.4
2025-11-10 13:00:00,6.8,100,90,8.8,0.4,0.0,61.3
2025-11-10 14:00:00,6.9,100,91,8.8,1.1,0.0,35.4
2025-11-10 15:00:00,6.8,100,97,8.1,0.7,0.0,35.0
2025-11-10 16:00:00,6.7,100,97,8.2,0.7,0.0,17.5
2025-11-10 17:00:00,6.6,100,97,6.7,0.4,0.0,0.0
2025-11-10 18:00:00,6.6,100,97,6.2,0.5,0.0,0.0
2025-11-10 19:00:00,6.6,100,98,7.2,0.5,0.0,0.0
2025-11-10 20:00:00,7.0,100,98,9.1,0.4,0.0,0.0
2025-11-10 21:00:00,7.0,100,98,8.8,0.3,0.0,0.0
2025-11-10 22:00:00,7.0,100,99,9.3,0.1,0.0,0.0
2025-11-10 23:00:00,6.9,100,99,9.2,0.1,0.0,0.0
2025-11-11 00:00:00,6.8,100,100,8.3,0.0,0.0,0.0
2025-11-11 01:00:00,6.8,100,100,8.3,0.0,0.0,0.0
2025-11-11 02:00:00,7.1,100,99,9.2,0.0,0.0,0.0
2025-11-11 03:00:00,7.0,100,97,9.2,0.0,0.0,0.0
2025-11-11 04:00:00,6.6,100,98,8.0,0.0,0.0,0.0
2025-11-11 05:00:00,6.4,100,99,6.7,0.0,0.0,0.0
2025-11-11 06:00:00,5.9,69,99,5.1,0.0,0.0,0.0
2025-11-11 07:00:00,5.7,95,99,5.6,0.0,0.0,0.0
2025-11-11 08:00:00,5.9,100,99,6.4,0.0,0.0,0.0
2025-11-11 09:00:00,6.4,100,98,7.7,0.0,0.0,58.0
2025-11-11 10:00:00,7.4,89,94,7.0,0.0,0.0,118.9
2025-11-11 11:00:00,8.3,95,90,8.3,0.0,0.0,214.3
2025-11-11 12:00:00,9.0,99,83,8.2,0.0,0.0,230.3
2025-11-11 13:00:00,9.7,46,75,10.9,0.0,0.0,282.9
2025-11-11 14:00:00,9.5,100,77,12.5,0.0,0.0,239.2
2025-11-11 15:00:00,9.5,100,77,11.0,0.0,0.0,121.7
2025-11-11 16:00:00,8.7,100,84,8.0,0.0,0.0,25.0
2025-11-11 17:00:00,8.4,80,85,10.2,0.0,0.0,0.0
2025-11-11 18:00:00,7.6,23,90,12.0,0.0,0.0,0.0
2025-11-11 19:00:00,6.7,100,93,12.3,0.0,0.0,0.0
2025-11-11 20:00:00,6.7,90,92,12.3,0.2,0.0,0.0
2025-11-11 21:00:00,6.9,39,94,11.9,0.7,0.0,0.0
2025-11-11 22:00:00,6.4,59,97,11.8,0.0,0.0,0.0
2025-11-11 23:00:00,6.3,100,97,11.8,0.0,0.0,0.0
2025-11-12 00:00:00,6.4,100,97,11.0,0.0,0.0,0.0
2025-11-12 01:00:00,6.6,100,97,10.3,0.0,0.0,0.0
2025-11-12 02:00:00,7.0,100,97,9.9,0.0,0.0,0.0
2025-11-12 03:00:00,7.2,100,96,10.1,0.0,0.0,0.0
2025-11-12 04:00:00,7.2,100,96,8.0,0.0,0.0,0.0
2025-11-12 05:00:00,7.0,100,97,6.7,0.0,0.0,0.0
2025-11-12 06:00:00,7.1,100,96,5.3,0.0,0.0,0.0
2025-11-12 07:00:00,6.9,100,97,4.6,0.0,0.0,0.0
2025-11-12 08:00:00,7.0,100,97,3.9,0.0,0.0,0.0
2025-11-12 09:00:00,7.4,100,92,5.0,0.0,0.0,34.6
2025-11-12 10:00:00,7.9,100,87,5.5,0.0,0.0,68.6
2025-11-12 11:00:00,8.9,84,81,6.3,0.0,0.0,184.3
2025-11-12 12:00:00,9.7,100,76,7.0,0.0,0.0,251.3
2025-11-12 13:00:00,10.3,100,73,7.5,0.0,0.0,274.0
2025-11-12 14:00:00,10.6,97,76,6.6,0.0,0.0,239.0
2025-11-12 15:00:00,10.6,82,73,6.9,0.0,0.0,188.6
2025-11-12 16:00:00,10.0,70,78,5.9,0.0,0.0,95.8
2025-11-12 17:00:00,7.7,70,86,4.3,0.0,0.0,0.0
2025-11-12 18:00:00,7.2,95,88,5.0,0.0,0.0,0.0
2025-11-12 19:00:00,6.8,49,89,7.1,0.0,0.0,0.0
2025-11-12 20:00:00,6.3,70,92,9.2,0.0,0.0,0.0
2025-11-12 21:00:00,5.7,82,94,7.6,0.0,0.0,0.0
2025-11-12 22:00:00,5.2,79,95,8.8,0.0,0.0,0.0
2025-11-12 23:00:00,4.9,99,95,11.2,0.0,0.0,0.0
2025-11-13 00:00:00,4.8,100,95,13.2,0.0,0.0,0.0
2025-11-13 01:00:00,5.1,100,94,14.5,0.0,0.0,0.0
2025-11-13 02:00:00,5.2,100,95,14.4,0.0,0.0,0.0
2025-11-13 03:00:00,5.5,100,93,14.4,0.0,0.0,0.0
2025-11-13 04:00:00,5.6,100,91,15.3,0.0,0.0,0.0
2025-11-13 05:00:00,5.5,100,90,15.7,0.0,0.0,0.0
2025-11-13 06:00:00,5.3,100,88,16.2,0.0,0.0,0.0
2025-11-13 07:00:00,4.9,80,89,15.8,0.0,0.0,0.0
2025-11-13 08:00:00,4.8,97,89,14.9,0.0,0.0,0.0
2025-11-13 09:00:00,5.0,98,88,15.5,0.0,0.0,71.2
2025-11-13 10:00:00,6.0,96,84,13.3,0.0,0.0,177.4
2025-11-13 11:00:00,6.9,100,81,14.2,0.0,0.0,258.9
2025-11-13 12:00:00,7.8,98,77,14.1,0.0,0.0,298.7
2025-11-13 13:00:00,8.8,98,72,14.3,0.0,0.0,310.6
2025-11-13 14:00:00,9.2,98,71,13.7,0.0,0.0,280.7
2025-11-13 15:00:00,8.7,98,72,13.6,0.0,0.0,179.7
2025-11-13 16:00:00,7.7,91,74,18.3,0.0,0.0,89.5
2025-11-13 17:00:00,6.7,88,76,16.4,0.0,0.0,0.0
2025-11-13 18:00:00,6.2,12,78,17.2,0.0,0.0,0.0
2025-11-13 19:00:00,5.8,23,79,16.7,0.0,0.0,0.0
2025-11-13 20:00:00,5.7,69,80,15.7,0.0,0.0,0.0
2025-11-13 21:00:00,5.3,45,81,17.2,0.0,0.0,0.0
2025-11-13 22:00:00,5.1,34,82,18.3,0.0,0.0,0.0
2025-11-13 23:00:00,5.0,83,82,17.4,0.0,0.0,0.0
2025-11-14 00:00:00,4.7,99,84,17.1,0.0,0.0,0.0
2025-11-14 01:00:00,4.6,91,86,16.7,0.0,0.0,0.0
2025-11-14 02:00:00,5.0,99,85,15.5,0.0,0.0,0.0
2025-11-14 03:00:00,4.7,98,87,14.8,0.0,0.0,0.0
2025-11-14 04:00:00,4.5,88,87,14.4,0.0,0.0,0.0
2025-11-14 05:00:00,4.5,96,86,13.5,0.0,0.0,0.0
2025-11-14 06:00:00,4.4,97,86,13.1,0.0,0.0,0.0
2025-11-14 07:00:00,4.6,95,84,12.9,0.0,0.0,0.0
2025-11-14 08:00:00,4.4,48,85,12.0,0.0,0.0,0.0
2025-11-14 09:00:00,4.8,80,83,12.7,0.0,0.0,71.3
2025-11-14 10:00:00,5.6,83,80,13.0,0.0,0.0,160.3
2025-11-14 11:00:00,6.5,87,80,12.0,0.0,0.0,244.7
2025-11-14 12:00:00,7.2,53,80,12.7,0.0,0.0,264.3
2025-11-14 13:00:00,8.2,55,79,11.1,0.0,0.0,280.9
2025-11-14 14:00:00,9.2,61,74,11.3,0.0,0.0,240.5
2025-11-14 15:00:00,9.0,100,75,11.2,0.0,0.0,184.4
2025-11-14 16:00:00,8.5,100,76,14.6,0.0,0.0,75.2
2025-11-14 17:00:00,7.3,100,81,13.6,0.0,0.0,0.0
2025-11-14 18:00:00,6.7,100,84,15.4,0.0,0.0,0.0
2025-11-14 19:00:00,6.5,100,86,16.7,0.0,0.0,0.0
2025-11-14 20:00:00,7.0,100,85,17.6,0.0,0.0,0.0
2025-11-14 21:00:00,7.0,100,86,17.5,0.0,0.0,0.0
2025-11-14 22:00:00,7.2,100,87,17.8,0.0,0.0,0.0
2025-11-14 23:00:00,7.3,100,87,18.5,0.0,0.0,0.0
2025-11-15 00:00:00,7.5,84,88,19.1,0.0,0.0,0.0
2025-11-15 01:00:00,7.6,56,90,17.5,0.0,0.0,0.0
2025-11-15 02:00:00,7.6,81,92,17.1,0.0,0.0,0.0
2025-11-15 03:00:00,7.3,44,93,17.9,0.0,0.0,0.0
2025-11-15 04:00:00,7.2,94,94,17.4,0.0,0.0,0.0
2025-11-15 05:00:00,7.1,100,94,15.7,0.0,0.0,0.0
2025-11-15 06:00:00,6.8,80,95,13.5,0.0,0.0,0.0
2025-11-15 07:00:00,6.4,100,96,11.8,0.0,0.0,0.0
2025-11-15 08:00:00,6.1,100,97,9.2,0.0,0.0,0.0
2025-11-15 09:00:00,6.4,100,97,8.1,0.0,0.0,23.1
2025-11-15 10:00:00,7.0,98,95,6.6,0.0,0.0,100.5
2025-11-15 11:00:00,7.8,99,90,3.5,0.0,0.0,183.0
2025-11-15 12:00:00,8.2,100,85,4.2,0.0,0.0,137.5
2025-11-15 13:00:00,8.5,100,83,6.4,0.0,0.0,133.5
2025-11-15 14:00:00,7.7,100,85,7.9,0.0,0.0,147.6
2025-11-15 15:00:00,7.8,100,84,8.5,0.0,0.0,68.4
2025-11-15 16:00:00,7.6,100,84,9.5,0.0,0.0,30.9
2025-11-15 17:00:00,7.1,100,87,10.3,0.0,0.0,0.0
2025-11-15 18:00:00,6.5,100,90,11.4,0.1,0.0,0.0
2025-11-15 19:00:00,6.1,100,91,10.9,0.1,0.0,0.0
2025-11-15 20:00:00,5.9,100,92,11.3,0.1,0.0,0.0
2025-11-15 21:00:00,5.5,100,92,11.6,0.0,0.0,0.0
2025-11-15 22:00:00,5.3,100,92,12.8,0.1,0.0,0.0
2025-11-15 23:00:00,5.1,100,93,12.6,0.1,0.0,0.0
2025-11-16 00:00:00,5.0,100,94,12.1,0.0,0.0,0.0
2025-11-16 01:00:00,5.1,100,95,11.3,0.0,0.0,0.0
2025-11-16 02:00:00,5.4,100,96,7.4,0.0,0.0,0.0
2025-11-16 03:00:00,5.5,100,97,7.2,0.0,0.0,0.0
2025-11-16 04:00:00,5.4,100,98,4.3,0.0,0.0,0.0
2025-11-16 05:00:00,5.2,100,99,4.2,0.0,0.0,0.0
2025-11-16 06:00:00,5.2,100,100,6.4,0.1,0.0,0.0
2025-11-16 07:00:00,5.4,100,100,7.1,0.0,0.0,0.0
2025-11-16 08:00:00,5.7,100,99,6.8,0.0,0.0,0.0
2025-11-16 09:00:00,6.2,100,98,6.5,0.0,0.0,41.1
2025-11-16 10:00:00,6.8,100,97,6.0,0.0,0.0,69.9
2025-11-16 11:00:00,8.2,100,92,8.0,0.0,0.0,190.1
2025-11-16 12:00:00,9.2,100,87,11.2,0.0,0.0,209.0
2025-11-16 13:00:00,10.2,100,81,13.0,0.0,0.0,158.3
2025-11-16 14:00:00,10.1,95,84,11.2,0.0,0.0,180.9
2025-11-16 15:00:00,10.1,95,82,13.0,0.0,0.0,101.1
2025-11-16 16:00:00,9.7,98,84,11.6,0.0,0.0,49.3
2025-11-16 17:00:00,8.7,96,85,13.4,0.0,0.0,0.0
2025-11-16 18:00:00,7.7,100,89,15.2,0.0,0.0,0.0
2025-11-16 19:00:00,7.2,100,91,15.9,0.0,0.0,0.0
2025-11-16 20:00:00,7.0,95,92,14.8,0.0,0.0,0.0
2025-11-16 21:00:00,6.8,93,93,14.8,0.0,0.0,0.0
2025-11-16 22:00:00,6.7,99,93,14.4,0.0,0.0,0.0
2025-11-16 23:00:00,6.8,100,92,13.4,0.0,0.0,0.0
2025-11-17 00:00:00,6.8,100,91,13.3,0.0,0.0,0.0
2025-11-17 01:00:00,7.3,100,91,12.5,0.0,0.0,0.0
2025-11-17 02:00:00,7.4,99,91,13.3,0.1,0.0,0.0
2025-11-17 03:00:00,7.3,99,93,13.6,0.1,0.0,0.0
2025-11-17 04:00:00,7.4,100,95,13.4,0.2,0.0,0.0
2025-11-17 05:00:00,7.5,100,97,11.7,0.3,0.0,0.0
2025-11-17 06:00:00,7.4,100,98,10.2,0.3,0.0,0.0
2025-11-17 07:00:00,7.3,100,98,10.5,0.8,0.0,0.0
2025-11-17 08:00:00,7.3,100,98,8.5,0.7,0.0,0.0
2025-11-17 09:00:00,7.3,100,98,7.9,0.2,0.0,17.9
2025-11-17 10:00:00,7.5,100,98,7.6,0.2,0.0,24.7
2025-11-17 11:00:00,7.6,100,98,5.7,0.1,0.0,44.2
2025-11-17 12:00:00,8.0,100,95,6.6,0.2,0.0,72.5
2025-11-17 13:00:00,7.7,100,97,7.3,0.9,0.0,30.7
2025-11-17 14:00:00,6.0,100,95,15.1,2.1,0.0,19.5
2025-11-17 15:00:00,5.0,100,97,16.4,1.9,0.0,10.9
2025-11-17 16:00:00,2.4,100,99,16.5,1.5,0.07,6.6
2025-11-17 17:00:00,1.8,100,99,16.6,0.9,0.28,0.0
2025-11-17 18:00:00,1.6,100,98,15.1,0.7,0.14,0.0
2025-11-17 19:00:00,1.7,100,98,14.1,0.4,0.0,0.0
2025-11-17 20:00:00,1.8,100,97,14.0,0.4,0.0,0.0
2025-11-17 21:00:00,2.1,100,97,14.3,0.3,0.0,0.0
2025-11-17 22:00:00,2.0,100,100,12.5,0.4,0.0,0.0
2025-11-17 23:00:00,2.4,100,98,17.1,0.1,0.0,0.0
2025-11-18 00:00:00,2.4,100,94,16.0,0.0,0.0,0.0
2025-11-18 01:00:00,2.3,100,93,14.2,0.0,0.0,0.0
2025-11-18 02:00:00,2.3,100,95,12.7,0.0,0.0,0.0
2025-11-18 03:00:00,2.3,100,95,14.4,0.1,0.0,0.0
2025-11-18 04:00:00,2.1,100,92,16.4,0.1,0.0,0.0
2025-11-18 05:00:00,2.0,100,92,14.9,0.0,0.0,0.0
2025-11-18 06:00:00,1.9,99,92,13.8,0.0,0.0,0.0
2025-11-18 07:00:00,1.5,100,92,12.7,0.0,0.0,0.0
2025-11-18 08:00:00,1.3,100,93,12.0,0.0,0.0,0.0
2025-11-18 09:00:00,1.6,100,90,13.2,0.1,0.0,23.1
2025-11-18 10:00:00,2.1,89,84,13.4,0.0,0.0,75.9
2025-11-18 11:00:00,2.8,33,77,13.5,0.0,0.0,162.4
2025-11-18 12:00:00,3.6,16,68,13.2,0.0,0.0,295.5
2025-11-18 13:00:00,4.5,25,60,13.5,0.0,0.0,304.7
2025-11-18 14:00:00,4.5,2,55,13.8,0.0,0.0,262.2
2025-11-18 15:00:00,4.5,0,55,11.9,0.0,0.0,193.0
2025-11-18 16:00:00,3.8,13,61,10.9,0.0,0.0,86.4
2025-11-18 17:00:00,2.6,41,71,12.8,0.0,0.0,0.0
2025-11-18 18:00:00,1.7,99,75,11.1,0.0,0.0,0.0
2025-11-18 19:00:00,1.0,99,78,10.8,0.0,0.0,0.0
2025-11-18 20:00:00,0.9,99,82,10.9,0.0,0.0,0.0
2025-11-18 21:00:00,0.7,99,83,8.9,0.0,0.0,0.0
2025-11-18 22:00:00,0.4,93,83,9.5,0.0,0.0,0.0
2025-11-18 23:00:00,0.2,92,82,9.7,0.0,0.0,0.0
2025-11-19 00:00:00,0.0,28,81,10.6,0.0,0.0,0.0
2025-11-19 01:00:00,-0.3,35,81,10.4,0.0,0.0,0.0
2025-11-19 02:00:00,-0.5,9,82,10.5,0.0,0.0,0.0
2025-11-19 03:00:00,-0.7,1,81,11.0,0.0,0.0,0.0
2025-11-19 04:00:00,-0.8,0,80,11.0,0.0,0.0,0.0
2025-11-19 05:00:00,-1.0,0,81,10.5,0.0,0.0,0.0
2025-11-19 06:00:00,-1.2,54,82,10.5,0.0,0.0,0.0
2025-11-19 07:00:00,-1.1,45,81,10.4,0.0,0.0,0.0
2025-11-19 08:00:00,-1.6,38,83,10.2,0.0,0.0,0.0
2025-11-19 09:00:00,-1.2,14,79,10.9,0.0,0.0,66.8
2025-11-19 10:00:00,0.4,20,74,8.9,0.0,0.0,175.0
2025-11-19 11:00:00,1.9,0,67,8.8,0.0,0.0,268.5
2025-11-19 12:00:00,3.0,5,60,10.8,0.0,0.0,319.9
2025-11-19 13:00:00,3.7,2,58,13.2,0.0,0.0,319.6
2025-11-19 14:00:00,3.5,85,67,17.8,0.0,0.0,279.6
2025-11-19 15:00:00,3.6,5,67,13.2,0.0,0.0,129.0
2025-11-19 16:00:00,2.7,1,71,8.8,0.0,0.0,81.7
2025-11-19 17:00:00,1.0,5,77,7.4,0.0,0.0,0.0
2025-11-19 18:00:00,0.3,99,80,7.9,0.0,0.0,0.0
2025-11-19 19:00:00,-0.1,100,81,7.2,0.0,0.0,0.0
2025-11-19 20:00:00,0.2,100,80,9.4,0.0,0.0,0.0
2025-11-19 21:00:00,0.2,100,76,11.5,0.0,0.0,0.0
2025-11-19 22:00:00,0.1,100,77,11.2,0.0,0.0,0.0
2025-11-19 23:00:00,-0.1,100,79,9.4,0.0,0.0,0.0
2025-11-20 00:00:00,-0.2,100,82,9.0,0.0,0.0,0.0
2025-11-20 01:00:00,0.3,100,84,10.4,0.0,0.0,0.0
2025-11-20 02:00:00,0.2,100,85,10.4,0.0,0.0,0.0
2025-11-20 03:00:00,0.4,98,83,12.6,0.0,0.0,0.0
2025-11-20 04:00:00,0.3,100,79,11.8,0.0,0.0,0.0
2025-11-20 05:00:00,0.7,100,75,12.2,0.0,0.0,0.0
2025-11-20 06:00:00,0.4,96,77,10.6,0.0,0.0,0.0
2025-11-20 07:00:00,0.5,100,79,8.6,0.0,0.0,0.0
2025-11-20 08:00:00,0.8,100,78,9.5,0.0,0.0,0.0
2025-11-20 09:00:00,1.4,100,78,10.0,0.0,0.0,41.9
2025-11-20 10:00:00,2.1,100,76,10.3,0.0,0.0,68.8
2025-11-20 11:00:00,2.7,95,74,10.3,0.0,0.0,79.8
2025-11-20 12:00:00,4.0,75,76,13.5,0.1,0.0,112.7
2025-11-20 13:00:00,4.7,70,72,18.5,0.0,0.0,154.4
2025-11-20 14:00:00,5.2,93,69,16.3,0.0,0.0,142.5
2025-11-20 15:00:00,4.9,45,70,14.3,0.0,0.0,133.8
2025-11-20 16:00:00,4.4,20,72,10.7,0.0,0.0,68.8
2025-11-20 17:00:00,3.2,65,76,10.7,0.0,0.0,0.0
2025-11-20 18:00:00,2.8,98,77,11.7,0.0,0.0,0.0
2025-11-20 19:00:00,2.9,92,77,13.1,0.0,0.0,0.0
2025-11-20 20:00:00,2.5,34,82,11.5,0.0,0.0,0.0
2025-11-20 21:00:00,1.8,83,87,10.2,0.0,0.0,0.0
2025-11-20 22:00:00,1.2,96,90,9.9,0.0,0.0,0.0
2025-11-20 23:00:00,0.8,97,92,8.9,0.0,0.0,0.0
2025-11-21 00:00:00,0.4,100,93,8.3,0.0,0.0,0.0
2025-11-21 01:00:00,0.8,100,94,8.3,0.0,0.0,0.0
2025-11-21 02:00:00,1.1,100,92,6.7,0.0,0.0,0.0
2025-11-21 03:00:00,0.7,100,91,8.2,0.0,0.0,0.0
2025-11-21 04:00:00,0.2,100,93,9.6,0.0,0.0,0.0
2025-11-21 05:00:00,-0.2,100,93,9.3,0.0,0.0,0.0
2025-11-21 06:00:00,-0.3,100,92,8.7,0.0,0.0,0.0
2025-11-21 07:00:00,-0.4,100,92,8.7,0.0,0.0,0.0
2025-11-21 08:00:00,-0.3,100,90,11.4,0.0,0.0,0.0
2025-11-21 09:00:00,-0.4,100,86,10.3,0.0,0.0,15.3
2025-11-21 10:00:00,-0.4,100,85,10.4,0.0,0.0,38.6
2025-11-21 11:00:00,-0.3,100,83,10.9,0.0,0.0,65.1
2025-11-21 12:00:00,0.0,100,81,10.2,0.1,0.07,79.0
2025-11-21 13:00:00,0.3,100,78,10.7,0.1,0.07,106.9
2025-11-21 14:00:00,0.5,100,81,11.2,0.1,0.07,66.6
2025-11-21 15:00:00,0.4,100,79,10.1,0.0,0.0,52.6
2025-11-21 16:00:00,0.3,100,76,9.0,0.0,0.0,21.0
2025-11-21 17:00:00,0.2,100,78,6.8,0.0,0.0,0.0
2025-11-21 18:00:00,0.0,100,78,7.1,0.0,0.0,0.0
2025-11-21 19:00:00,-0.2,100,78,8.0,0.0,0.0,0.0
2025-11-21 20:00:00,-0.4,100,80,9.8,0.0,0.0,0.0
2025-11-21 21:00:00,-0.6,100,81,10.0,0.0,0.0,0.0
2025-11-21 22:00:00,-0.7,100,82,11.6,0.0,0.0,0.0
2025-11-21 23:00:00,-0.8,100,85,11.2,0.0,0.0,0.0
2025-11-22 00:00:00,-0.6,100,86,12.5,0.0,0.0,0.0
2025-11-22 01:00:00,-0.6,100,85,11.4,0.0,0.0,0.0
2025-11-22 02:00:00,-0.8,100,84,10.3,0.0,0.0,0.0
2025-11-22 03:00:00,-0.7,100,85,10.3,0.0,0.0,0.0
2025-11-22 04:00:00,-0.7,100,86,10.1,0.0,0.0,0.0
2025-11-22 05:00:00,-0.9,100,87,9.8,0.0,0.0,0.0
2025-11-22 06:00:00,-1.3,100,89,10.0,0.0,0.0,0.0
2025-11-22 07:00:00,-1.6,100,89,9.7,0.0,0.0,0.0
2025-11-22 08:00:00,-1.7,100,90,9.0,0.0,0.0,0.0
2025-11-22 09:00:00,-1.7,100,89,9.7,0.0,0.0,23.8
2025-11-22 10:00:00,-1.2,100,87,9.5,0.0,0.0,38.8
2025-11-22 11:00:00,-0.3,100,83,12.3,0.0,0.0,121.3
2025-11-22 12:00:00,0.3,100,79,12.4,0.0,0.0,138.2
2025-11-22 13:00:00,0.3,100,80,10.7,0.0,0.0,84.1
2025-11-22 14:00:00,0.4,100,83,10.6,0.0,0.0,83.2
2025-11-22 15:00:00,0.3,100,85,10.3,0.0,0.0,34.2
2025-11-22 16:00:00,0.2,100,83,10.3,0.0,0.0,15.8
2025-11-22 17:00:00,0.1,100,83,9.0,0.0,0.0,0.0
2025-11-22 18:00:00,0.1,100,78,12.0,0.0,0.0,0.0
2025-11-22 19:00:00,-0.4,100,78,12.4,0.0,0.0,0.0
2025-11-22 20:00:00,-0.7,100,79,10.8,0.0,0.0,0.0
2025-11-22 21:00:00,-1.1,100,81,12.6,0.0,0.0,0.0
2025-11-22 22:00:00,-1.6,100,83,12.7,0.0,0.0,0.0
2025-11-22 23:00:00,-1.8,100,84,13.3,0.0,0.0,0.0
2025-11-23 00:00:00,-2.0,100,85,13.1,0.0,0.0,0.0
2025-11-23 01:00:00,-2.0,100,86,12.4,0.1,0.07,0.0
2025-11-23 02:00:00,-1.7,100,87,13.6,0.3,0.21,0.0
2025-11-23 03:00:00,-1.6,100,89,12.1,1.0,0.7,0.0
2025-11-23 04:00:00,-2.0,100,91,11.7,0.9,0.63,0.0
2025-11-23 05:00:00,-2.3,100,93,11.7,0.9,0.63,0.0
2025-11-23 06:00:00,-2.4,100,94,9.2,0.6,0.42,0.0
2025-11-23 07:00:00,-2.4,100,94,9.9,0.5,0.35,0.0
2025-11-23 08:00:00,-2.1,100,94,11.7,0.5,0.35,0.0
2025-11-23 09:00:00,-2.1,100,93,11.2,0.4,0.28,27.3
2025-11-23 10:00:00,-2.0,100,93,10.6,0.3,0.21,72.7
2025-11-23 11:00:00,-1.8,100,90,10.3,0.2,0.14,94.0
2025-11-23 12:00:00,-1.8,100,87,9.5,0.2,0.14,141.4
2025-11-23 13:00:00,-1.8,100,87,8.8,0.2,0.14,94.1
2025-11-23 14:00:00,-1.5,100,87,8.1,0.2,0.14,78.6
2025-11-23 15:00:00,-1.5,100,87,7.8,0.2,0.14,63.2
2025-11-23 16:00:00,-1.7,100,90,7.1,0.2,0.14,25.7
2025-11-23 17:00:00,-1.9,100,92,7.0,0.1,0.07,0.0
2025-11-23 18:00:00,-2.0,100,93,6.5,0.0,0.0,0.0
2025-11-23 19:00:00,-2.0,100,93,6.5,0.0,0.0,0.0
2025-11-23 20:00:00,-2.1,100,94,6.6,0.0,0.0,0.0
2025-11-23 21:00:00,-2.2,100,94,7.7,0.0,0.0,0.0
2025-11-23 22:00:00,-2.5,100,94,8.0,0.0,0.0,0.0
2025-11-23 23:00:00,-2.9,85,92,9.1,0.0,0.0,0.0
2025-11-24 00:00:00,-4.1,23,93,7.4,0.0,0.0,0.0
2025-11-24 01:00:00,-5.1,2,91,7.8,0.0,0.0,0.0
2025-11-24 02:00:00,-5.6,3,90,9.5,0.0,0.0,0.0
2025-11-24 03:00:00,-5.3,45,90,9.4,0.0,0.0,0.0
2025-11-24 04:00:00,-5.1,99,91,10.1,0.0,0.0,0.0
2025-11-24 05:00:00,-4.6,100,88,11.0,0.0,0.0,0.0
2025-11-24 06:00:00,-3.8,100,82,11.4,0.0,0.0,0.0
2025-11-24 07:00:00,-3.0,100,78,11.9,0.0,0.0,0.0
2025-11-24 08:00:00,-2.0,100,77,12.4,0.0,0.0,0.0
2025-11-24 09:00:00,-1.6,100,79,13.2,0.1,0.07,39.7
2025-11-24 10:00:00,-1.1,100,82,14.9,0.4,0.28,51.5
2025-11-24 11:00:00,-0.8,100,82,15.2,0.4,0.28,96.5
2025-11-24 12:00:00,-0.2,100,80,13.7,0.2,0.14,138.4
2025-11-24 13:00:00,0.2,100,79,12.3,0.0,0.0,150.5
2025-11-24 14:00:00,1.0,100,80,6.4,0.0,0.0,170.0
2025-11-24 15:00:00,1.0,100,83,11.6,0.0,0.0,72.2
2025-11-24 16:00:00,1.0,100,85,10.7,0.0,0.0,24.2
2025-11-24 17:00:00,0.8,100,84,10.6,0.0,0.0,0.0
2025-11-24 18:00:00,0.7,100,86,10.0,0.1,0.07,0.0
2025-11-24 19:00:00,0.5,100,90,8.0,0.5,0.35,0.0
2025-11-24 20:00:00,0.5,100,93,4.4,0.5,0.35,0.0
2025-11-24 21:00:00,0.6,100,94,5.9,0.4,0.21,0.0
2025-11-24 22:00:00,0.8,100,93,7.5,0.1,0.0,0.0
2025-11-24 23:00:00,1.0,100,92,8.4,0.0,0.0,0.0
2025-11-25 00:00:00,1.2,100,90,8.6,0.0,0.0,0.0
2025-11-25 01:00:00,1.3,100,90,7.6,0.0,0.0,0.0
2025-11-25 02:00:00,1.4,100,90,7.1,0.0,0.0,0.0
2025-11-25 03:00:00,1.3,100,91,6.2,0.1,0.0,0.0
2025-11-25 04:00:00,1.0,100,93,6.5,0.1,0.0,0.0
2025-11-25 05:00:00,1.0,100,93,8.0,0.6,0.0,0.0
2025-11-25 06:00:00,0.8,100,95,7.6,1.5,0.0,0.0
2025-11-25 07:00:00,1.0,100,95,7.1,1.2,0.0,0.0
2025-11-25 08:00:00,1.2,100,95,5.8,0.9,0.0,0.0
2025-11-25 09:00:00,1.2,100,96,6.5,1.1,0.0,5.9
2025-11-25 10:00:00,1.4,100,96,7.9,0.7,0.0,24.5
2025-11-25 11:00:00,1.8,100,96,8.1,0.2,0.0,52.9
2025-11-25 12:00:00,2.3,100,94,9.1,0.0,0.0,50.8
2025-11-25 13:00:00,2.9,100,92,7.2,0.1,0.0,71.3
2025-11-25 14:00:00,2.6,100,97,7.2,0.3,0.0,38.8
2025-11-25 15:00:00,2.1,100,98,5.4,0.1,0.0,20.7
2025-11-25 16:00:00,1.8,100,98,6.9,0.2,0.0,10.5
2025-11-25 17:00:00,1.4,100,99,5.3,0.4,0.0,0.0
2025-11-25 18:00:00,1.3,100,99,8.0,1.3,0.0,0.0
2025-11-25 19:00:00,1.3,100,98,7.8,1.2,0.0,0.0
2025-11-25 20:00:00,1.7,100,98,7.7,1.6,0.0,0.0
2025-11-25 21:00:00,1.6,100,98,9.2,2.0,0.0,0.0
2025-11-25 22:00:00,1.6,100,98,6.0,1.7,0.0,0.0
2025-11-25 23:00:00,1.2,100,100,8.9,1.9,0.07,0.0
2025-11-26 00:00:00,1.2,100,98,7.2,0.9,0.0,0.0
2025-11-26 01:00:00,1.2,100,98,6.2,0.7,0.0,0.0
2025-11-26 02:00:00,0.7,100,99,6.1,0.6,0.0,0.0
2025-11-26 03:00:00,0.5,100,99,8.4,0.1,0.0,0.0
2025-11-26 04:00:00,0.4,100,99,8.8,0.1,0.07,0.0
2025-11-26 05:00:00,0.4,100,98,8.8,0.1,0.07,0.0
2025-11-26 06:00:00,0.3,100,98,9.9,0.2,0.14,0.0
2025-11-26 07:00:00,0.2,100,97,9.3,0.2,0.14,0.0
2025-11-26 08:00:00,0.3,100,97,8.8,0.3,0.21,0.0
2025-11-26 09:00:00,0.3,100,97,11.0,0.4,0.28,6.1
2025-11-26 10:00:00,0.5,100,95,10.1,0.3,0.21,41.2
2025-11-26 11:00:00,0.4,100,94,11.5,0.4,0.28,25.4
2025-11-26 12:00:00,0.7,100,91,11.2,0.5,0.35,67.7
2025-11-26 13:00:00,0.3,100,95,10.0,1.3,0.91,29.7
2025-11-26 14:00:00,0.1,100,96,11.5,1.1,0.77,54.5
2025-11-26 15:00:00,-0.1,100,95,11.5,1.3,0.91,41.4
2025-11-26 16:00:00,-0.4,100,95,12.6,0.9,0.63,14.1
2025-11-26 17:00:00,-0.7,100,95,13.7,0.7,0.49,0.0
2025-11-26 18:00:00,-0.8,100,95,13.1,0.3,0.21,0.0
2025-11-26 19:00:00,-0.7,100,95,13.5,0.2,0.14,0.0
2025-11-26 20:00:00,-0.5,100,95,13.6,0.1,0.0,0.0
2025-11-26 21:00:00,-0.4,100,95,13.9,0.0,0.0,0.0
2025-11-26 22:00:00,-0.3,100,96,14.7,0.0,0.0,0.0
2025-11-26 23:00:00,-0.1,100,96,15.2,0.0,0.0,0.0
2025-11-27 00:00:00,0.0,100,95,14.6,0.0,0.0,0.0
2025-11-27 01:00:00,0.1,100,95,15.2,0.0,0.0,0.0
2025-11-27 02:00:00,0.3,100,96,15.9,0.0,0.0,0.0
2025-11-27 03:00:00,0.4,100,95,15.6,0.0,0.0,0.0
2025-11-27 04:00:00,0.4,100,95,15.5,0.0,0.0,0.0
2025-11-27 05:00:00,0.4,100,96,15.5,0.1,0.07,0.0
2025-11-27 06:00:00,0.5,100,96,15.5,0.0,0.0,0.0
2025-11-27 07:00:00,0.6,100,95,16.1,0.0,0.0,0.0
2025-11-27 08:00:00,0.7,100,94,15.7,0.0,0.0,0.0
2025-11-27 09:00:00,0.8,100,93,15.5,0.0,0.0,19.1
2025-11-27 10:00:00,0.8,100,93,15.0,0.0,0.0,58.0
2025-11-27 11:00:00,1.0,100,92,14.2,0.0,0.0,112.1
2025-11-27 12:00:00,1.2,92,91,13.4,0.0,0.0,146.2
2025-11-27 13:00:00,1.3,96,91,12.4,0.0,0.0,206.2
2025-11-27 14:00:00,1.7,95,90,9.4,0.0,0.0,187.4
2025-11-27 15:00:00,1.5,99,91,7.6,0.0,0.0,113.2
2025-11-27 16:00:00,1.2,98,92,7.0,0.0,0.0,45.5
2025-11-27 17:00:00,0.7,94,94,7.0,0.0,0.0,0.0
2025-11-27 18:00:00,0.5,100,95,6.9,0.0,0.0,0.0
2025-11-27 19:00:00,0.4,100,95,5.9,0.0,0.0,0.0
2025-11-27 20:00:00,0.7,100,96,4.0,0.0,0.0,0.0
2025-11-27 21:00:00,-0.5,84,97,1.9,0.0,0.0,0.0
2025-11-27 22:00:00,-1.4,100,100,1.0,0.0,0.0,0.0
2025-11-27 23:00:00,-2.3,100,100,0.0,0.0,0.0,0.0
2025-11-28 00:00:00,-3.0,100,99,1.7,0.0,0.0,0.0
2025-11-28 01:00:00,-2.6,100,99,6.0,0.0,0.0,0.0
2025-11-28 02:00:00,-2.6,100,99,6.8,0.0,0.0,0.0
2025-11-28 03:00:00,-2.2,100,99,6.5,0.0,0.0,0.0
2025-11-28 04:00:00,-2.3,100,99,5.0,0.0,0.0,0.0
2025-11-28 05:00:00,-2.7,100,99,4.9,0.0,0.0,0.0
2025-11-28 06:00:00,-3.0,100,98,6.4,0.0,0.0,0.0
2025-11-28 07:00:00,-3.3,100,99,7.1,0.0,0.0,0.0
2025-11-28 08:00:00,-3.9,100,98,8.0,0.0,0.0,0.0
2025-11-28 09:00:00,-3.9,100,98,8.1,0.0,0.0,29.8
2025-11-28 10:00:00,-3.7,100,96,7.9,0.0,0.0,94.6
2025-11-28 11:00:00,-3.1,100,98,8.3,0.0,0.0,151.7
2025-11-28 12:00:00,-2.2,100,95,9.3,0.0,0.0,183.4
2025-11-28 13:00:00,-1.4,97,91,8.7,0.0,0.0,179.4
2025-11-28 14:00:00,-0.9,99,92,8.9,0.0,0.0,190.1
2025-11-28 15:00:00,-0.8,89,91,7.4,0.0,0.0,119.7
2025-11-28 16:00:00,-1.2,100,92,6.4,0.0,0.0,49.3
2025-11-28 17:00:00,-1.3,99,93,6.5,0.0,0.0,0.0
2025-11-28 18:00:00,-1.7,100,95,9.1,0.0,0.0,0.0
2025-11-28 19:00:00,-1.7,100,96,8.6,0.0,0.0,0.0
2025-11-28 20:00:00,-1.6,100,99,9.8,0.0,0.0,0.0
2025-11-28 21:00:00,-1.7,100,99,10.0,0.0,0.0,0.0
2025-11-28 22:00:00,-1.6,100,97,9.2,0.0,0.0,0.0
2025-11-28 23:00:00,-1.7,100,98,6.6,0.0,0.0,0.0
2025-11-29 00:00:00,-1.8,100,99,7.6,0.0,0.0,0.0
2025-11-29 01:00:00,-2.2,100,99,7.2,0.0,0.0,0.0
2025-11-29 02:00:00,-2.4,100,97,7.2,0.0,0.0,0.0
2025-11-29 03:00:00,-2.7,100,97,6.0,0.0,0.0,0.0
2025-11-29 04:00:00,-3.1,100,97,5.9,0.0,0.0,0.0
2025-11-29 05:00:00,-3.5,100,98,6.5,0.0,0.0,0.0
2025-11-29 06:00:00,-3.9,100,97,6.4,0.0,0.0,0.0
2025-11-29 07:00:00,-4.0,97,95,6.0,0.0,0.0,0.0
2025-11-29 08:00:00,-3.7,99,96,7.2,0.0,0.0,0.0
2025-11-29 09:00:00,-3.4,100,95,7.4,0.0,0.0,31.0
2025-11-29 10:00:00,-1.8,100,94,8.1,0.0,0.0,102.3
2025-11-29 11:00:00,-0.4,96,93,8.8,0.0,0.0,169.5
2025-11-29 12:00:00,0.5,74,89,6.2,0.0,0.0,238.7
2025-11-29 13:00:00,1.0,42,88,2.4,0.0,0.0,286.6
2025-11-29 14:00:00,1.2,100,89,6.4,0.0,0.0,251.9
2025-11-29 15:00:00,1.2,100,89,2.7,0.0,0.0,98.9
2025-11-29 16:00:00,0.9,100,91,1.9,0.0,0.0,34.0
2025-11-29 17:00:00,0.5,100,92,0.6,0.0,0.0,0.0
2025-11-29 18:00:00,0.2,100,93,3.0,0.0,0.0,0.0
2025-11-29 19:00:00,0.3,100,95,5.5,0.0,0.0,0.0
2025-11-29 20:00:00,0.3,100,96,1.0,0.0,0.0,0.0
2025-11-29 21:00:00,0.3,100,96,0.3,0.0,0.0,0.0
2025-11-29 22:00:00,0.2,100,97,3.1,0.0,0.0,0.0
2025-11-29 23:00:00,0.1,100,97,4.0,0.0,0.0,0.0
2025-11-30 00:00:00,-0.1,100,97,5.1,0.0,0.0,0.0
2025-11-30 01:00:00,-0.3,100,97,5.9,0.0,0.0,0.0
2025-11-30 02:00:00,-0.5,100,94,4.9,0.0,0.0,0.0
2025-11-30 03:00:00,-0.6,100,94,6.3,0.0,0.0,0.0
2025-11-30 04:00:00,-0.8,95,95,4.7,0.0,0.0,0.0
2025-11-30 05:00:00,-1.8,98,96,4.2,0.0,0.0,0.0
2025-11-30 06:00:00,-2.1,100,97,7.0,0.0,0.0,0.0
2025-11-30 07:00:00,-2.1,100,99,6.7,0.0,0.0,0.0
2025-11-30 08:00:00,-1.9,100,100,7.3,0.0,0.0,0.0
2025-11-30 09:00:00,-1.7,100,100,6.4,0.0,0.0,14.4
2025-11-30 10:00:00,-1.0,100,96,4.8,0.0,0.0,42.3
2025-11-30 11:00:00,0.0,100,94,4.0,0.0,0.0,86.1
2025-11-30 12:00:00,0.7,100,92,4.0,0.0,0.0,99.8
2025-11-30 13:00:00,1.0,100,92,2.2,0.0,0.0,98.2
2025-11-30 14:00:00,0.6,100,90,2.4,0.0,0.0,99.6
2025-11-30 15:00:00,0.6,100,91,2.3,0.0,0.0,64.2
2025-11-30 16:00:00,0.6,100,92,3.1,0.0,0.0,23.7
2025-11-30 17:00:00,0.4,100,93,4.2,0.0,0.0,0.0
2025-11-30 18:00:00,-0.2,93,92,5.0,0.0,0.0,0.0
2025-11-30 19:00:00,-1.2,66,93,4.2,0.0,0.0,0.0
2025-11-30 20:00:00,-1.8,59,93,5.7,0.0,0.0,0.0
2025-11-30 21:00:00,-2.4,45,95,5.0,0.0,0.0,0.0
2025-11-30 22:00:00,-2.6,48,95,4.5,0.0,0.0,0.0
2025-11-30 23:00:00,-2.8,64,97,3.9,0.0,0.0,0.0
2025-12-01 00:00:00,-2.4,100,99,4.3,0.0,0.0,0.0
2025-12-01 01:00:00,-1.8,100,98,5.9,0.0,0.0,0.0
2025-12-01 02:00:00,-2.0,100,98,5.9,0.0,0.0,0.0
2025-12-01 03:00:00,-1.4,100,97,6.6,0.0,0.0,0.0
2025-12-01 04:00:00,-0.7,100,99,8.1,0.0,0.0,0.0
2025-12-01 05:00:00,-0.7,100,99,8.3,0.0,0.0,0.0
2025-12-01 06:00:00,-0.7,100,99,6.3,0.0,0.0,0.0
2025-12-01 07:00:00,-0.8,100,99,6.2,0.0,0.0,0.0
2025-12-01 08:00:00,-1.2,100,99,6.7,0.0,0.0,0.0
2025-12-01 09:00:00,-1.2,100,99,7.7,0.0,0.0,7.5
2025-12-01 10:00:00,-1.2,100,100,7.9,0.0,0.0,22.7
2025-12-01 11:00:00,-0.8,100,100,6.8,0.0,0.0,49.0
2025-12-01 12:00:00,-0.3,100,99,6.6,0.0,0.0,52.1
2025-12-01 13:00:00,0.2,100,97,5.5,0.0,0.0,62.5
2025-12-01 14:00:00,0.7,100,98,6.3,0.0,0.0,46.1
2025-12-01 15:00:00,0.6,100,98,4.7,0.0,0.0,28.8
2025-12-01 16:00:00,0.6,100,98,3.8,0.1,0.0,9.4
2025-12-01 17:00:00,0.6,100,98,3.1,0.1,0.0,0.0
2025-12-01 18:00:00,0.5,100,99,2.3,0.0,0.0,0.0
2025-12-01 19:00:00,0.5,100,99,1.9,0.0,0.0,0.0
2025-12-01 20:00:00,0.7,100,99,3.0,0.0,0.0,0.0
2025-12-01 21:00:00,0.8,100,99,4.6,0.0,0.0,0.0
2025-12-01 22:00:00,0.8,100,99,5.0,0.0,0.0,0.0
2025-12-01 23:00:00,0.1,100,99,3.4,0.0,0.0,0.0
2025-12-02 00:00:00,0.2,100,99,4.8,0.0,0.0,0.0
2025-12-02 01:00:00,-0.4,100,100,7.0,0.0,0.0,0.0
2025-12-02 02:00:00,-0.4,100,100,7.3,0.0,0.0,0.0
2025-12-02 03:00:00,0.0,100,99,7.4,0.0,0.0,0.0
2025-12-02 04:00:00,0.5,100,99,7.0,0.0,0.0,0.0
2025-12-02 05:00:00,0.7,100,99,7.0,0.0,0.0,0.0
2025-12-02 06:00:00,0.6,100,100,6.8,0.0,0.0,0.0
2025-12-02 07:00:00,0.4,100,100,6.6,0.0,0.0,0.0
2025-12-02 08:00:00,0.3,100,100,8.0,0.0,0.0,0.0
2025-12-02 09:00:00,0.2,100,99,9.0,0.0,0.0,15.7
2025-12-02 10:00:00,0.5,100,99,7.5,0.0,0.0,55.9
2025-12-02 11:00:00,1.0,100,98,5.6,0.0,0.0,85.3
2025-12-02 12:00:00,1.4,100,98,4.5,0.0,0.0,116.0
2025-12-02 13:00:00,1.7,100,97,2.7,0.0,0.0,128.1
2025-12-02 14:00:00,1.8,100,99,2.5,0.0,0.0,88.5
2025-12-02 15:00:00,1.9,100,98,2.2,0.0,0.0,60.0
2025-12-02 16:00:00,1.5,100,100,4.9,0.0,0.0,21.1
2025-12-02 17:00:00,0.9,100,100,6.4,0.0,0.0,0.0
2025-12-02 18:00:00,0.7,100,100,6.8,0.0,0.0,0.0
2025-12-02 19:00:00,0.5,100,100,7.7,0.0,0.0,0.0
2025-12-02 20:00:00,1.0,100,100,8.1,0.0,0.0,0.0
2025-12-02 21:00:00,0.8,100,100,7.1,0.0,0.0,0.0
2025-12-02 22:00:00,0.6,100,100,5.4,0.0,0.0,0.0
2025-12-02 23:00:00,0.2,100,99,4.2,0.0,0.0,0.0
2025-12-03 00:00:00,0.2,100,100,4.3,0.0,0.0,0.0
2025-12-03 01:00:00,0.1,100,100,4.8,0.0,0.0,0.0
2025-12-03 02:00:00,0.6,100,100,6.6,0.0,0.0,0.0
2025-12-03 03:00:00,0.3,100,100,8.0,0.0,0.0,0.0
2025-12-03 04:00:00,0.2,100,100,9.3,0.0,0.0,0.0
2025-12-03 05:00:00,0.1,100,100,9.4,0.0,0.0,0.0
2025-12-03 06:00:00,0.1,100,100,8.7,0.0,0.0,0.0
2025-12-03 07:00:00,0.1,100,100,8.6,0.0,0.0,0.0
2025-12-03 08:00:00,-0.2,100,99,7.8,0.0,0.0,0.0
2025-12-03 09:00:00,-0.2,100,100,7.7,0.0,0.0,16.5
2025-12-03 10:00:00,0.0,100,99,5.9,0.0,0.0,70.7
2025-12-03 11:00:00,0.3,100,98,4.3,0.0,0.0,106.6
2025-12-03 12:00:00,0.9,100,97,2.9,0.0,0.0,144.9
2025-12-03 13:00:00,1.3,100,96,3.7,0.0,0.0,141.0
2025-12-03 14:00:00,1.9,100,98,6.4,0.0,0.0,140.2
2025-12-03 15:00:00,2.0,100,97,4.7,0.0,0.0,73.1
2025-12-03 16:00:00,1.7,100,98,4.2,0.1,0.0,26.8
2025-12-03 17:00:00,1.0,100,100,5.5,0.0,0.0,0.0
2025-12-03 18:00:00,0.7,100,100,6.0,0.0,0.0,0.0
2025-12-03 19:00:00,0.3,100,100,6.1,0.0,0.0,0.0
2025-12-03 20:00:00,0.8,100,100,8.3,0.0,0.0,0.0
2025-12-03 21:00:00,0.7,100,100,6.3,0.0,0.0,0.0
2025-12-03 22:00:00,0.3,100,100,4.5,0.0,0.0,0.0
2025-12-03 23:00:00,0.1,100,100,2.7,0.0,0.0,0.0
2025-12-04 00:00:00,-0.2,100,100,1.7,0.0,0.0,0.0
2025-12-04 01:00:00,-0.4,100,99,2.0,0.0,0.0,0.0
2025-12-04 02:00:00,-0.4,100,99,3.8,0.0,0.0,0.0
2025-12-04 03:00:00,-0.3,100,99,6.2,0.0,0.0,0.0
2025-12-04 04:00:00,-0.4,100,99,7.1,0.0,0.0,0.0
2025-12-04 05:00:00,-0.3,100,98,7.9,0.0,0.0,0.0
2025-12-04 06:00:00,-0.4,100,99,9.0,0.0,0.0,0.0
2025-12-04 07:00:00,-0.6,100,98,9.6,0.0,0.0,0.0
2025-12-04 08:00:00,-1.0,100,99,9.8,0.0,0.0,0.0
2025-12-04 09:00:00,-0.9,100,99,9.1,0.0,0.0,17.3
2025-12-04 10:00:00,-0.3,100,99,9.1,0.0,0.0,72.7
2025-12-04 11:00:00,1.2,97,95,9.3,0.0,0.0,150.2
2025-12-04 12:00:00,3.0,79,91,7.7,0.0,0.0,211.1
2025-12-04 13:00:00,4.0,89,90,6.5,0.0,0.0,258.4
2025-12-04 14:00:00,5.0,96,84,7.5,0.0,0.0,217.6
2025-12-04 15:00:00,5.0,98,85,6.1,0.0,0.0,148.5
2025-12-04 16:00:00,3.6,87,88,7.3,0.0,0.0,52.7
2025-12-04 17:00:00,2.5,86,90,8.2,0.0,0.0,0.0
2025-12-04 18:00:00,1.5,91,92,8.7,0.0,0.0,0.0
2025-12-04 19:00:00,0.6,100,94,8.5,0.0,0.0,0.0
2025-12-04 20:00:00,0.6,99,96,9.4,0.0,0.0,0.0
2025-12-04 21:00:00,0.3,100,97,9.3,0.0,0.0,0.0
2025-12-04 22:00:00,0.2,97,98,10.3,0.0,0.0,0.0
2025-12-04 23:00:00,0.5,100,98,9.6,0.0,0.0,0.0
2025-12-05 00:00:00,1.7,100,96,10.0,0.0,0.0,0.0
2025-12-05 01:00:00,2.3,99,98,10.9,0.0,0.0,0.0
2025-12-05 02:00:00,2.6,100,98,10.9,0.0,0.0,0.0
2025-12-05 03:00:00,2.8,100,97,10.9,0.0,0.0,0.0
2025-12-05 04:00:00,3.1,100,98,11.9,0.4,0.0,0.0
2025-12-05 05:00:00,3.4,100,97,11.9,0.7,0.0,0.0
2025-12-05 06:00:00,3.7,100,97,11.1,0.8,0.0,0.0
2025-12-05 07:00:00,3.8,100,97,11.3,0.3,0.0,0.0
2025-12-05 08:00:00,4.1,100,96,13.0,0.4,0.0,0.0
2025-12-05 09:00:00,4.3,100,95,12.0,0.0,0.0,9.1
2025-12-05 10:00:00,4.5,100,94,12.7,0.0,0.0,16.1
2025-12-05 11:00:00,4.8,100,93,10.8,0.0,0.0,29.4
2025-12-05 12:00:00,5.6,100,91,10.1,0.0,0.0,71.5
2025-12-05 13:00:00,6.8,100,86,7.5,0.0,0.0,154.1
2025-12-05 14:00:00,7.5,70,84,7.2,0.0,0.0,189.1
2025-12-05 15:00:00,7.9,92,83,6.4,0.0,0.0,146.8
2025-12-05 16:00:00,6.9,100,87,6.3,0.0,0.0,48.4
2025-12-05 17:00:00,5.5,100,91,8.9,0.0,0.0,0.0
2025-12-05 18:00:00,4.9,100,93,9.4,0.0,0.0,0.0
2025-12-05 19:00:00,4.8,100,94,8.1,0.1,0.0,0.0
2025-12-05 20:00:00,4.8,100,95,7.8,0.3,0.0,0.0
2025-12-05 21:00:00,4.6,100,96,4.5,0.0,0.0,0.0
2025-12-05 22:00:00,4.4,100,96,3.6,0.0,0.0,0.0
2025-12-05 23:00:00,4.6,100,96,4.6,0.3,0.0,0.0
2025-12-06 00:00:00,4.4,100,98,4.2,0.5,0.0,0.0
2025-12-06 01:00:00,4.4,100,99,4.4,0.2,0.0,0.0
2025-12-06 02:00:00,4.5,100,98,6.9,0.1,0.0,0.0
2025-12-06 03:00:00,4.6,100,98,5.6,0.0,0.0,0.0
2025-12-06 04:00:00,4.6,100,98,3.9,0.1,0.0,0.0
2025-12-06 05:00:00,4.4,100,98,1.9,0.2,0.0,0.0
2025-12-06 06:00:00,4.3,100,98,2.0,0.0,0.0,0.0
2025-12-06 07:00:00,4.2,100,99,4.3,0.0,0.0,0.0
2025-12-06 08:00:00,4.4,100,99,6.9,0.0,0.0,0.0
2025-12-06 09:00:00,4.2,100,99,6.2,0.0,0.0,23.8
2025-12-06 10:00:00,4.8,100,98,6.9,0.0,0.0,62.1
2025-12-06 11:00:00,6.0,100,96,6.2,0.0,0.0,113.2
2025-12-06 12:00:00,7.1,100,92,5.8,0.0,0.0,179.5
2025-12-06 13:00:00,7.9,100,92,5.2,0.0,0.0,203.9
2025-12-06 14:00:00,8.2,95,88,7.1,0.0,0.0,101.5
2025-12-06 15:00:00,8.1,100,86,9.3,0.0,0.0,90.1
2025-12-06 16:00:00,7.1,100,88,8.8,0.0,0.0,20.6
2025-12-06 17:00:00,5.9,100,90,9.5,0.0,0.0,0.0
2025-12-06 18:00:00,5.0,100,91,9.4,0.0,0.0,0.0
2025-12-06 19:00:00,4.5,100,92,8.4,0.0,0.0,0.0
2025-12-06 20:00:00,4.5,99,94,8.8,0.1,0.0,0.0
2025-12-06 21:00:00,4.4,100,95,8.0,0.0,0.0,0.0
2025-12-06 22:00:00,4.8,100,95,7.7,0.1,0.0,0.0
2025-12-06 23:00:00,4.8,100,96,7.1,0.0,0.0,0.0
2025-12-07 00:00:00,5.3,100,95,8.6,0.0,0.0,0.0
2025-12-07 01:00:00,5.8,100,95,10.1,0.0,0.0,0.0
2025-12-07 02:00:00,5.8,100,97,10.8,0.0,0.0,0.0
2025-12-07 03:00:00,5.9,100,97,10.3,0.0,0.0,0.0
2025-12-07 04:00:00,5.6,99,98,9.6,0.0,0.0,0.0
2025-12-07 05:00:00,5.3,100,97,10.6,0.0,0.0,0.0
2025-12-07 06:00:00,4.8,89,97,10.6,0.0,0.0,0.0
2025-12-07 07:00:00,4.3,76,97,9.9,0.0,0.0,0.0
2025-12-07 08:00:00,3.8,41,97,8.4,0.0,0.0,0.0
2025-12-07 09:00:00,3.5,91,97,8.1,0.0,0.0,25.0
2025-12-07 10:00:00,4.4,91,95,8.9,0.0,0.0,90.9
2025-12-07 11:00:00,5.6,99,90,9.7,0.0,0.0,177.2
2025-12-07 12:00:00,6.4,98,89,10.7,0.0,0.0,205.3
2025-12-07 13:00:00,7.3,83,85,8.3,0.0,0.0,227.9
2025-12-07 14:00:00,7.7,77,84,9.8,0.0,0.0,212.2
2025-12-07 15:00:00,7.7,35,84,7.6,0.0,0.0,115.5
2025-12-07 16:00:00,6.9,16,88,5.8,0.0,0.0,45.1
2025-12-07 17:00:00,5.7,22,91,7.2,0.0,0.0,0.0
2025-12-07 18:00:00,5.0,13,93,8.8,0.0,0.0,0.0
2025-12-07 19:00:00,4.5,3,94,9.2,0.0,0.0,0.0
2025-12-07 20:00:00,5.0,92,97,8.4,0.0,0.0,0.0
2025-12-07 21:00:00,5.2,99,98,9.2,0.0,0.0,0.0
2025-12-07 22:00:00,5.0,20,98,10.3,0.0,0.0,0.0
2025-12-07 23:00:00,4.2,82,99,10.5,0.0,0.0,0.0
2025-12-08 00:00:00,4.0,98,99,10.1,0.0,0.0,0.0
2025-12-08 01:00:00,4.0,100,100,9.7,0.0,0.0,0.0
2025-12-08 02:00:00,3.4,68,98,10.3,0.0,0.0,0.0
2025-12-08 03:00:00,3.7,100,98,9.5,0.0,0.0,0.0
2025-12-08 04:00:00,3.4,97,98,10.4,0.0,0.0,0.0
2025-12-08 05:00:00,3.4,91,98,10.1,0.0,0.0,0.0
2025-12-08 06:00:00,3.1,100,98,9.5,0.0,0.0,0.0
2025-12-08 07:00:00,3.4,100,98,10.3,0.0,0.0,0.0
2025-12-08 08:00:00,3.4,100,98,10.8,0.0,0.0,0.0
2025-12-08 09:00:00,3.6,100,98,11.2,0.0,0.0,21.0
2025-12-08 10:00:00,4.9,100,95,12.1,0.0,0.0,64.6
2025-12-08 11:00:00,6.4,100,91,12.2,0.0,0.0,130.2
2025-12-08 12:00:00,6.8,100,88,14.2,0.0,0.0,62.1
2025-12-08 13:00:00,7.7,100,84,15.6,0.0,0.0,91.6
2025-12-08 14:00:00,8.4,95,81,16.8,0.0,0.0,45.2
2025-12-08 15:00:00,8.7,100,81,16.8,0.0,0.0,126.1
2025-12-08 16:00:00,8.1,100,84,14.0,0.0,0.0,19.4
2025-12-08 17:00:00,7.5,100,87,13.2,0.0,0.0,0.0
2025-12-08 18:00:00,7.4,99,87,12.9,0.0,0.0,0.0
2025-12-08 19:00:00,6.9,99,90,13.1,0.0,0.0,0.0
2025-12-08 20:00:00,6.2,93,94,14.0,0.0,0.0,0.0
2025-12-08 21:00:00,6.1,95,95,14.6,0.0,0.0,0.0
2025-12-08 22:00:00,6.0,100,96,14.8,0.0,0.0,0.0
2025-12-08 23:00:00,6.1,88,96,15.3,0.0,0.0,0.0
2025-12-09 00:00:00,6.2,99,97,14.9,0.0,0.0,0.0
2025-12-09 01:00:00,6.4,98,97,15.2,0.0,0.0,0.0
2025-12-09 02:00:00,6.7,100,96,15.8,0.0,0.0,0.0
2025-12-09 03:00:00,7.2,100,96,19.0,0.0,0.0,0.0
2025-12-09 04:00:00,7.3,100,97,18.7,0.0,0.0,0.0
2025-12-09 05:00:00,7.6,100,97,17.6,0.0,0.0,0.0
2025-12-09 06:00:00,7.9,100,97,18.7,0.0,0.0,0.0
2025-12-09 07:00:00,8.0,100,97,17.9,0.1,0.0,0.0
2025-12-09 08:00:00,8.7,100,96,20.2,0.1,0.0,0.0
2025-12-09 09:00:00,9.0,100,94,21.0,0.0,0.0,16.6
2025-12-09 10:00:00,9.4,100,90,19.7,0.0,0.0,57.5
2025-12-09 11:00:00,9.6,100,88,18.0,0.0,0.0,96.1
2025-12-09 12:00:00,10.1,100,85,15.9,0.0,0.0,126.4
2025-12-09 13:00:00,10.2,100,84,14.3,0.0,0.0,154.4
2025-12-09 14:00:00,10.5,100,85,14.8,0.0,0.0,100.6
2025-12-09 15:00:00,10.1,100,87,14.7,0.0,0.0,92.5
2025-12-09 16:00:00,9.5,100,89,12.6,0.0,0.0,33.5
2025-12-09 17:00:00,8.8,100,92,12.1,0.0,0.0,0.0
2025-12-09 18:00:00,8.4,100,92,12.6,0.0,0.0,0.0
2025-12-09 19:00:00,8.0,100,93,12.1,0.0,0.0,0.0
2025-12-09 20:00:00,8.5,100,93,11.7,0.0,0.0,0.0
2025-12-09 21:00:00,8.4,100,94,11.5,0.1,0.0,0.0
2025-12-09 22:00:00,8.2,100,94,11.4,0.1,0.0,0.0
2025-12-09 23:00:00,8.0,100,95,10.5,0.0,0.0,0.0
2025-12-10 00:00:00,7.9,100,95,10.7,0.0,0.0,0.0
2025-12-10 01:00:00,7.8,100,95,11.0,0.0,0.0,0.0
2025-12-10 02:00:00,8.1,100,94,12.2,0.0,0.0,0.0
2025-12-10 03:00:00,7.7,100,94,13.2,0.0,0.0,0.0
2025-12-10 04:00:00,6.9,100,95,12.7,0.0,0.0,0.0
2025-12-10 05:00:00,6.5,100,96,13.5,0.0,0.0,0.0
2025-12-10 06:00:00,6.3,100,96,13.9,0.0,0.0,0.0
2025-12-10 07:00:00,5.9,89,96,13.1,0.0,0.0,0.0
2025-12-10 08:00:00,6.2,93,97,11.2,0.0,0.0,0.0
2025-12-10 09:00:00,5.9,96,98,10.8,0.0,0.0,17.4
2025-12-10 10:00:00,6.4,60,95,10.7,0.0,0.0,82.4
2025-12-10 11:00:00,7.4,18,90,9.6,0.0,0.0,159.3
2025-12-10 12:00:00,8.6,64,85,8.4,0.0,0.0,234.8
2025-12-10 13:00:00,9.6,14,81,7.5,0.0,0.0,248.1
2025-12-10 14:00:00,10.0,0,80,8.0,0.0,0.0,214.1
2025-12-10 15:00:00,9.9,29,80,7.9,0.0,0.0,144.9
2025-12-10 16:00:00,8.8,94,81,8.4,0.0,0.0,50.5
2025-12-10 17:00:00,7.3,8,86,9.6,0.0,0.0,0.0
2025-12-10 18:00:00,6.1,0,90,9.6,0.0,0.0,0.0
2025-12-10 19:00:00,5.3,1,92,9.3,0.0,0.0,0.0
2025-12-10 20:00:00,5.1,0,93,9.6,0.0,0.0,0.0
2025-12-10 21:00:00,4.7,1,94,10.1,0.0,0.0,0.0
2025-12-10 22:00:00,4.4,14,95,10.0,0.0,0.0,0.0
2025-12-10 23:00:00,4.2,69,96,9.7,0.0,0.0,0.0
2025-12-11 00:00:00,4.0,73,97,10.1,0.0,0.0,0.0
2025-12-11 01:00:00,3.8,73,98,9.6,0.0,0.0,0.0
2025-12-11 02:00:00,3.8,99,97,8.3,0.0,0.0,0.0
2025-12-11 03:00:00,4.3,100,97,8.5,0.0,0.0,0.0
2025-12-11 04:00:00,4.6,100,96,8.9,0.1,0.0,0.0
2025-12-11 05:00:00,4.8,100,96,8.5,0.2,0.0,0.0
2025-12-11 06:00:00,5.0,100,97,8.4,0.4,0.0,0.0
2025-12-11 07:00:00,5.2,100,99,8.0,0.4,0.0,0.0
2025-12-11 08:00:00,5.4,100,98,7.7,0.2,0.0,0.0
2025-12-11 09:00:00,5.5,100,99,8.4,0.1,0.0,6.1
2025-12-11 10:00:00,6.3,100,97,9.2,0.0,0.0,49.2
2025-12-11 11:00:00,7.1,100,96,8.7,0.0,0.0,85.8
2025-12-11 12:00:00,7.8,100,94,9.4,0.0,0.0,106.3
2025-12-11 13:00:00,8.4,100,92,10.4,0.0,0.0,108.7
2025-12-11 14:00:00,8.3,100,95,10.3,0.0,0.0,64.6
2025-12-11 15:00:00,8.4,49,95,8.5,0.0,0.0,47.5
2025-12-11 16:00:00,7.8,45,97,8.9,0.0,0.0,36.2
2025-12-11 17:00:00,6.8,79,97,9.3,0.0,0.0,0.0
2025-12-11 18:00:00,6.0,66,98,9.3,0.0,0.0,0.0
2025-12-11 19:00:00,5.2,48,99,10.7,0.0,0.0,0.0
2025-12-11 20:00:00,5.8,98,98,12.7,0.0,0.0,0.0
2025-12-11 21:00:00,5.4,98,98,11.4,0.0,0.0,0.0
2025-12-11 22:00:00,5.2,100,98,10.5,0.0,0.0,0.0
2025-12-11 23:00:00,5.5,100,98,10.4,0.0,0.0,0.0
2025-12-12 00:00:00,5.3,100,97,10.2,0.0,0.0,0.0
2025-12-12 01:00:00,4.9,100,97,10.0,0.0,0.0,0.0
2025-12-12 02:00:00,5.0,100,97,9.5,0.0,0.0,0.0
2025-12-12 03:00:00,4.9,98,97,9.4,0.0,0.0,0.0
2025-12-12 04:00:00,4.1,28,97,9.8,0.0,0.0,0.0
2025-12-12 05:00:00,3.6,4,96,10.5,0.0,0.0,0.0
2025-12-12 06:00:00,3.4,64,96,11.3,0.0,0.0,0.0
2025-12-12 07:00:00,3.3,41,96,11.2,0.0,0.0,0.0
2025-12-12 08:00:00,3.0,12,97,11.8,0.0,0.0,0.0
2025-12-12 09:00:00,2.5,20,98,10.4,0.0,0.0,19.2
2025-12-12 10:00:00,3.0,24,98,10.1,0.0,0.0,99.1
2025-12-12 11:00:00,4.2,32,94,9.4,0.0,0.0,187.4
2025-12-12 12:00:00,5.5,7,90,7.1,0.0,0.0,249.2
2025-12-12 13:00:00,6.2,3,88,8.2,0.0,0.0,260.3
2025-12-12 14:00:00,6.2,9,86,9.4,0.0,0.0,225.3
2025-12-12 15:00:00,6.1,10,86,9.5,0.0,0.0,149.8
2025-12-12 16:00:00,5.4,0,89,8.6,0.0,0.0,52.1
2025-12-12 17:00:00,4.2,0,91,8.0,0.0,0.0,0.0
2025-12-12 18:00:00,3.5,0,92,7.3,0.0,0.0,0.0
2025-12-12 19:00:00,2.8,0,93,6.0,0.0,0.0,0.0
2025-12-12 20:00:00,2.0,0,96,5.1,0.0,0.0,0.0
2025-12-12 21:00:00,1.3,0,96,2.8,0.0,0.0,0.0
2025-12-12 22:00:00,0.9,0,98,1.2,0.0,0.0,0.0
2025-12-12 23:00:00,0.2,0,100,1.8,0.0,0.0,0.0
2025-12-13 00:00:00,-0.6,100,100,1.5,0.0,0.0,0.0
2025-12-13 01:00:00,-1.3,100,99,2.4,0.0,0.0,0.0
2025-12-13 02:00:00,-0.4,100,100,5.2,0.0,0.0,0.0
2025-12-13 03:00:00,-0.8,100,99,5.8,0.0,0.0,0.0
2025-12-13 04:00:00,-0.7,100,99,7.0,0.0,0.0,0.0
2025-12-13 05:00:00,-0.7,100,99,6.4,0.0,0.0,0.0
2025-12-13 06:00:00,-0.6,100,99,5.4,0.0,0.0,0.0
2025-12-13 07:00:00,-0.6,100,99,4.9,0.0,0.0,0.0
2025-12-13 08:00:00,-0.2,100,99,5.2,0.0,0.0,0.0
2025-12-13 09:00:00,0.0,100,99,5.4,0.0,0.0,13.5
2025-12-13 10:00:00,0.5,100,100,5.0,0.0,0.0,59.3
2025-12-13 11:00:00,1.1,100,98,7.2,0.0,0.0,111.2
2025-12-13 12:00:00,1.9,91,93,9.0,0.0,0.0,161.3
2025-12-13 13:00:00,2.9,72,89,10.6,0.0,0.0,177.6
2025-12-13 14:00:00,3.2,18,85,9.5,0.0,0.0,192.2
2025-12-13 15:00:00,3.0,48,85,9.5,0.0,0.0,139.2
2025-12-13 16:00:00,2.3,85,89,9.3,0.0,0.0,48.1
2025-12-13 17:00:00,1.3,71,92,9.9,0.0,0.0,0.0
2025-12-13 18:00:00,0.8,95,95,9.3,0.0,0.0,0.0
2025-12-13 19:00:00,0.8,100,96,9.9,0.0,0.0,0.0
2025-12-13 20:00:00,1.4,100,96,9.8,0.0,0.0,0.0
2025-12-13 21:00:00,1.6,100,95,10.0,0.0,0.0,0.0
2025-12-13 22:00:00,1.7,100,95,9.9,0.0,0.0,0.0
2025-12-13 23:00:00,1.9,100,94,9.4,0.0,0.0,0.0
2025-12-14 00:00:00,2.1,100,94,9.8,0.0,0.0,0.0
2025-12-14 01:00:00,2.0,100,94,10.2,0.0,0.0,0.0
2025-12-14 02:00:00,1.8,100,96,11.0,0.0,0.0,0.0
2025-12-14 03:00:00,1.7,100,96,11.8,0.0,0.0,0.0
2025-12-14 04:00:00,1.8,100,96,11.5,0.0,0.0,0.0
2025-12-14 05:00:00,2.0,100,95,10.9,0.0,0.0,0.0
2025-12-14 06:00:00,2.1,100,95,10.3,0.1,0.0,0.0
2025-12-14 07:00:00,2.3,100,95,10.0,0.0,0.0,0.0
2025-12-14 08:00:00,2.3,100,95,9.0,0.0,0.0,0.0
2025-12-14 09:00:00,2.5,100,95,9.1,0.0,0.0,7.1
2025-12-14 10:00:00,3.0,100,93,9.1,0.0,0.0,28.3
2025-12-14 11:00:00,3.9,100,92,9.5,0.0,0.0,75.5
2025-12-14 12:00:00,4.5,100,86,9.9,0.0,0.0,106.5
2025-12-14 13:00:00,4.6,100,84,10.3,0.0,0.0,104.8
2025-12-14 14:00:00,5.3,98,77,10.1,0.0,0.0,112.8
2025-12-14 15:00:00,4.9,98,78,9.4,0.0,0.0,91.8
2025-12-14 16:00:00,4.5,100,82,8.4,0.0,0.0,27.8
2025-12-14 17:00:00,3.9,100,87,8.1,0.0,0.0,0.0
2025-12-14 18:00:00,3.5,100,90,7.0,0.0,0.0,0.0
2025-12-14 19:00:00,2.8,28,93,8.9,0.0,0.0,0.0
2025-12-14 20:00:00,1.9,70,96,10.6,0.0,0.0,0.0
2025-12-14 21:00:00,1.7,100,98,10.8,0.0,0.0,0.0
2025-12-14 22:00:00,2.1,100,98,11.5,0.0,0.0,0.0
2025-12-14 23:00:00,2.3,100,97,12.0,0.0,0.0,0.0
2025-12-15 00:00:00,2.3,100,97,12.8,0.0,0.0,0.0
2025-12-15 01:00:00,2.4,100,96,13.3,0.0,0.0,0.0
2025-12-15 02:00:00,2.3,100,96,14.0,0.0,0.0,0.0
2025-12-15 03:00:00,2.1,100,94,13.9,0.0,0.0,0.0
2025-12-15 04:00:00,2.0,100,93,13.9,0.0,0.0,0.0
2025-12-15 05:00:00,1.7,100,93,14.8,0.0,0.0,0.0
2025-12-15 06:00:00,1.6,100,93,15.2,0.0,0.0,0.0
2025-12-15 07:00:00,1.5,100,94,14.5,0.0,0.0,0.0
2025-12-15 08:00:00,1.7,99,93,15.1,0.0,0.0,0.0
2025-12-15 09:00:00,1.4,92,93,15.3,0.0,0.0,7.4
2025-12-15 10:00:00,1.7,95,90,16.5,0.0,0.0,53.8
2025-12-15 11:00:00,2.5,82,84,18.6,0.0,0.0,134.4
2025-12-15 12:00:00,3.2,69,81,18.1,0.0,0.0,184.2
2025-12-15 13:00:00,3.8,55,79,15.1,0.0,0.0,204.8
2025-12-15 14:00:00,3.8,66,80,15.2,0.0,0.0,178.5
2025-12-15 15:00:00,3.2,56,81,12.6,0.0,0.0,117.2
2025-12-15 16:00:00,2.5,67,83,14.0,0.0,0.0,40.3
2025-12-15 17:00:00,1.7,55,85,13.2,0.0,0.0,0.0
2025-12-15 18:00:00,1.0,63,88,13.5,0.0,0.0,0.0
2025-12-15 19:00:00,0.7,79,88,13.4,0.0,0.0,0.0
2025-12-15 20:00:00,0.7,42,90,12.0,0.0,0.0,0.0
2025-12-15 21:00:00,0.2,78,91,11.3,0.0,0.0,0.0
2025-12-15 22:00:00,-0.1,92,92,11.5,0.0,0.0,0.0
2025-12-15 23:00:00,-0.3,70,93,11.1,0.0,0.0,0.0
2025-12-16 00:00:00,-0.6,99,94,11.7,0.0,0.0,0.0
2025-12-16 01:00:00,-0.7,97,94,12.6,0.0,0.0,0.0
2025-12-16 02:00:00,-0.1,100,93,11.8,0.0,0.0,0.0
2025-12-16 03:00:00,-0.3,100,94,12.4,0.0,0.0,0.0
2025-12-16 04:00:00,-0.4,100,94,11.2,0.0,0.0,0.0
2025-12-16 05:00:00,-0.5,100,92,12.2,0.0,0.0,0.0
2025-12-16 06:00:00,-0.6,76,91,10.8,0.0,0.0,0.0
2025-12-16 07:00:00,-0.9,98,92,10.3,0.0,0.0,0.0
2025-12-16 08:00:00,-0.5,100,93,9.1,0.0,0.0,0.0
2025-12-16 09:00:00,-0.4,85,93,8.4,0.0,0.0,15.6
2025-12-16 10:00:00,0.1,38,92,8.9,0.0,0.0,92.4
2025-12-16 11:00:00,1.3,99,87,6.4,0.0,0.0,182.7
2025-12-16 12:00:00,2.3,99,83,6.5,0.0,0.0,219.9
2025-12-16 13:00:00,2.8,98,81,4.2,0.0,0.0,186.9
2025-12-16 14:00:00,2.7,99,79,4.0,0.0,0.0,171.2
2025-12-16 15:00:00,2.9,100,77,3.3,0.0,0.0,123.9
2025-12-16 16:00:00,1.2,100,85,4.6,0.0,0.0,43.3
2025-12-16 17:00:00,0.3,100,87,5.9,0.0,0.0,0.0
2025-12-16 18:00:00,0.1,100,88,5.9,0.0,0.0,0.0
2025-12-16 19:00:00,-0.6,100,90,3.7,0.0,0.0,0.0
2025-12-16 20:00:00,-0.3,100,91,3.5,0.0,0.0,0.0
2025-12-16 21:00:00,-0.2,100,90,3.8,0.0,0.0,0.0
2025-12-16 22:00:00,-0.3,100,90,4.8,0.0,0.0,0.0
2025-12-16 23:00:00,-0.3,100,88,4.6,0.0,0.0,0.0
2025-12-17 00:00:00,-0.2,100,87,4.4,0.0,0.0,0.0
2025-12-17 01:00:00,-0.2,100,86,4.1,0.0,0.0,0.0
2025-12-17 02:00:00,-0.9,100,96,4.8,0.0,0.0,0.0
2025-12-17 03:00:00,-1.3,100,95,6.9,0.0,0.0,0.0
2025-12-17 04:00:00,-0.4,100,88,6.3,0.0,0.0,0.0
2025-12-17 05:00:00,0.0,100,84,5.2,0.0,0.0,0.0
2025-12-17 06:00:00,-0.4,100,84,4.2,0.0,0.0,0.0
2025-12-17 07:00:00,-0.2,98,81,2.8,0.0,0.0,0.0
2025-12-17 08:00:00,-0.6,85,86,1.0,0.0,0.0,0.0
2025-12-17 09:00:00,-0.9,95,84,5.7,0.0,0.0,16.4
2025-12-17 10:00:00,2.0,100,75,9.6,0.0,0.0,91.4
2025-12-17 11:00:00,3.6,100,67,11.1,0.0,0.0,174.6
2025-12-17 12:00:00,4.7,100,61,13.3,0.0,0.0,186.6
2025-12-17 13:00:00,5.4,100,60,11.6,0.0,0.0,236.1
2025-12-17 14:00:00,5.7,46,68,10.4,0.0,0.0,197.2
2025-12-17 15:00:00,5.2,42,69,17.7,0.0,0.0,133.8
2025-12-17 16:00:00,3.9,91,76,17.5,0.0,0.0,46.3
2025-12-17 17:00:00,3.1,64,81,17.0,0.0,0.0,0.0
2025-12-17 18:00:00,2.6,100,85,16.8,0.0,0.0,0.0
2025-12-17 19:00:00,2.6,100,86,16.2,0.0,0.0,0.0
2025-12-17 20:00:00,2.6,100,87,16.6,0.0,0.0,0.0
2025-12-17 21:00:00,2.6,100,88,15.6,0.0,0.0,0.0
2025-12-17 22:00:00,2.6,100,89,14.9,0.0,0.0,0.0
2025-12-17 23:00:00,2.5,100,90,14.4,0.0,0.0,0.0
2025-12-18 00:00:00,2.3,100,90,13.4,0.0,0.0,0.0
2025-12-18 01:00:00,2.2,100,91,12.6,0.0,0.0,0.0
2025-12-18 02:00:00,1.9,100,92,12.2,0.0,0.0,0.0
2025-12-18 03:00:00,2.0,100,91,11.8,0.0,0.0,0.0
2025-12-18 04:00:00,1.7,98,92,11.2,0.0,0.0,0.0
2025-12-18 05:00:00,1.5,74,93,10.9,0.0,0.0,0.0
2025-12-18 06:00:00,1.2,99,93,10.3,0.0,0.0,0.0
2025-12-18 07:00:00,1.1,97,94,9.4,0.0,0.0,0.0
2025-12-18 08:00:00,0.8,77,95,8.6,0.0,0.0,0.0
2025-12-18 09:00:00,0.7,15,95,8.0,0.0,0.0,8.6
2025-12-18 10:00:00,1.5,16,94,8.4,0.0,0.0,82.3
2025-12-18 11:00:00,3.0,14,88,7.7,0.0,0.0,165.2
2025-12-18 12:00:00,4.4,18,83,5.8,0.0,0.0,228.9
2025-12-18 13:00:00,5.7,25,78,5.3,0.0,0.0,242.2
2025-12-18 14:00:00,6.1,7,78,5.2,0.0,0.0,205.6
2025-12-18 15:00:00,6.0,6,79,5.4,0.0,0.0,138.9
2025-12-18 16:00:00,5.2,2,82,6.7,0.0,0.0,50.0
2025-12-18 17:00:00,4.3,1,85,8.0,0.0,0.0,0.0
2025-12-18 18:00:00,3.7,1,88,8.8,0.0,0.0,0.0
2025-12-18 19:00:00,3.2,0,90,8.7,0.0,0.0,0.0
2025-12-18 20:00:00,2.8,0,90,7.7,0.0,0.0,0.0
2025-12-18 21:00:00,2.5,0,91,8.3,0.0,0.0,0.0
2025-12-18 22:00:00,2.0,2,93,8.7,0.0,0.0,0.0
2025-12-18 23:00:00,1.7,2,94,8.9,0.0,0.0,0.0
2025-12-19 00:00:00,1.4,6,94,7.9,0.0,0.0,0.0
2025-12-19 01:00:00,1.1,10,95,7.9,0.0,0.0,0.0
2025-12-19 02:00:00,0.2,1,95,5.9,0.0,0.0,0.0
2025-12-19 03:00:00,-0.7,2,96,5.0,0.0,0.0,0.0
2025-12-19 04:00:00,-1.2,2,97,5.2,0.0,0.0,0.0
2025-12-19 05:00:00,-1.1,5,98,5.6,0.0,0.0,0.0
2025-12-19 06:00:00,-0.8,13,96,6.4,0.0,0.0,0.0
2025-12-19 07:00:00,-0.1,27,95,6.8,0.0,0.0,0.0
2025-12-19 08:00:00,0.5,29,95,7.2,0.0,0.0,0.0
2025-12-19 09:00:00,0.2,8,94,7.3,0.0,0.0,9.0
2025-12-19 10:00:00,1.2,23,94,9.1,0.0,0.0,87.7
2025-12-19 11:00:00,3.1,2,93,9.8,0.0,0.0,167.9
2025-12-19 12:00:00,4.7,2,91,10.3,0.0,0.0,232.3
2025-12-19 13:00:00,6.4,100,87,11.2,0.0,0.0,244.3
2025-12-19 14:00:00,5.9,100,94,8.5,0.0,0.0,165.9
2025-12-19 15:00:00,6.1,55,92,10.9,0.0,0.0,83.1
2025-12-19 16:00:00,5.0,14,95,11.8,0.0,0.0,43.9
2025-12-19 17:00:00,3.8,42,96,12.9,0.0,0.0,0.0
2025-12-19 18:00:00,3.2,15,98,12.2,0.0,0.0,0.0
2025-12-19 19:00:00,2.8,42,98,11.8,0.0,0.0,0.0
2025-12-19 20:00:00,2.9,51,97,13.0,0.0,0.0,0.0
2025-12-19 21:00:00,3.0,26,99,12.4,0.0,0.0,0.0
2025-12-19 22:00:00,3.0,78,99,12.7,0.0,0.0,0.0
2025-12-19 23:00:00,3.2,100,99,12.0,0.0,0.0,0.0
2025-12-20 00:00:00,3.2,100,99,11.9,0.0,0.0,0.0
2025-12-20 01:00:00,3.3,100,99,11.5,0.0,0.0,0.0
2025-12-20 02:00:00,3.0,100,99,9.6,0.0,0.0,0.0
2025-12-20 03:00:00,2.9,100,100,9.4,0.0,0.0,0.0
2025-12-20 04:00:00,2.9,100,100,8.9,0.0,0.0,0.0
2025-12-20 05:00:00,2.8,100,100,8.8,0.0,0.0,0.0
2025-12-20 06:00:00,2.5,100,100,8.8,0.0,0.0,0.0
2025-12-20 07:00:00,2.3,100,100,8.3,0.0,0.0,0.0
2025-12-20 08:00:00,2.4,100,100,7.8,0.0,0.0,0.0
2025-12-20 09:00:00,2.3,100,100,7.8,0.0,0.0,9.5
2025-12-20 10:00:00,2.4,100,99,6.5,0.0,0.0,44.1
2025-12-20 11:00:00,2.5,100,98,5.5,0.0,0.0,78.6
2025-12-20 12:00:00,3.1,100,98,5.1,0.0,0.0,115.7
2025-12-20 13:00:00,3.4,100,98,3.6,0.0,0.0,117.2
2025-12-20 14:00:00,3.5,100,96,2.4,0.0,0.0,103.0
2025-12-20 15:00:00,3.7,100,96,1.8,0.0,0.0,74.2
2025-12-20 16:00:00,3.6,100,96,1.3,0.0,0.0,27.9
2025-12-20 17:00:00,3.1,100,98,1.2,0.0,0.0,0.0
2025-12-20 18:00:00,3.2,100,98,2.7,0.0,0.0,0.0
2025-12-20 19:00:00,3.0,100,99,5.1,0.0,0.0,0.0
2025-12-20 20:00:00,3.7,100,100,6.5,0.0,0.0,0.0
2025-12-20 21:00:00,3.8,100,100,3.0,0.0,0.0,0.0
2025-12-20 22:00:00,3.8,100,100,0.6,0.0,0.0,0.0
2025-12-20 23:00:00,3.8,100,100,2.6,0.0,0.0,0.0
2025-12-21 00:00:00,3.8,100,100,4.7,0.0,0.0,0.0
2025-12-21 01:00:00,3.9,100,99,4.4,0.0,0.0,0.0
2025-12-21 02:00:00,3.7,100,98,4.7,0.0,0.0,0.0
2025-12-21 03:00:00,3.7,100,98,5.6,0.0,0.0,0.0
2025-12-21 04:00:00,3.6,100,98,2.9,0.0,0.0,0.0
2025-12-21 05:00:00,3.6,100,98,1.7,0.0,0.0,0.0
2025-12-21 06:00:00,3.6,100,99,2.7,0.0,0.0,0.0
2025-12-21 07:00:00,3.5,100,99,3.1,0.0,0.0,0.0
2025-12-21 08:00:00,3.7,100,98,4.0,0.0,0.0,0.0
2025-12-21 09:00:00,3.5,100,99,3.6,0.0,0.0,9.9
2025-12-21 10:00:00,4.1,100,97,3.2,0.0,0.0,39.4
2025-12-21 11:00:00,4.7,100,95,4.5,0.0,0.0,73.9
2025-12-21 12:00:00,5.4,100,93,3.8,0.0,0.0,94.1
2025-12-21 13:00:00,5.8,100,92,3.8,0.0,0.0,84.2
2025-12-21 14:00:00,5.8,100,94,4.8,0.0,0.0,78.0
2025-12-21 15:00:00,6.0,100,94,5.2,0.0,0.0,44.6
2025-12-21 16:00:00,5.9,100,95,4.8,0.0,0.0,15.2
2025-12-21 17:00:00,5.6,100,96,5.0,0.0,0.0,0.0
2025-12-21 18:00:00,5.4,100,96,6.7,0.0,0.0,0.0
2025-12-21 19:00:00,5.1,100,97,7.6,0.0,0.0,0.0
2025-12-21 20:00:00,4.9,100,98,7.8,0.0,0.0,0.0
2025-12-21 21:00:00,4.7,100,98,7.4,0.0,0.0,0.0
2025-12-21 22:00:00,4.3,100,98,7.3,0.0,0.0,0.0
2025-12-21 23:00:00,3.9,100,99,7.7,0.0,0.0,0.0
2025-12-22 00:00:00,3.7,100,98,8.3,0.0,0.0,0.0
2025-12-22 01:00:00,3.5,100,99,7.5,0.0,0.0,0.0
2025-12-22 02:00:00,3.8,100,98,6.8,0.0,0.0,0.0
2025-12-22 03:00:00,3.7,100,98,7.0,0.0,0.0,0.0
2025-12-22 04:00:00,3.5,100,98,6.9,0.0,0.0,0.0
2025-12-22 05:00:00,3.5,100,98,7.7,0.0,0.0,0.0
2025-12-22 06:00:00,3.4,100,98,7.5,0.0,0.0,0.0
2025-12-22 07:00:00,3.3,100,98,7.4,0.0,0.0,0.0
2025-12-22 08:00:00,3.4,100,98,7.4,0.0,0.0,0.0
2025-12-22 09:00:00,3.2,100,98,7.4,0.0,0.0,0.0
2025-12-22 10:00:00,3.3,100,97,7.2,0.0,0.0,26.4
2025-12-22 11:00:00,3.5,100,95,8.8,0.0,0.0,54.6
2025-12-22 12:00:00,3.7,100,94,8.8,0.0,0.0,65.0
2025-12-22 13:00:00,3.9,100,93,7.8,0.0,0.0,70.2
2025-12-22 14:00:00,3.8,100,95,6.4,0.0,0.0,71.5
2025-12-22 15:00:00,3.8,100,94,6.4,0.1,0.0,36.4
2025-12-22 16:00:00,3.6,100,95,6.5,0.0,0.0,12.4
2025-12-22 17:00:00,3.2,100,97,5.5,0.0,0.0,0.0
2025-12-22 18:00:00,3.0,100,97,5.4,0.0,0.0,0.0
2025-12-22 19:00:00,2.8,100,96,5.9,0.0,0.0,0.0
2025-12-22 20:00:00,3.0,100,97,5.8,0.0,0.0,0.0
2025-12-22 21:00:00,2.9,100,96,7.0,0.0,0.0,0.0
2025-12-22 22:00:00,2.7,100,95,7.0,0.0,0.0,0.0
2025-12-22 23:00:00,2.5,100,94,7.1,0.0,0.0,0.0
2025-12-23 00:00:00,2.4,100,94,7.6,0.0,0.0,0.0
2025-12-23 01:00:00,2.3,100,94,7.6,0.0,0.0,0.0
2025-12-23 02:00:00,2.1,100,94,6.4,0.0,0.0,0.0
2025-12-23 03:00:00,2.1,100,94,5.3,0.0,0.0,0.0
2025-12-23 04:00:00,2.0,100,94,5.8,0.0,0.0,0.0
2025-12-23 05:00:00,1.9,100,93,6.1,0.0,0.0,0.0
2025-12-23 06:00:00,1.7,100,93,6.5,0.0,0.0,0.0
2025-12-23 07:00:00,1.5,100,93,6.5,0.0,0.0,0.0
2025-12-23 08:00:00,1.2,100,91,8.4,0.0,0.0,0.0
2025-12-23 09:00:00,1.0,100,91,8.6,0.1,0.07,0.0
2025-12-23 10:00:00,0.9,100,90,9.7,0.1,0.07,19.9
2025-12-23 11:00:00,1.0,100,88,11.1,0.0,0.0,43.7
2025-12-23 12:00:00,1.2,100,87,11.2,0.0,0.0,50.9
2025-12-23 13:00:00,1.4,100,86,12.4,0.0,0.0,57.2
2025-12-23 14:00:00,1.2,100,87,13.0,0.0,0.0,53.0
2025-12-23 15:00:00,0.9,100,87,12.6,0.0,0.0,25.7
2025-12-23 16:00:00,0.6,100,88,13.4,0.1,0.0,8.9
2025-12-23 17:00:00,0.5,100,86,11.3,0.0,0.0,0.0
2025-12-23 18:00:00,0.4,100,85,12.9,0.0,0.0,0.0
2025-12-23 19:00:00,0.3,100,82,13.8,0.0,0.0,0.0
2025-12-23 20:00:00,0.5,100,80,14.7,0.0,0.0,0.0
2025-12-23 21:00:00,0.5,100,79,13.7,0.0,0.0,0.0
2025-12-23 22:00:00,0.5,100,81,13.1,0.0,0.0,0.0
2025-12-23 23:00:00,0.4,100,81,13.0,0.0,0.0,0.0
2025-12-24 00:00:00,0.3,100,81,12.9,0.0,0.0,0.0
2025-12-24 01:00:00,0.2,100,83,15.2,0.0,0.0,0.0
2025-12-24 02:00:00,-0.2,52,84,16.1,0.0,0.0,0.0
2025-12-24 03:00:00,-0.5,100,89,14.8,0.0,0.0,0.0
2025-12-24 04:00:00,-0.1,100,87,16.3,0.1,0.07,0.0
2025-12-24 05:00:00,-0.5,100,83,18.5,0.0,0.0,0.0
2025-12-24 06:00:00,-1.2,100,83,17.5,0.0,0.0,0.0
2025-12-24 07:00:00,-1.7,100,84,17.9,0.0,0.0,0.0
2025-12-24 08:00:00,-1.9,100,84,18.7,0.0,0.0,0.0
2025-12-24 09:00:00,-2.1,100,83,19.3,0.0,0.0,0.0
2025-12-24 10:00:00,-2.1,89,81,18.5,0.0,0.0,33.3
2025-12-24 11:00:00,-1.8,96,78,20.7,0.0,0.0,92.4
2025-12-24 12:00:00,-1.7,100,76,20.7,0.0,0.0,123.6
2025-12-24 13:00:00,-1.6,100,75,20.9,0.0,0.0,116.5
2025-12-24 14:00:00,-2.2,100,75,19.7,0.0,0.0,82.8
2025-12-24 15:00:00,-2.3,100,72,19.7,0.0,0.0,59.7
2025-12-24 16:00:00,-2.7,100,71,19.3,0.0,0.0,25.1
2025-12-24 17:00:00,-3.2,100,71,18.4,0.0,0.0,0.0
2025-12-24 18:00:00,-3.6,100,70,18.7,0.0,0.0,0.0
2025-12-24 19:00:00,-3.9,100,70,18.8,0.0,0.0,0.0
2025-12-24 20:00:00,-4.7,100,74,18.4,0.0,0.0,0.0
2025-12-24 21:00:00,-5.0,100,74,17.0,0.0,0.0,0.0
2025-12-24 22:00:00,-5.0,100,71,15.8,0.0,0.0,0.0
2025-12-24 23:00:00,-5.1,100,69,15.7,0.0,0.0,0.0
2025-12-25 00:00:00,-5.1,100,67,15.1,0.0,0.0,0.0
2025-12-25 01:00:00,-5.1,100,67,14.8,0.0,0.0,0.0
2025-12-25 02:00:00,-6.1,97,73,13.6,0.0,0.0,0.0
2025-12-25 03:00:00,-5.8,100,71,15.2,0.0,0.0,0.0
2025-12-25 04:00:00,-5.3,100,71,15.0,0.0,0.0,0.0
2025-12-25 05:00:00,-5.0,100,71,14.0,0.0,0.0,0.0
2025-12-25 06:00:00,-4.7,100,68,14.2,0.0,0.0,0.0
2025-12-25 07:00:00,-4.6,100,68,14.7,0.0,0.0,0.0
2025-12-25 08:00:00,-4.2,100,76,14.3,0.0,0.0,0.0
2025-12-25 09:00:00,-4.1,100,77,15.7,0.0,0.0,0.0
2025-12-25 10:00:00,-3.8,100,76,15.3,0.0,0.0,43.5
2025-12-25 11:00:00,-3.4,100,73,14.2,0.0,0.0,79.1
2025-12-25 12:00:00,-3.1,95,71,12.7,0.0,0.0,109.6
2025-12-25 13:00:00,-2.8,99,68,11.3,0.0,0.0,150.8
2025-12-25 14:00:00,-3.6,100,72,9.4,0.0,0.0,149.0
2025-12-25 15:00:00,-3.5,100,72,7.6,0.0,0.0,70.6
2025-12-25 16:00:00,-3.5,100,73,7.8,0.0,0.0,32.5
2025-12-25 17:00:00,-3.7,100,75,8.7,0.0,0.0,0.0
2025-12-25 18:00:00,-3.9,100,75,7.8,0.0,0.0,0.0
2025-12-25 19:00:00,-4.2,100,77,5.9,0.0,0.0,0.0
2025-12-25 20:00:00,-4.7,100,81,4.4,0.0,0.0,0.0
2025-12-25 21:00:00,-4.7,100,81,3.5,0.0,0.0,0.0
2025-12-25 22:00:00,-4.9,100,82,3.2,0.0,0.0,0.0
2025-12-25 23:00:00,-5.0,100,82,2.4,0.0,0.0,0.0
2025-12-26 00:00:00,-5.1,100,83,1.5,0.0,0.0,0.0
2025-12-26 01:00:00,-5.1,100,83,3.5,0.0,0.0,0.0
2025-12-26 02:00:00,-5.2,100,85,3.6,0.0,0.0,0.0
2025-12-26 03:00:00,-5.1,100,85,3.6,0.0,0.0,0.0
2025-12-26 04:00:00,-5.2,100,85,3.4,0.0,0.0,0.0
2025-12-26 05:00:00,-5.0,100,84,4.9,0.0,0.0,0.0
2025-12-26 06:00:00,-4.9,100,84,7.3,0.0,0.0,0.0
2025-12-26 07:00:00,-4.7,100,82,6.2,0.0,0.0,0.0
2025-12-26 08:00:00,-5.3,100,85,6.8,0.0,0.0,0.0
2025-12-26 09:00:00,-5.7,47,87,6.4,0.0,0.0,11.9
2025-12-26 10:00:00,-5.1,9,83,7.7,0.0,0.0,85.6
2025-12-26 11:00:00,-3.9,98,76,7.6,0.0,0.0,180.3
2025-12-26 12:00:00,-3.0,87,71,7.6,0.0,0.0,135.7
2025-12-26 13:00:00,-2.2,5,65,7.4,0.0,0.0,155.9
2025-12-26 14:00:00,-1.7,18,70,8.2,0.0,0.0,222.7
2025-12-26 15:00:00,-1.6,18,68,7.8,0.0,0.0,151.4
2025-12-26 16:00:00,-2.0,100,70,8.2,0.0,0.0,54.0
2025-12-26 17:00:00,-1.9,100,69,7.0,0.0,0.0,0.0
2025-12-26 18:00:00,-1.9,100,72,6.9,0.0,0.0,0.0
2025-12-26 19:00:00,-2.0,100,72,7.7,0.0,0.0,0.0
2025-12-26 20:00:00,-2.1,100,79,7.4,0.0,0.0,0.0
2025-12-26 21:00:00,-2.2,100,80,7.3,0.0,0.0,0.0
2025-12-26 22:00:00,-2.2,100,81,6.6,0.0,0.0,0.0
2025-12-26 23:00:00,-2.2,100,83,6.5,0.0,0.0,0.0
2025-12-27 00:00:00,-2.1,100,85,6.4,0.0,0.0,0.0
2025-12-27 01:00:00,-2.1,100,88,7.3,0.0,0.0,0.0
2025-12-27 02:00:00,-2.4,100,86,7.4,0.0,0.0,0.0
2025-12-27 03:00:00,-2.5,100,87,7.0,0.0,0.0,0.0
2025-12-27 04:00:00,-2.5,100,88,6.9,0.0,0.0,0.0
2025-12-27 05:00:00,-2.4,100,88,6.2,0.0,0.0,0.0
2025-12-27 06:00:00,-2.4,100,89,6.7,0.0,0.0,0.0
2025-12-27 07:00:00,-2.3,100,89,6.8,0.0,0.0,0.0
2025-12-27 08:00:00,-2.8,100,89,6.9,0.0,0.0,0.0
2025-12-27 09:00:00,-2.9,100,89,8.1,0.0,0.0,0.0
2025-12-27 10:00:00,-2.6,100,88,9.0,0.0,0.0,30.3
2025-12-27 11:00:00,-2.2,100,86,10.5,0.0,0.0,50.0
2025-12-27 12:00:00,-1.6,100,84,11.2,0.0,0.0,57.6
2025-12-27 13:00:00,-1.0,100,83,11.3,0.0,0.0,63.4
2025-12-27 14:00:00,-1.6,100,86,13.3,0.0,0.0,56.0
2025-12-27 15:00:00,-1.5,100,89,13.0,0.0,0.0,44.2
2025-12-27 16:00:00,-1.4,100,90,12.7,0.0,0.0,17.1
2025-12-27 17:00:00,-1.0,100,92,13.5,0.0,0.0,0.0
2025-12-27 18:00:00,-0.3,100,91,15.8,0.0,0.0,0.0
2025-12-27 19:00:00,0.3,100,91,17.0,0.0,0.0,0.0
2025-12-27 20:00:00,-0.3,100,94,18.7,0.0,0.0,0.0
2025-12-27 21:00:00,-1.4,100,92,19.0,0.0,0.0,0.0
2025-12-27 22:00:00,-1.4,100,91,15.0,0.1,0.07,0.0
2025-12-27 23:00:00,-1.2,100,92,15.8,0.1,0.07,0.0
2025-12-28 00:00:00,-0.9,100,94,16.3,0.0,0.0,0.0
2025-12-28 01:00:00,-0.6,100,95,15.5,0.1,0.0,0.0
2025-12-28 02:00:00,-0.9,100,97,17.7,0.1,0.0,0.0
2025-12-28 03:00:00,-0.4,100,96,17.1,0.0,0.0,0.0
2025-12-28 04:00:00,-0.1,99,93,17.1,0.0,0.0,0.0
2025-12-28 05:00:00,-0.2,100,90,18.1,0.0,0.0,0.0
2025-12-28 06:00:00,-0.5,88,88,17.9,0.0,0.0,0.0
2025-12-28 07:00:00,-1.2,28,88,17.4,0.0,0.0,0.0
2025-12-28 08:00:00,-0.8,100,85,17.5,0.0,0.0,0.0
2025-12-28 09:00:00,-0.7,100,83,17.8,0.0,0.0,0.0
2025-12-28 10:00:00,-0.3,100,81,17.8,0.0,0.0,27.0
2025-12-28 11:00:00,-0.2,99,80,14.4,0.0,0.0,56.1
2025-12-28 12:00:00,0.3,88,76,16.3,0.0,0.0,110.9
2025-12-28 13:00:00,1.0,76,67,19.0,0.0,0.0,197.3
2025-12-28 14:00:00,0.3,100,68,18.7,0.0,0.0,138.2
2025-12-28 15:00:00,0.2,100,65,19.9,0.0,0.0,59.3
2025-12-28 16:00:00,0.1,100,65,15.5,0.0,0.0,23.4
2025-12-28 17:00:00,-0.2,100,68,15.3,0.0,0.0,0.0
2025-12-28 18:00:00,-0.6,99,74,15.3,0.0,0.0,0.0
2025-12-28 19:00:00,-1.1,99,80,14.4,0.0,0.0,0.0
2025-12-28 20:00:00,-0.9,100,83,15.0,0.0,0.0,0.0
2025-12-28 21:00:00,-0.9,100,85,16.4,0.0,0.0,0.0
2025-12-28 22:00:00,-1.1,100,86,16.0,0.0,0.0,0.0
2025-12-28 23:00:00,-1.3,98,85,14.9,0.0,0.0,0.0
2025-12-29 00:00:00,-2.0,90,87,13.8,0.0,0.0,0.0
2025-12-29 01:00:00,-2.6,100,89,12.9,0.0,0.0,0.0
2025-12-29 02:00:00,-3.1,100,92,12.4,0.0,0.0,0.0
2025-12-29 03:00:00,-2.5,100,90,13.2,0.0,0.0,0.0
2025-12-29 04:00:00,-2.5,98,90,13.7,0.0,0.0,0.0
2025-12-29 05:00:00,-2.5,23,85,14.3,0.0,0.0,0.0
2025-12-29 06:00:00,-2.9,0,77,12.8,0.0,0.0,0.0
2025-12-29 07:00:00,-3.3,0,70,12.4,0.0,0.0,0.0
2025-12-29 08:00:00,-3.5,100,73,15.2,0.0,0.0,0.0
2025-12-29 09:00:00,-2.2,100,81,15.6,0.0,0.0,0.0
2025-12-29 10:00:00,-1.7,100,87,16.4,0.0,0.0,16.9
2025-12-29 11:00:00,-1.3,100,87,16.8,0.1,0.0,41.5
2025-12-29 12:00:00,-0.9,100,86,15.1,0.1,0.07,48.9
2025-12-29 13:00:00,-0.7,100,86,14.2,0.1,0.07,53.4
2025-12-29 14:00:00,-1.1,100,94,15.5,0.1,0.07,38.3
2025-12-29 15:00:00,-0.8,100,88,17.7,0.1,0.0,30.1
2025-12-29 16:00:00,-0.6,100,90,14.6,0.1,0.07,13.1
2025-12-29 17:00:00,-0.5,100,92,14.9,0.1,0.07,0.0
2025-12-29 18:00:00,-0.4,100,92,16.8,0.1,0.07,0.0
2025-12-29 19:00:00,-0.3,100,89,16.2,0.0,0.0,0.0
2025-12-29 20:00:00,-0.3,100,92,16.1,0.0,0.0,0.0
2025-12-29 21:00:00,-0.1,100,92,16.4,0.0,0.0,0.0
2025-12-29 22:00:00,0.0,100,95,14.2,0.1,0.07,0.0
2025-12-29 23:00:00,-0.1,100,96,13.3,0.3,0.14,0.0
2025-12-30 00:00:00,0.1,100,96,14.3,0.1,0.07,0.0
2025-12-30 01:00:00,0.2,100,89,17.5,0.4,0.28,0.0
2025-12-30 02:00:00,0.3,92,92,13.7,0.1,0.07,0.0
2025-12-30 03:00:00,-0.6,98,90,18.5,1.0,0.7,0.0
2025-12-30 04:00:00,-1.2,0,82,13.8,0.0,0.0,0.0
2025-12-30 05:00:00,-2.5,9,86,14.5,0.0,0.0,0.0
2025-12-30 06:00:00,-2.8,8,85,16.6,0.0,0.0,0.0
2025-12-30 07:00:00,-3.1,25,83,18.9,0.0,0.0,0.0
2025-12-30 08:00:00,-2.8,53,84,19.6,0.0,0.0,0.0
2025-12-30 09:00:00,-3.7,100,82,21.5,0.4,0.28,12.6
2025-12-30 10:00:00,-3.2,18,79,18.1,0.0,0.0,42.3
2025-12-30 11:00:00,-3.0,12,77,17.4,0.0,0.0,184.4
2025-12-30 12:00:00,-2.5,45,73,23.8,0.0,0.0,252.4
2025-12-30 13:00:00,-2.1,63,72,22.7,0.1,0.07,253.0
2025-12-30 14:00:00,-1.3,94,66,21.8,0.1,0.07,183.3
2025-12-30 15:00:00,-1.3,98,63,20.3,0.2,0.14,147.6
2025-12-30 16:00:00,-1.7,100,64,21.0,0.0,0.0,64.6
2025-12-30 17:00:00,-2.8,59,73,25.1,0.2,0.14,0.0
2025-12-30 18:00:00,-2.7,16,68,21.9,0.0,0.0,0.0
2025-12-30 19:00:00,-3.1,32,65,21.1,0.0,0.0,0.0
2025-12-30 20:00:00,-3.0,94,77,22.4,0.0,0.0,0.0
2025-12-30 21:00:00,-3.5,47,77,20.0,0.1,0.07,0.0
2025-12-30 22:00:00,-3.5,27,75,20.3,0.0,0.0,0.0
2025-12-30 23:00:00,-3.9,4,75,20.5,0.0,0.0,0.0
2025-12-31 00:00:00,-4.2,5,75,19.8,0.0,0.0,0.0
2025-12-31 01:00:00,-4.4,11,76,19.4,0.0,0.0,0.0
2025-12-31 02:00:00,-4.6,78,75,18.4,0.0,0.0,0.0
2025-12-31 03:00:00,-4.4,100,75,18.5,0.0,0.0,0.0
2025-12-31 04:00:00,-4.1,99,77,19.3,0.0,0.0,0.0
2025-12-31 05:00:00,-4.2,61,77,17.8,0.0,0.0,0.0
2025-12-31 06:00:00,-4.8,10,78,18.7,0.0,0.0,0.0
2025-12-31 07:00:00,-5.0,25,75,17.8,0.0,0.0,0.0
2025-12-31 08:00:00,-5.2,98,80,15.1,0.0,0.0,0.0
2025-12-31 09:00:00,-5.9,95,70,13.4,0.0,0.0,12.6
2025-12-31 10:00:00,-5.8,66,64,13.4,0.1,0.07,64.3
2025-12-31 11:00:00,-4.9,92,64,12.0,0.0,0.0,158.8
2025-12-31 12:00:00,-3.7,100,81,17.7,0.0,0.0,183.9
2025-12-31 13:00:00,-3.4,100,83,15.7,0.0,0.07,127.1
2025-12-31 14:00:00,-2.4,100,82,16.7,0.0,0.0,150.7
2025-12-31 15:00:00,-2.5,70,79,14.0,0.1,0.07,124.3
2025-12-31 16:00:00,-2.9,99,76,10.8,0.0,0.0,60.8
2025-12-31 17:00:00,-3.3,100,78,12.3,0.0,0.0,0.0
2025-12-31 18:00:00,-3.3,100,79,15.3,0.0,0.0,0.0
2025-12-31 19:00:00,-3.5,100,85,14.8,0.1,0.07,0.0
2025-12-31 20:00:00,-3.0,100,87,15.5,0.2,0.14,0.0
2025-12-31 21:00:00,-2.9,100,88,14.8,0.3,0.21,0.0
2025-12-31 22:00:00,-2.8,100,89,13.3,0.2,0.14,0.0
2025-12-31 23:00:00,-2.6,100,90,11.5,0.0,0.0,0.0
